todo,information_schema,sql_identifier,todo,information_schema,information_schema_catalog_name,catalog_name
todo,information_schema,sql_identifier,todo,information_schema,applicable_roles,grantee
todo,information_schema,sql_identifier,todo,information_schema,applicable_roles,role_name
todo,information_schema,yes_or_no,todo,information_schema,applicable_roles,is_grantable
todo,information_schema,sql_identifier,todo,information_schema,administrable_role_authorizations,grantee
todo,information_schema,sql_identifier,todo,information_schema,administrable_role_authorizations,role_name
todo,information_schema,yes_or_no,todo,information_schema,administrable_role_authorizations,is_grantable
todo,information_schema,sql_identifier,todo,information_schema,attributes,udt_catalog
todo,information_schema,sql_identifier,todo,information_schema,attributes,udt_schema
todo,information_schema,sql_identifier,todo,information_schema,attributes,udt_name
todo,information_schema,sql_identifier,todo,information_schema,attributes,attribute_name
todo,information_schema,cardinal_number,todo,information_schema,attributes,ordinal_position
todo,information_schema,character_data,todo,information_schema,attributes,attribute_default
todo,information_schema,yes_or_no,todo,information_schema,attributes,is_nullable
todo,information_schema,character_data,todo,information_schema,attributes,data_type
todo,information_schema,cardinal_number,todo,information_schema,attributes,character_maximum_length
todo,information_schema,cardinal_number,todo,information_schema,attributes,character_octet_length
todo,information_schema,sql_identifier,todo,information_schema,attributes,character_set_catalog
todo,information_schema,sql_identifier,todo,information_schema,attributes,character_set_schema
todo,information_schema,sql_identifier,todo,information_schema,attributes,character_set_name
todo,information_schema,sql_identifier,todo,information_schema,attributes,collation_catalog
todo,information_schema,sql_identifier,todo,information_schema,attributes,collation_schema
todo,information_schema,sql_identifier,todo,information_schema,attributes,collation_name
todo,information_schema,cardinal_number,todo,information_schema,attributes,numeric_precision
todo,information_schema,cardinal_number,todo,information_schema,attributes,numeric_precision_radix
todo,information_schema,cardinal_number,todo,information_schema,attributes,numeric_scale
todo,information_schema,cardinal_number,todo,information_schema,attributes,datetime_precision
todo,information_schema,character_data,todo,information_schema,attributes,interval_type
todo,information_schema,cardinal_number,todo,information_schema,attributes,interval_precision
todo,information_schema,sql_identifier,todo,information_schema,attributes,attribute_udt_catalog
todo,information_schema,sql_identifier,todo,information_schema,attributes,attribute_udt_schema
todo,information_schema,sql_identifier,todo,information_schema,attributes,attribute_udt_name
todo,information_schema,sql_identifier,todo,information_schema,attributes,scope_catalog
todo,information_schema,sql_identifier,todo,information_schema,attributes,scope_schema
todo,information_schema,sql_identifier,todo,information_schema,attributes,scope_name
todo,information_schema,cardinal_number,todo,information_schema,attributes,maximum_cardinality
todo,information_schema,sql_identifier,todo,information_schema,attributes,dtd_identifier
todo,information_schema,yes_or_no,todo,information_schema,attributes,is_derived_reference_attribute
todo,information_schema,sql_identifier,todo,information_schema,character_sets,character_set_catalog
todo,information_schema,sql_identifier,todo,information_schema,character_sets,character_set_schema
todo,information_schema,sql_identifier,todo,information_schema,character_sets,character_set_name
todo,information_schema,sql_identifier,todo,information_schema,character_sets,character_repertoire
todo,information_schema,sql_identifier,todo,information_schema,character_sets,form_of_use
todo,information_schema,sql_identifier,todo,information_schema,character_sets,default_collate_catalog
todo,information_schema,sql_identifier,todo,information_schema,character_sets,default_collate_schema
todo,information_schema,sql_identifier,todo,information_schema,character_sets,default_collate_name
todo,information_schema,sql_identifier,todo,information_schema,check_constraint_routine_usage,constraint_catalog
todo,information_schema,sql_identifier,todo,information_schema,check_constraint_routine_usage,constraint_schema
todo,information_schema,sql_identifier,todo,information_schema,check_constraint_routine_usage,constraint_name
todo,information_schema,sql_identifier,todo,information_schema,check_constraint_routine_usage,specific_catalog
todo,information_schema,sql_identifier,todo,information_schema,check_constraint_routine_usage,specific_schema
todo,information_schema,sql_identifier,todo,information_schema,check_constraint_routine_usage,specific_name
todo,information_schema,sql_identifier,todo,information_schema,check_constraints,constraint_catalog
todo,information_schema,sql_identifier,todo,information_schema,check_constraints,constraint_schema
todo,information_schema,sql_identifier,todo,information_schema,check_constraints,constraint_name
todo,information_schema,character_data,todo,information_schema,check_constraints,check_clause
todo,information_schema,sql_identifier,todo,information_schema,collations,collation_catalog
todo,information_schema,sql_identifier,todo,information_schema,collations,collation_schema
todo,information_schema,sql_identifier,todo,information_schema,collations,collation_name
todo,information_schema,character_data,todo,information_schema,collations,pad_attribute
todo,information_schema,sql_identifier,todo,information_schema,collation_character_set_applicability,collation_catalog
todo,information_schema,sql_identifier,todo,information_schema,collation_character_set_applicability,collation_schema
todo,information_schema,sql_identifier,todo,information_schema,collation_character_set_applicability,collation_name
todo,information_schema,sql_identifier,todo,information_schema,collation_character_set_applicability,character_set_catalog
todo,information_schema,sql_identifier,todo,information_schema,collation_character_set_applicability,character_set_schema
todo,information_schema,sql_identifier,todo,information_schema,collation_character_set_applicability,character_set_name
todo,information_schema,sql_identifier,todo,information_schema,column_column_usage,table_catalog
todo,information_schema,sql_identifier,todo,information_schema,column_column_usage,table_schema
todo,information_schema,sql_identifier,todo,information_schema,column_column_usage,table_name
todo,information_schema,sql_identifier,todo,information_schema,column_column_usage,column_name
todo,information_schema,sql_identifier,todo,information_schema,column_column_usage,dependent_column
todo,information_schema,sql_identifier,todo,information_schema,column_domain_usage,domain_catalog
todo,information_schema,sql_identifier,todo,information_schema,column_domain_usage,domain_schema
todo,information_schema,sql_identifier,todo,information_schema,column_domain_usage,domain_name
todo,information_schema,sql_identifier,todo,information_schema,column_domain_usage,table_catalog
todo,information_schema,sql_identifier,todo,information_schema,column_domain_usage,table_schema
todo,information_schema,sql_identifier,todo,information_schema,column_domain_usage,table_name
todo,information_schema,sql_identifier,todo,information_schema,column_domain_usage,column_name
todo,information_schema,sql_identifier,todo,information_schema,column_privileges,grantor
todo,information_schema,sql_identifier,todo,information_schema,column_privileges,grantee
todo,information_schema,sql_identifier,todo,information_schema,column_privileges,table_catalog
todo,information_schema,sql_identifier,todo,information_schema,column_privileges,table_schema
todo,information_schema,sql_identifier,todo,information_schema,column_privileges,table_name
todo,information_schema,sql_identifier,todo,information_schema,column_privileges,column_name
todo,information_schema,character_data,todo,information_schema,column_privileges,privilege_type
todo,information_schema,yes_or_no,todo,information_schema,column_privileges,is_grantable
todo,information_schema,sql_identifier,todo,information_schema,column_udt_usage,udt_catalog
todo,information_schema,sql_identifier,todo,information_schema,column_udt_usage,udt_schema
todo,information_schema,sql_identifier,todo,information_schema,column_udt_usage,udt_name
todo,information_schema,sql_identifier,todo,information_schema,column_udt_usage,table_catalog
todo,information_schema,sql_identifier,todo,information_schema,column_udt_usage,table_schema
todo,information_schema,sql_identifier,todo,information_schema,column_udt_usage,table_name
todo,information_schema,sql_identifier,todo,information_schema,column_udt_usage,column_name
todo,information_schema,sql_identifier,todo,information_schema,columns,table_catalog
todo,information_schema,sql_identifier,todo,information_schema,columns,table_schema
todo,information_schema,sql_identifier,todo,information_schema,columns,table_name
todo,information_schema,sql_identifier,todo,information_schema,columns,column_name
todo,information_schema,cardinal_number,todo,information_schema,columns,ordinal_position
todo,information_schema,character_data,todo,information_schema,columns,column_default
todo,information_schema,yes_or_no,todo,information_schema,columns,is_nullable
todo,information_schema,character_data,todo,information_schema,columns,data_type
todo,information_schema,cardinal_number,todo,information_schema,columns,character_maximum_length
todo,information_schema,cardinal_number,todo,information_schema,columns,character_octet_length
todo,information_schema,cardinal_number,todo,information_schema,columns,numeric_precision
todo,information_schema,cardinal_number,todo,information_schema,columns,numeric_precision_radix
todo,information_schema,cardinal_number,todo,information_schema,columns,numeric_scale
todo,information_schema,cardinal_number,todo,information_schema,columns,datetime_precision
todo,information_schema,character_data,todo,information_schema,columns,interval_type
todo,information_schema,cardinal_number,todo,information_schema,columns,interval_precision
todo,information_schema,sql_identifier,todo,information_schema,columns,character_set_catalog
todo,information_schema,sql_identifier,todo,information_schema,columns,character_set_schema
todo,information_schema,sql_identifier,todo,information_schema,columns,character_set_name
todo,information_schema,sql_identifier,todo,information_schema,columns,collation_catalog
todo,information_schema,sql_identifier,todo,information_schema,columns,collation_schema
todo,information_schema,sql_identifier,todo,information_schema,columns,collation_name
todo,information_schema,sql_identifier,todo,information_schema,columns,domain_catalog
todo,information_schema,sql_identifier,todo,information_schema,columns,domain_schema
todo,information_schema,sql_identifier,todo,information_schema,columns,domain_name
todo,information_schema,sql_identifier,todo,information_schema,columns,udt_catalog
todo,information_schema,sql_identifier,todo,information_schema,columns,udt_schema
todo,information_schema,sql_identifier,todo,information_schema,columns,udt_name
todo,information_schema,sql_identifier,todo,information_schema,columns,scope_catalog
todo,information_schema,sql_identifier,todo,information_schema,columns,scope_schema
todo,information_schema,sql_identifier,todo,information_schema,columns,scope_name
todo,information_schema,cardinal_number,todo,information_schema,columns,maximum_cardinality
todo,information_schema,sql_identifier,todo,information_schema,columns,dtd_identifier
todo,information_schema,yes_or_no,todo,information_schema,columns,is_self_referencing
todo,information_schema,yes_or_no,todo,information_schema,columns,is_identity
todo,information_schema,character_data,todo,information_schema,columns,identity_generation
todo,information_schema,character_data,todo,information_schema,columns,identity_start
todo,information_schema,character_data,todo,information_schema,columns,identity_increment
todo,information_schema,character_data,todo,information_schema,columns,identity_maximum
todo,information_schema,character_data,todo,information_schema,columns,identity_minimum
todo,information_schema,yes_or_no,todo,information_schema,columns,identity_cycle
todo,information_schema,character_data,todo,information_schema,columns,is_generated
todo,information_schema,character_data,todo,information_schema,columns,generation_expression
todo,information_schema,yes_or_no,todo,information_schema,columns,is_updatable
todo,information_schema,sql_identifier,todo,information_schema,constraint_column_usage,table_catalog
todo,information_schema,sql_identifier,todo,information_schema,constraint_column_usage,table_schema
todo,information_schema,sql_identifier,todo,information_schema,constraint_column_usage,table_name
todo,information_schema,sql_identifier,todo,information_schema,constraint_column_usage,column_name
todo,information_schema,sql_identifier,todo,information_schema,constraint_column_usage,constraint_catalog
todo,information_schema,sql_identifier,todo,information_schema,constraint_column_usage,constraint_schema
todo,information_schema,sql_identifier,todo,information_schema,constraint_column_usage,constraint_name
todo,information_schema,sql_identifier,todo,information_schema,constraint_table_usage,table_catalog
todo,information_schema,sql_identifier,todo,information_schema,constraint_table_usage,table_schema
todo,information_schema,sql_identifier,todo,information_schema,constraint_table_usage,table_name
todo,information_schema,sql_identifier,todo,information_schema,constraint_table_usage,constraint_catalog
todo,information_schema,sql_identifier,todo,information_schema,constraint_table_usage,constraint_schema
todo,information_schema,sql_identifier,todo,information_schema,constraint_table_usage,constraint_name
todo,information_schema,sql_identifier,todo,information_schema,domain_constraints,constraint_catalog
todo,information_schema,sql_identifier,todo,information_schema,domain_constraints,constraint_schema
todo,information_schema,sql_identifier,todo,information_schema,domain_constraints,constraint_name
todo,information_schema,sql_identifier,todo,information_schema,domain_constraints,domain_catalog
todo,information_schema,sql_identifier,todo,information_schema,domain_constraints,domain_schema
todo,information_schema,sql_identifier,todo,information_schema,domain_constraints,domain_name
todo,information_schema,yes_or_no,todo,information_schema,domain_constraints,is_deferrable
todo,information_schema,yes_or_no,todo,information_schema,domain_constraints,initially_deferred
todo,information_schema,sql_identifier,todo,information_schema,domain_udt_usage,udt_catalog
todo,information_schema,sql_identifier,todo,information_schema,domain_udt_usage,udt_schema
todo,information_schema,sql_identifier,todo,information_schema,domain_udt_usage,udt_name
todo,information_schema,sql_identifier,todo,information_schema,domain_udt_usage,domain_catalog
todo,information_schema,sql_identifier,todo,information_schema,domain_udt_usage,domain_schema
todo,information_schema,sql_identifier,todo,information_schema,domain_udt_usage,domain_name
todo,information_schema,sql_identifier,todo,information_schema,domains,domain_catalog
todo,information_schema,sql_identifier,todo,information_schema,domains,domain_schema
todo,information_schema,sql_identifier,todo,information_schema,domains,domain_name
todo,information_schema,character_data,todo,information_schema,domains,data_type
todo,information_schema,cardinal_number,todo,information_schema,domains,character_maximum_length
todo,information_schema,cardinal_number,todo,information_schema,domains,character_octet_length
todo,information_schema,sql_identifier,todo,information_schema,domains,character_set_catalog
todo,information_schema,sql_identifier,todo,information_schema,domains,character_set_schema
todo,information_schema,sql_identifier,todo,information_schema,domains,character_set_name
todo,information_schema,sql_identifier,todo,information_schema,domains,collation_catalog
todo,information_schema,sql_identifier,todo,information_schema,domains,collation_schema
todo,information_schema,sql_identifier,todo,information_schema,domains,collation_name
todo,information_schema,cardinal_number,todo,information_schema,domains,numeric_precision
todo,information_schema,cardinal_number,todo,information_schema,domains,numeric_precision_radix
todo,information_schema,cardinal_number,todo,information_schema,domains,numeric_scale
todo,information_schema,cardinal_number,todo,information_schema,domains,datetime_precision
todo,information_schema,character_data,todo,information_schema,domains,interval_type
todo,information_schema,cardinal_number,todo,information_schema,domains,interval_precision
todo,information_schema,character_data,todo,information_schema,domains,domain_default
todo,information_schema,sql_identifier,todo,information_schema,domains,udt_catalog
todo,information_schema,sql_identifier,todo,information_schema,domains,udt_schema
todo,information_schema,sql_identifier,todo,information_schema,domains,udt_name
todo,information_schema,sql_identifier,todo,information_schema,domains,scope_catalog
todo,information_schema,sql_identifier,todo,information_schema,domains,scope_schema
todo,information_schema,sql_identifier,todo,information_schema,domains,scope_name
todo,information_schema,cardinal_number,todo,information_schema,domains,maximum_cardinality
todo,information_schema,sql_identifier,todo,information_schema,domains,dtd_identifier
todo,information_schema,sql_identifier,todo,information_schema,enabled_roles,role_name
todo,information_schema,sql_identifier,todo,information_schema,key_column_usage,constraint_catalog
todo,information_schema,sql_identifier,todo,information_schema,key_column_usage,constraint_schema
todo,information_schema,sql_identifier,todo,information_schema,key_column_usage,constraint_name
todo,information_schema,sql_identifier,todo,information_schema,key_column_usage,table_catalog
todo,information_schema,sql_identifier,todo,information_schema,key_column_usage,table_schema
todo,information_schema,sql_identifier,todo,information_schema,key_column_usage,table_name
todo,information_schema,sql_identifier,todo,information_schema,key_column_usage,column_name
todo,information_schema,cardinal_number,todo,information_schema,key_column_usage,ordinal_position
todo,information_schema,cardinal_number,todo,information_schema,key_column_usage,position_in_unique_constraint
todo,information_schema,sql_identifier,todo,information_schema,parameters,specific_catalog
todo,information_schema,sql_identifier,todo,information_schema,parameters,specific_schema
todo,information_schema,sql_identifier,todo,information_schema,parameters,specific_name
todo,information_schema,cardinal_number,todo,information_schema,parameters,ordinal_position
todo,information_schema,character_data,todo,information_schema,parameters,parameter_mode
todo,information_schema,yes_or_no,todo,information_schema,parameters,is_result
todo,information_schema,yes_or_no,todo,information_schema,parameters,as_locator
todo,information_schema,sql_identifier,todo,information_schema,parameters,parameter_name
todo,information_schema,character_data,todo,information_schema,parameters,data_type
todo,information_schema,cardinal_number,todo,information_schema,parameters,character_maximum_length
todo,information_schema,cardinal_number,todo,information_schema,parameters,character_octet_length
todo,information_schema,sql_identifier,todo,information_schema,parameters,character_set_catalog
todo,information_schema,sql_identifier,todo,information_schema,parameters,character_set_schema
todo,information_schema,sql_identifier,todo,information_schema,parameters,character_set_name
todo,information_schema,sql_identifier,todo,information_schema,parameters,collation_catalog
todo,information_schema,sql_identifier,todo,information_schema,parameters,collation_schema
todo,information_schema,sql_identifier,todo,information_schema,parameters,collation_name
todo,information_schema,cardinal_number,todo,information_schema,parameters,numeric_precision
todo,information_schema,cardinal_number,todo,information_schema,parameters,numeric_precision_radix
todo,information_schema,cardinal_number,todo,information_schema,parameters,numeric_scale
todo,information_schema,cardinal_number,todo,information_schema,parameters,datetime_precision
todo,information_schema,character_data,todo,information_schema,parameters,interval_type
todo,information_schema,cardinal_number,todo,information_schema,parameters,interval_precision
todo,information_schema,sql_identifier,todo,information_schema,parameters,udt_catalog
todo,information_schema,sql_identifier,todo,information_schema,parameters,udt_schema
todo,information_schema,sql_identifier,todo,information_schema,parameters,udt_name
todo,information_schema,sql_identifier,todo,information_schema,parameters,scope_catalog
todo,information_schema,sql_identifier,todo,information_schema,parameters,scope_schema
todo,information_schema,sql_identifier,todo,information_schema,parameters,scope_name
todo,information_schema,cardinal_number,todo,information_schema,parameters,maximum_cardinality
todo,information_schema,sql_identifier,todo,information_schema,parameters,dtd_identifier
todo,information_schema,character_data,todo,information_schema,parameters,parameter_default
todo,information_schema,sql_identifier,todo,information_schema,referential_constraints,constraint_catalog
todo,information_schema,sql_identifier,todo,information_schema,referential_constraints,constraint_schema
todo,information_schema,sql_identifier,todo,information_schema,referential_constraints,constraint_name
todo,information_schema,sql_identifier,todo,information_schema,referential_constraints,unique_constraint_catalog
todo,information_schema,sql_identifier,todo,information_schema,referential_constraints,unique_constraint_schema
todo,information_schema,sql_identifier,todo,information_schema,referential_constraints,unique_constraint_name
todo,information_schema,character_data,todo,information_schema,referential_constraints,match_option
todo,information_schema,character_data,todo,information_schema,referential_constraints,update_rule
todo,information_schema,character_data,todo,information_schema,referential_constraints,delete_rule
todo,information_schema,sql_identifier,todo,information_schema,role_column_grants,grantor
todo,information_schema,sql_identifier,todo,information_schema,role_column_grants,grantee
todo,information_schema,sql_identifier,todo,information_schema,role_column_grants,table_catalog
todo,information_schema,sql_identifier,todo,information_schema,role_column_grants,table_schema
todo,information_schema,sql_identifier,todo,information_schema,role_column_grants,table_name
todo,information_schema,sql_identifier,todo,information_schema,role_column_grants,column_name
todo,information_schema,character_data,todo,information_schema,role_column_grants,privilege_type
todo,information_schema,yes_or_no,todo,information_schema,role_column_grants,is_grantable
todo,information_schema,sql_identifier,todo,information_schema,routine_privileges,grantor
todo,information_schema,sql_identifier,todo,information_schema,routine_privileges,grantee
todo,information_schema,sql_identifier,todo,information_schema,routine_privileges,specific_catalog
todo,information_schema,sql_identifier,todo,information_schema,routine_privileges,specific_schema
todo,information_schema,sql_identifier,todo,information_schema,routine_privileges,specific_name
todo,information_schema,sql_identifier,todo,information_schema,routine_privileges,routine_catalog
todo,information_schema,sql_identifier,todo,information_schema,routine_privileges,routine_schema
todo,information_schema,sql_identifier,todo,information_schema,routine_privileges,routine_name
todo,information_schema,character_data,todo,information_schema,routine_privileges,privilege_type
todo,information_schema,yes_or_no,todo,information_schema,routine_privileges,is_grantable
todo,information_schema,sql_identifier,todo,information_schema,role_routine_grants,grantor
todo,information_schema,sql_identifier,todo,information_schema,role_routine_grants,grantee
todo,information_schema,sql_identifier,todo,information_schema,role_routine_grants,specific_catalog
todo,information_schema,sql_identifier,todo,information_schema,role_routine_grants,specific_schema
todo,information_schema,sql_identifier,todo,information_schema,role_routine_grants,specific_name
todo,information_schema,sql_identifier,todo,information_schema,role_routine_grants,routine_catalog
todo,information_schema,sql_identifier,todo,information_schema,role_routine_grants,routine_schema
todo,information_schema,sql_identifier,todo,information_schema,role_routine_grants,routine_name
todo,information_schema,character_data,todo,information_schema,role_routine_grants,privilege_type
todo,information_schema,yes_or_no,todo,information_schema,role_routine_grants,is_grantable
todo,information_schema,sql_identifier,todo,information_schema,routines,specific_catalog
todo,information_schema,sql_identifier,todo,information_schema,routines,specific_schema
todo,information_schema,sql_identifier,todo,information_schema,routines,specific_name
todo,information_schema,sql_identifier,todo,information_schema,routines,routine_catalog
todo,information_schema,sql_identifier,todo,information_schema,routines,routine_schema
todo,information_schema,sql_identifier,todo,information_schema,routines,routine_name
todo,information_schema,character_data,todo,information_schema,routines,routine_type
todo,information_schema,sql_identifier,todo,information_schema,routines,module_catalog
todo,information_schema,sql_identifier,todo,information_schema,routines,module_schema
todo,information_schema,sql_identifier,todo,information_schema,routines,module_name
todo,information_schema,sql_identifier,todo,information_schema,routines,udt_catalog
todo,information_schema,sql_identifier,todo,information_schema,routines,udt_schema
todo,information_schema,sql_identifier,todo,information_schema,routines,udt_name
todo,information_schema,character_data,todo,information_schema,routines,data_type
todo,information_schema,cardinal_number,todo,information_schema,routines,character_maximum_length
todo,information_schema,cardinal_number,todo,information_schema,routines,character_octet_length
todo,information_schema,sql_identifier,todo,information_schema,routines,character_set_catalog
todo,information_schema,sql_identifier,todo,information_schema,routines,character_set_schema
todo,information_schema,sql_identifier,todo,information_schema,routines,character_set_name
todo,information_schema,sql_identifier,todo,information_schema,routines,collation_catalog
todo,information_schema,sql_identifier,todo,information_schema,routines,collation_schema
todo,information_schema,sql_identifier,todo,information_schema,routines,collation_name
todo,information_schema,cardinal_number,todo,information_schema,routines,numeric_precision
todo,information_schema,cardinal_number,todo,information_schema,routines,numeric_precision_radix
todo,information_schema,cardinal_number,todo,information_schema,routines,numeric_scale
todo,information_schema,cardinal_number,todo,information_schema,routines,datetime_precision
todo,information_schema,character_data,todo,information_schema,routines,interval_type
todo,information_schema,cardinal_number,todo,information_schema,routines,interval_precision
todo,information_schema,sql_identifier,todo,information_schema,routines,type_udt_catalog
todo,information_schema,sql_identifier,todo,information_schema,routines,type_udt_schema
todo,information_schema,sql_identifier,todo,information_schema,routines,type_udt_name
todo,information_schema,sql_identifier,todo,information_schema,routines,scope_catalog
todo,information_schema,sql_identifier,todo,information_schema,routines,scope_schema
todo,information_schema,sql_identifier,todo,information_schema,routines,scope_name
todo,information_schema,cardinal_number,todo,information_schema,routines,maximum_cardinality
todo,information_schema,sql_identifier,todo,information_schema,routines,dtd_identifier
todo,information_schema,character_data,todo,information_schema,routines,routine_body
todo,information_schema,character_data,todo,information_schema,routines,routine_definition
todo,information_schema,character_data,todo,information_schema,routines,external_name
todo,information_schema,character_data,todo,information_schema,routines,external_language
todo,information_schema,character_data,todo,information_schema,routines,parameter_style
todo,information_schema,yes_or_no,todo,information_schema,routines,is_deterministic
todo,information_schema,character_data,todo,information_schema,routines,sql_data_access
todo,information_schema,yes_or_no,todo,information_schema,routines,is_null_call
todo,information_schema,character_data,todo,information_schema,routines,sql_path
todo,information_schema,yes_or_no,todo,information_schema,routines,schema_level_routine
todo,information_schema,cardinal_number,todo,information_schema,routines,max_dynamic_result_sets
todo,information_schema,yes_or_no,todo,information_schema,routines,is_user_defined_cast
todo,information_schema,yes_or_no,todo,information_schema,routines,is_implicitly_invocable
todo,information_schema,character_data,todo,information_schema,routines,security_type
todo,information_schema,sql_identifier,todo,information_schema,routines,to_sql_specific_catalog
todo,information_schema,sql_identifier,todo,information_schema,routines,to_sql_specific_schema
todo,information_schema,sql_identifier,todo,information_schema,routines,to_sql_specific_name
todo,information_schema,yes_or_no,todo,information_schema,routines,as_locator
todo,information_schema,time_stamp,todo,information_schema,routines,created
todo,information_schema,time_stamp,todo,information_schema,routines,last_altered
todo,information_schema,yes_or_no,todo,information_schema,routines,new_savepoint_level
todo,information_schema,yes_or_no,todo,information_schema,routines,is_udt_dependent
todo,information_schema,character_data,todo,information_schema,routines,result_cast_from_data_type
todo,information_schema,yes_or_no,todo,information_schema,routines,result_cast_as_locator
todo,information_schema,cardinal_number,todo,information_schema,routines,result_cast_char_max_length
todo,information_schema,cardinal_number,todo,information_schema,routines,result_cast_char_octet_length
todo,information_schema,sql_identifier,todo,information_schema,routines,result_cast_char_set_catalog
todo,information_schema,sql_identifier,todo,information_schema,routines,result_cast_char_set_schema
todo,information_schema,sql_identifier,todo,information_schema,routines,result_cast_char_set_name
todo,information_schema,sql_identifier,todo,information_schema,routines,result_cast_collation_catalog
todo,information_schema,sql_identifier,todo,information_schema,routines,result_cast_collation_schema
todo,information_schema,sql_identifier,todo,information_schema,routines,result_cast_collation_name
todo,information_schema,cardinal_number,todo,information_schema,routines,result_cast_numeric_precision
todo,information_schema,cardinal_number,todo,information_schema,routines,result_cast_numeric_precision_radix
todo,information_schema,cardinal_number,todo,information_schema,routines,result_cast_numeric_scale
todo,information_schema,cardinal_number,todo,information_schema,routines,result_cast_datetime_precision
todo,information_schema,character_data,todo,information_schema,routines,result_cast_interval_type
todo,information_schema,cardinal_number,todo,information_schema,routines,result_cast_interval_precision
todo,information_schema,sql_identifier,todo,information_schema,routines,result_cast_type_udt_catalog
todo,information_schema,sql_identifier,todo,information_schema,routines,result_cast_type_udt_schema
todo,information_schema,sql_identifier,todo,information_schema,routines,result_cast_type_udt_name
todo,information_schema,sql_identifier,todo,information_schema,routines,result_cast_scope_catalog
todo,information_schema,sql_identifier,todo,information_schema,routines,result_cast_scope_schema
todo,information_schema,sql_identifier,todo,information_schema,routines,result_cast_scope_name
todo,information_schema,cardinal_number,todo,information_schema,routines,result_cast_maximum_cardinality
todo,information_schema,sql_identifier,todo,information_schema,routines,result_cast_dtd_identifier
todo,information_schema,sql_identifier,todo,information_schema,schemata,catalog_name
todo,information_schema,sql_identifier,todo,information_schema,schemata,schema_name
todo,information_schema,sql_identifier,todo,information_schema,schemata,schema_owner
todo,information_schema,sql_identifier,todo,information_schema,schemata,default_character_set_catalog
todo,information_schema,sql_identifier,todo,information_schema,schemata,default_character_set_schema
todo,information_schema,sql_identifier,todo,information_schema,schemata,default_character_set_name
todo,information_schema,character_data,todo,information_schema,schemata,sql_path
todo,information_schema,sql_identifier,todo,information_schema,sequences,sequence_catalog
todo,information_schema,sql_identifier,todo,information_schema,sequences,sequence_schema
todo,information_schema,sql_identifier,todo,information_schema,sequences,sequence_name
todo,information_schema,character_data,todo,information_schema,sequences,data_type
todo,information_schema,cardinal_number,todo,information_schema,sequences,numeric_precision
todo,information_schema,cardinal_number,todo,information_schema,sequences,numeric_precision_radix
todo,information_schema,cardinal_number,todo,information_schema,sequences,numeric_scale
todo,information_schema,character_data,todo,information_schema,sequences,start_value
todo,information_schema,character_data,todo,information_schema,sequences,minimum_value
todo,information_schema,character_data,todo,information_schema,sequences,maximum_value
todo,information_schema,character_data,todo,information_schema,sequences,increment
todo,information_schema,yes_or_no,todo,information_schema,sequences,cycle_option
todo,information_schema,character_data,todo,information_schema,sql_features,feature_id
todo,information_schema,character_data,todo,information_schema,sql_features,feature_name
todo,information_schema,character_data,todo,information_schema,sql_features,sub_feature_id
todo,information_schema,character_data,todo,information_schema,sql_features,sub_feature_name
todo,information_schema,yes_or_no,todo,information_schema,sql_features,is_supported
todo,information_schema,character_data,todo,information_schema,sql_features,is_verified_by
todo,information_schema,character_data,todo,information_schema,sql_features,comments
todo,information_schema,character_data,todo,information_schema,sql_implementation_info,implementation_info_id
todo,information_schema,character_data,todo,information_schema,sql_implementation_info,implementation_info_name
todo,information_schema,cardinal_number,todo,information_schema,sql_implementation_info,integer_value
todo,information_schema,character_data,todo,information_schema,sql_implementation_info,character_value
todo,information_schema,character_data,todo,information_schema,sql_implementation_info,comments
todo,information_schema,character_data,todo,information_schema,sql_parts,feature_id
todo,information_schema,character_data,todo,information_schema,sql_parts,feature_name
todo,information_schema,yes_or_no,todo,information_schema,sql_parts,is_supported
todo,information_schema,character_data,todo,information_schema,sql_parts,is_verified_by
todo,information_schema,character_data,todo,information_schema,sql_parts,comments
todo,information_schema,cardinal_number,todo,information_schema,sql_sizing,sizing_id
todo,information_schema,character_data,todo,information_schema,sql_sizing,sizing_name
todo,information_schema,cardinal_number,todo,information_schema,sql_sizing,supported_value
todo,information_schema,character_data,todo,information_schema,sql_sizing,comments
todo,information_schema,sql_identifier,todo,information_schema,table_constraints,constraint_catalog
todo,information_schema,sql_identifier,todo,information_schema,table_constraints,constraint_schema
todo,information_schema,sql_identifier,todo,information_schema,table_constraints,constraint_name
todo,information_schema,sql_identifier,todo,information_schema,table_constraints,table_catalog
todo,information_schema,sql_identifier,todo,information_schema,table_constraints,table_schema
todo,information_schema,sql_identifier,todo,information_schema,table_constraints,table_name
todo,information_schema,character_data,todo,information_schema,table_constraints,constraint_type
todo,information_schema,yes_or_no,todo,information_schema,table_constraints,is_deferrable
todo,information_schema,yes_or_no,todo,information_schema,table_constraints,initially_deferred
todo,information_schema,yes_or_no,todo,information_schema,table_constraints,enforced
todo,information_schema,sql_identifier,todo,information_schema,table_privileges,grantor
todo,information_schema,sql_identifier,todo,information_schema,table_privileges,grantee
todo,information_schema,sql_identifier,todo,information_schema,table_privileges,table_catalog
todo,information_schema,sql_identifier,todo,information_schema,table_privileges,table_schema
todo,information_schema,sql_identifier,todo,information_schema,table_privileges,table_name
todo,information_schema,character_data,todo,information_schema,table_privileges,privilege_type
todo,information_schema,yes_or_no,todo,information_schema,table_privileges,is_grantable
todo,information_schema,yes_or_no,todo,information_schema,table_privileges,with_hierarchy
todo,information_schema,sql_identifier,todo,information_schema,role_table_grants,grantor
todo,information_schema,sql_identifier,todo,information_schema,role_table_grants,grantee
todo,information_schema,sql_identifier,todo,information_schema,role_table_grants,table_catalog
todo,information_schema,sql_identifier,todo,information_schema,role_table_grants,table_schema
todo,information_schema,sql_identifier,todo,information_schema,role_table_grants,table_name
todo,information_schema,character_data,todo,information_schema,role_table_grants,privilege_type
todo,information_schema,yes_or_no,todo,information_schema,role_table_grants,is_grantable
todo,information_schema,yes_or_no,todo,information_schema,role_table_grants,with_hierarchy
todo,information_schema,sql_identifier,todo,information_schema,tables,table_catalog
todo,information_schema,sql_identifier,todo,information_schema,tables,table_schema
todo,information_schema,sql_identifier,todo,information_schema,tables,table_name
todo,information_schema,character_data,todo,information_schema,tables,table_type
todo,information_schema,sql_identifier,todo,information_schema,tables,self_referencing_column_name
todo,information_schema,character_data,todo,information_schema,tables,reference_generation
todo,information_schema,sql_identifier,todo,information_schema,tables,user_defined_type_catalog
todo,information_schema,sql_identifier,todo,information_schema,tables,user_defined_type_schema
todo,information_schema,sql_identifier,todo,information_schema,tables,user_defined_type_name
todo,information_schema,yes_or_no,todo,information_schema,tables,is_insertable_into
todo,information_schema,yes_or_no,todo,information_schema,tables,is_typed
todo,information_schema,character_data,todo,information_schema,tables,commit_action
todo,information_schema,sql_identifier,todo,information_schema,transforms,udt_catalog
todo,information_schema,sql_identifier,todo,information_schema,transforms,udt_schema
todo,information_schema,sql_identifier,todo,information_schema,transforms,udt_name
todo,information_schema,sql_identifier,todo,information_schema,transforms,specific_catalog
todo,information_schema,sql_identifier,todo,information_schema,transforms,specific_schema
todo,information_schema,sql_identifier,todo,information_schema,transforms,specific_name
todo,information_schema,sql_identifier,todo,information_schema,transforms,group_name
todo,information_schema,character_data,todo,information_schema,transforms,transform_type
todo,information_schema,sql_identifier,todo,information_schema,triggered_update_columns,trigger_catalog
todo,information_schema,sql_identifier,todo,information_schema,triggered_update_columns,trigger_schema
todo,information_schema,sql_identifier,todo,information_schema,triggered_update_columns,trigger_name
todo,information_schema,sql_identifier,todo,information_schema,triggered_update_columns,event_object_catalog
todo,information_schema,sql_identifier,todo,information_schema,triggered_update_columns,event_object_schema
todo,information_schema,sql_identifier,todo,information_schema,triggered_update_columns,event_object_table
todo,information_schema,sql_identifier,todo,information_schema,triggered_update_columns,event_object_column
todo,information_schema,sql_identifier,todo,information_schema,triggers,trigger_catalog
todo,information_schema,sql_identifier,todo,information_schema,triggers,trigger_schema
todo,information_schema,sql_identifier,todo,information_schema,triggers,trigger_name
todo,information_schema,character_data,todo,information_schema,triggers,event_manipulation
todo,information_schema,sql_identifier,todo,information_schema,triggers,event_object_catalog
todo,information_schema,sql_identifier,todo,information_schema,triggers,event_object_schema
todo,information_schema,sql_identifier,todo,information_schema,triggers,event_object_table
todo,information_schema,cardinal_number,todo,information_schema,triggers,action_order
todo,information_schema,character_data,todo,information_schema,triggers,action_condition
todo,information_schema,character_data,todo,information_schema,triggers,action_statement
todo,information_schema,character_data,todo,information_schema,triggers,action_orientation
todo,information_schema,character_data,todo,information_schema,triggers,action_timing
todo,information_schema,sql_identifier,todo,information_schema,triggers,action_reference_old_table
todo,information_schema,sql_identifier,todo,information_schema,triggers,action_reference_new_table
todo,information_schema,sql_identifier,todo,information_schema,triggers,action_reference_old_row
todo,information_schema,sql_identifier,todo,information_schema,triggers,action_reference_new_row
todo,information_schema,time_stamp,todo,information_schema,triggers,created
todo,information_schema,sql_identifier,todo,information_schema,udt_privileges,grantor
todo,information_schema,sql_identifier,todo,information_schema,udt_privileges,grantee
todo,information_schema,sql_identifier,todo,information_schema,udt_privileges,udt_catalog
todo,information_schema,sql_identifier,todo,information_schema,udt_privileges,udt_schema
todo,information_schema,sql_identifier,todo,information_schema,udt_privileges,udt_name
todo,information_schema,character_data,todo,information_schema,udt_privileges,privilege_type
todo,information_schema,yes_or_no,todo,information_schema,udt_privileges,is_grantable
todo,information_schema,sql_identifier,todo,information_schema,role_udt_grants,grantor
todo,information_schema,sql_identifier,todo,information_schema,role_udt_grants,grantee
todo,information_schema,sql_identifier,todo,information_schema,role_udt_grants,udt_catalog
todo,information_schema,sql_identifier,todo,information_schema,role_udt_grants,udt_schema
todo,information_schema,sql_identifier,todo,information_schema,role_udt_grants,udt_name
todo,information_schema,character_data,todo,information_schema,role_udt_grants,privilege_type
todo,information_schema,yes_or_no,todo,information_schema,role_udt_grants,is_grantable
todo,information_schema,sql_identifier,todo,information_schema,usage_privileges,grantor
todo,information_schema,sql_identifier,todo,information_schema,usage_privileges,grantee
todo,information_schema,sql_identifier,todo,information_schema,usage_privileges,object_catalog
todo,information_schema,sql_identifier,todo,information_schema,usage_privileges,object_schema
todo,information_schema,sql_identifier,todo,information_schema,usage_privileges,object_name
todo,information_schema,character_data,todo,information_schema,usage_privileges,object_type
todo,information_schema,character_data,todo,information_schema,usage_privileges,privilege_type
todo,information_schema,yes_or_no,todo,information_schema,usage_privileges,is_grantable
todo,information_schema,sql_identifier,todo,information_schema,role_usage_grants,grantor
todo,information_schema,sql_identifier,todo,information_schema,role_usage_grants,grantee
todo,information_schema,sql_identifier,todo,information_schema,role_usage_grants,object_catalog
todo,information_schema,sql_identifier,todo,information_schema,role_usage_grants,object_schema
todo,information_schema,sql_identifier,todo,information_schema,role_usage_grants,object_name
todo,information_schema,character_data,todo,information_schema,role_usage_grants,object_type
todo,information_schema,character_data,todo,information_schema,role_usage_grants,privilege_type
todo,information_schema,yes_or_no,todo,information_schema,role_usage_grants,is_grantable
todo,information_schema,sql_identifier,todo,information_schema,user_defined_types,user_defined_type_catalog
todo,information_schema,sql_identifier,todo,information_schema,user_defined_types,user_defined_type_schema
todo,information_schema,sql_identifier,todo,information_schema,user_defined_types,user_defined_type_name
todo,information_schema,character_data,todo,information_schema,user_defined_types,user_defined_type_category
todo,information_schema,yes_or_no,todo,information_schema,user_defined_types,is_instantiable
todo,information_schema,yes_or_no,todo,information_schema,user_defined_types,is_final
todo,information_schema,character_data,todo,information_schema,user_defined_types,ordering_form
todo,information_schema,character_data,todo,information_schema,user_defined_types,ordering_category
todo,information_schema,sql_identifier,todo,information_schema,user_defined_types,ordering_routine_catalog
todo,information_schema,sql_identifier,todo,information_schema,user_defined_types,ordering_routine_schema
todo,information_schema,sql_identifier,todo,information_schema,user_defined_types,ordering_routine_name
todo,information_schema,character_data,todo,information_schema,user_defined_types,reference_type
todo,information_schema,character_data,todo,information_schema,user_defined_types,data_type
todo,information_schema,cardinal_number,todo,information_schema,user_defined_types,character_maximum_length
todo,information_schema,cardinal_number,todo,information_schema,user_defined_types,character_octet_length
todo,information_schema,sql_identifier,todo,information_schema,user_defined_types,character_set_catalog
todo,information_schema,sql_identifier,todo,information_schema,user_defined_types,character_set_schema
todo,information_schema,sql_identifier,todo,information_schema,user_defined_types,character_set_name
todo,information_schema,sql_identifier,todo,information_schema,user_defined_types,collation_catalog
todo,information_schema,sql_identifier,todo,information_schema,user_defined_types,collation_schema
todo,information_schema,sql_identifier,todo,information_schema,user_defined_types,collation_name
todo,information_schema,cardinal_number,todo,information_schema,user_defined_types,numeric_precision
todo,information_schema,cardinal_number,todo,information_schema,user_defined_types,numeric_precision_radix
todo,information_schema,cardinal_number,todo,information_schema,user_defined_types,numeric_scale
todo,information_schema,cardinal_number,todo,information_schema,user_defined_types,datetime_precision
todo,information_schema,character_data,todo,information_schema,user_defined_types,interval_type
todo,information_schema,cardinal_number,todo,information_schema,user_defined_types,interval_precision
todo,information_schema,sql_identifier,todo,information_schema,user_defined_types,source_dtd_identifier
todo,information_schema,sql_identifier,todo,information_schema,user_defined_types,ref_dtd_identifier
todo,information_schema,sql_identifier,todo,information_schema,view_column_usage,view_catalog
todo,information_schema,sql_identifier,todo,information_schema,view_column_usage,view_schema
todo,information_schema,sql_identifier,todo,information_schema,view_column_usage,view_name
todo,information_schema,sql_identifier,todo,information_schema,view_column_usage,table_catalog
todo,information_schema,sql_identifier,todo,information_schema,view_column_usage,table_schema
todo,information_schema,sql_identifier,todo,information_schema,view_column_usage,table_name
todo,information_schema,sql_identifier,todo,information_schema,view_column_usage,column_name
todo,information_schema,sql_identifier,todo,information_schema,view_routine_usage,table_catalog
todo,information_schema,sql_identifier,todo,information_schema,view_routine_usage,table_schema
todo,information_schema,sql_identifier,todo,information_schema,view_routine_usage,table_name
todo,information_schema,sql_identifier,todo,information_schema,view_routine_usage,specific_catalog
todo,information_schema,sql_identifier,todo,information_schema,view_routine_usage,specific_schema
todo,information_schema,sql_identifier,todo,information_schema,view_routine_usage,specific_name
todo,information_schema,sql_identifier,todo,information_schema,view_table_usage,view_catalog
todo,information_schema,sql_identifier,todo,information_schema,view_table_usage,view_schema
todo,information_schema,sql_identifier,todo,information_schema,view_table_usage,view_name
todo,information_schema,sql_identifier,todo,information_schema,view_table_usage,table_catalog
todo,information_schema,sql_identifier,todo,information_schema,view_table_usage,table_schema
todo,information_schema,sql_identifier,todo,information_schema,view_table_usage,table_name
todo,information_schema,sql_identifier,todo,information_schema,views,table_catalog
todo,information_schema,sql_identifier,todo,information_schema,views,table_schema
todo,information_schema,sql_identifier,todo,information_schema,views,table_name
todo,information_schema,character_data,todo,information_schema,views,view_definition
todo,information_schema,character_data,todo,information_schema,views,check_option
todo,information_schema,yes_or_no,todo,information_schema,views,is_updatable
todo,information_schema,yes_or_no,todo,information_schema,views,is_insertable_into
todo,information_schema,yes_or_no,todo,information_schema,views,is_trigger_updatable
todo,information_schema,yes_or_no,todo,information_schema,views,is_trigger_deletable
todo,information_schema,yes_or_no,todo,information_schema,views,is_trigger_insertable_into
todo,information_schema,sql_identifier,todo,information_schema,data_type_privileges,object_catalog
todo,information_schema,sql_identifier,todo,information_schema,data_type_privileges,object_schema
todo,information_schema,sql_identifier,todo,information_schema,data_type_privileges,object_name
todo,information_schema,character_data,todo,information_schema,data_type_privileges,object_type
todo,information_schema,sql_identifier,todo,information_schema,data_type_privileges,dtd_identifier
todo,information_schema,sql_identifier,todo,information_schema,element_types,object_catalog
todo,information_schema,sql_identifier,todo,information_schema,element_types,object_schema
todo,information_schema,sql_identifier,todo,information_schema,element_types,object_name
todo,information_schema,character_data,todo,information_schema,element_types,object_type
todo,information_schema,sql_identifier,todo,information_schema,element_types,collection_type_identifier
todo,information_schema,character_data,todo,information_schema,element_types,data_type
todo,information_schema,cardinal_number,todo,information_schema,element_types,character_maximum_length
todo,information_schema,cardinal_number,todo,information_schema,element_types,character_octet_length
todo,information_schema,sql_identifier,todo,information_schema,element_types,character_set_catalog
todo,information_schema,sql_identifier,todo,information_schema,element_types,character_set_schema
todo,information_schema,sql_identifier,todo,information_schema,element_types,character_set_name
todo,information_schema,sql_identifier,todo,information_schema,element_types,collation_catalog
todo,information_schema,sql_identifier,todo,information_schema,element_types,collation_schema
todo,information_schema,sql_identifier,todo,information_schema,element_types,collation_name
todo,information_schema,cardinal_number,todo,information_schema,element_types,numeric_precision
todo,information_schema,cardinal_number,todo,information_schema,element_types,numeric_precision_radix
todo,information_schema,cardinal_number,todo,information_schema,element_types,numeric_scale
todo,information_schema,cardinal_number,todo,information_schema,element_types,datetime_precision
todo,information_schema,character_data,todo,information_schema,element_types,interval_type
todo,information_schema,cardinal_number,todo,information_schema,element_types,interval_precision
todo,information_schema,character_data,todo,information_schema,element_types,domain_default
todo,information_schema,sql_identifier,todo,information_schema,element_types,udt_catalog
todo,information_schema,sql_identifier,todo,information_schema,element_types,udt_schema
todo,information_schema,sql_identifier,todo,information_schema,element_types,udt_name
todo,information_schema,sql_identifier,todo,information_schema,element_types,scope_catalog
todo,information_schema,sql_identifier,todo,information_schema,element_types,scope_schema
todo,information_schema,sql_identifier,todo,information_schema,element_types,scope_name
todo,information_schema,cardinal_number,todo,information_schema,element_types,maximum_cardinality
todo,information_schema,sql_identifier,todo,information_schema,element_types,dtd_identifier
todo,information_schema,sql_identifier,todo,information_schema,column_options,table_catalog
todo,information_schema,sql_identifier,todo,information_schema,column_options,table_schema
todo,information_schema,sql_identifier,todo,information_schema,column_options,table_name
todo,information_schema,sql_identifier,todo,information_schema,column_options,column_name
todo,information_schema,sql_identifier,todo,information_schema,column_options,option_name
todo,information_schema,character_data,todo,information_schema,column_options,option_value
todo,information_schema,sql_identifier,todo,information_schema,_pg_foreign_data_wrappers,foreign_data_wrapper_catalog
todo,information_schema,sql_identifier,todo,information_schema,_pg_foreign_data_wrappers,foreign_data_wrapper_name
todo,information_schema,sql_identifier,todo,information_schema,_pg_foreign_data_wrappers,authorization_identifier
todo,information_schema,character_data,todo,information_schema,_pg_foreign_data_wrappers,foreign_data_wrapper_language
todo,information_schema,sql_identifier,todo,information_schema,foreign_data_wrapper_options,foreign_data_wrapper_catalog
todo,information_schema,sql_identifier,todo,information_schema,foreign_data_wrapper_options,foreign_data_wrapper_name
todo,information_schema,sql_identifier,todo,information_schema,foreign_data_wrapper_options,option_name
todo,information_schema,character_data,todo,information_schema,foreign_data_wrapper_options,option_value
todo,information_schema,sql_identifier,todo,information_schema,foreign_data_wrappers,foreign_data_wrapper_catalog
todo,information_schema,sql_identifier,todo,information_schema,foreign_data_wrappers,foreign_data_wrapper_name
todo,information_schema,sql_identifier,todo,information_schema,foreign_data_wrappers,authorization_identifier
todo,information_schema,character_data,todo,information_schema,foreign_data_wrappers,library_name
todo,information_schema,character_data,todo,information_schema,foreign_data_wrappers,foreign_data_wrapper_language
todo,information_schema,sql_identifier,todo,information_schema,_pg_foreign_servers,foreign_server_catalog
todo,information_schema,sql_identifier,todo,information_schema,_pg_foreign_servers,foreign_server_name
todo,information_schema,sql_identifier,todo,information_schema,_pg_foreign_servers,foreign_data_wrapper_catalog
todo,information_schema,sql_identifier,todo,information_schema,_pg_foreign_servers,foreign_data_wrapper_name
todo,information_schema,character_data,todo,information_schema,_pg_foreign_servers,foreign_server_type
todo,information_schema,character_data,todo,information_schema,_pg_foreign_servers,foreign_server_version
todo,information_schema,sql_identifier,todo,information_schema,_pg_foreign_servers,authorization_identifier
todo,information_schema,sql_identifier,todo,information_schema,foreign_server_options,foreign_server_catalog
todo,information_schema,sql_identifier,todo,information_schema,foreign_server_options,foreign_server_name
todo,information_schema,sql_identifier,todo,information_schema,foreign_server_options,option_name
todo,information_schema,character_data,todo,information_schema,foreign_server_options,option_value
todo,information_schema,sql_identifier,todo,information_schema,foreign_servers,foreign_server_catalog
todo,information_schema,sql_identifier,todo,information_schema,foreign_servers,foreign_server_name
todo,information_schema,sql_identifier,todo,information_schema,foreign_servers,foreign_data_wrapper_catalog
todo,information_schema,sql_identifier,todo,information_schema,foreign_servers,foreign_data_wrapper_name
todo,information_schema,character_data,todo,information_schema,foreign_servers,foreign_server_type
todo,information_schema,character_data,todo,information_schema,foreign_servers,foreign_server_version
todo,information_schema,sql_identifier,todo,information_schema,foreign_servers,authorization_identifier
todo,information_schema,sql_identifier,todo,information_schema,_pg_foreign_tables,foreign_table_catalog
todo,information_schema,sql_identifier,todo,information_schema,_pg_foreign_tables,foreign_table_schema
todo,information_schema,sql_identifier,todo,information_schema,_pg_foreign_tables,foreign_table_name
todo,information_schema,sql_identifier,todo,information_schema,_pg_foreign_tables,foreign_server_catalog
todo,information_schema,sql_identifier,todo,information_schema,_pg_foreign_tables,foreign_server_name
todo,information_schema,sql_identifier,todo,information_schema,_pg_foreign_tables,authorization_identifier
todo,information_schema,sql_identifier,todo,information_schema,foreign_table_options,foreign_table_catalog
todo,information_schema,sql_identifier,todo,information_schema,foreign_table_options,foreign_table_schema
todo,information_schema,sql_identifier,todo,information_schema,foreign_table_options,foreign_table_name
todo,information_schema,sql_identifier,todo,information_schema,foreign_table_options,option_name
todo,information_schema,character_data,todo,information_schema,foreign_table_options,option_value
todo,information_schema,sql_identifier,todo,information_schema,foreign_tables,foreign_table_catalog
todo,information_schema,sql_identifier,todo,information_schema,foreign_tables,foreign_table_schema
todo,information_schema,sql_identifier,todo,information_schema,foreign_tables,foreign_table_name
todo,information_schema,sql_identifier,todo,information_schema,foreign_tables,foreign_server_catalog
todo,information_schema,sql_identifier,todo,information_schema,foreign_tables,foreign_server_name
todo,information_schema,sql_identifier,todo,information_schema,_pg_user_mappings,authorization_identifier
todo,information_schema,sql_identifier,todo,information_schema,_pg_user_mappings,foreign_server_catalog
todo,information_schema,sql_identifier,todo,information_schema,_pg_user_mappings,foreign_server_name
todo,information_schema,sql_identifier,todo,information_schema,_pg_user_mappings,srvowner
todo,information_schema,sql_identifier,todo,information_schema,user_mapping_options,authorization_identifier
todo,information_schema,sql_identifier,todo,information_schema,user_mapping_options,foreign_server_catalog
todo,information_schema,sql_identifier,todo,information_schema,user_mapping_options,foreign_server_name
todo,information_schema,sql_identifier,todo,information_schema,user_mapping_options,option_name
todo,information_schema,character_data,todo,information_schema,user_mapping_options,option_value
todo,information_schema,sql_identifier,todo,information_schema,user_mappings,authorization_identifier
todo,information_schema,sql_identifier,todo,information_schema,user_mappings,foreign_server_catalog
todo,information_schema,sql_identifier,todo,information_schema,user_mappings,foreign_server_name
