4159,4160,pg_toast,pg_toast_2600,pg_toast_2600_index,0,0
2830,2831,pg_toast,pg_toast_2604,pg_toast_2604_index,0,0
4161,4162,pg_toast,pg_toast_3456,pg_toast_3456_index,0,0
2832,2833,pg_toast,pg_toast_2606,pg_toast_2606_index,0,0
4143,4144,pg_toast,pg_toast_826,pg_toast_826_index,0,0
2834,2835,pg_toast,pg_toast_2609,pg_toast_2609_index,0,0
4145,4146,pg_toast,pg_toast_3466,pg_toast_3466_index,0,0
4147,4148,pg_toast,pg_toast_3079,pg_toast_3079_index,0,0
4149,4150,pg_toast,pg_toast_2328,pg_toast_2328_index,0,0
4151,4152,pg_toast,pg_toast_1417,pg_toast_1417_index,0,0
4153,4154,pg_toast,pg_toast_3118,pg_toast_3118_index,0,0
4155,4156,pg_toast,pg_toast_3394,pg_toast_3394_index,0,0
4157,4158,pg_toast,pg_toast_2612,pg_toast_2612_index,0,0
4163,4164,pg_toast,pg_toast_2615,pg_toast_2615_index,0,0
4165,4166,pg_toast,pg_toast_3350,pg_toast_3350_index,0,0
4167,4168,pg_toast,pg_toast_3256,pg_toast_3256_index,0,0
2836,2837,pg_toast,pg_toast_1255,pg_toast_1255_index,0,0
2838,2839,pg_toast,pg_toast_2618,pg_toast_2618_index,2,2610
3598,3599,pg_toast,pg_toast_3596,pg_toast_3596_index,0,0
2840,2841,pg_toast,pg_toast_2619,pg_toast_2619_index,2,446
3439,3440,pg_toast,pg_toast_3381,pg_toast_3381_index,0,0
3430,3431,pg_toast,pg_toast_3429,pg_toast_3429_index,0,0
2336,2337,pg_toast,pg_toast_2620,pg_toast_2620_index,0,0
4169,4170,pg_toast,pg_toast_3600,pg_toast_3600_index,0,0
4171,4172,pg_toast,pg_toast_1247,pg_toast_1247_index,0,0
4173,4174,pg_toast,pg_toast_1418,pg_toast_1418_index,0,0
4175,4176,pg_toast,pg_toast_1260,pg_toast_1260_index,0,0
4177,4178,pg_toast,pg_toast_1262,pg_toast_1262_index,0,0
2966,2967,pg_toast,pg_toast_2964,pg_toast_2964_index,0,0
4181,4182,pg_toast,pg_toast_6000,pg_toast_6000_index,0,0
2846,2847,pg_toast,pg_toast_2396,pg_toast_2396_index,0,0
4060,4061,pg_toast,pg_toast_3592,pg_toast_3592_index,0,0
4183,4184,pg_toast,pg_toast_6100,pg_toast_6100_index,0,0
4185,4186,pg_toast,pg_toast_1213,pg_toast_1213_index,0,0
2600,2650,pg_catalog,pg_aggregate,pg_aggregate_fnoid_index,2,71
2601,2651,pg_catalog,pg_am,pg_am_name_index,1,14
2601,2652,pg_catalog,pg_am,pg_am_oid_index,1,14
2602,2653,pg_catalog,pg_amop,pg_amop_fam_strat_index,4,6952
2602,2654,pg_catalog,pg_amop,pg_amop_opr_fam_index,4,3981
2602,2756,pg_catalog,pg_amop,pg_amop_oid_index,1,0
2603,2655,pg_catalog,pg_amproc,pg_amproc_fam_proc_index,3,3578
2603,2757,pg_catalog,pg_amproc,pg_amproc_oid_index,1,0
2604,2656,pg_catalog,pg_attrdef,pg_attrdef_adrelid_adnum_index,2,4644
2604,2657,pg_catalog,pg_attrdef,pg_attrdef_oid_index,2,197
1249,2658,pg_catalog,pg_attribute,pg_attribute_relid_attnam_index,3,245
1249,2659,pg_catalog,pg_attribute,pg_attribute_relid_attnum_index,10,30874
1260,2676,pg_catalog,pg_authid,pg_authid_rolname_index,6,613
1260,2677,pg_catalog,pg_authid,pg_authid_oid_index,6,19237
1261,2694,pg_catalog,pg_auth_members,pg_auth_members_role_member_index,4,44
1261,2695,pg_catalog,pg_auth_members,pg_auth_members_member_role_index,4,18
2605,2660,pg_catalog,pg_cast,pg_cast_oid_index,1,0
2605,2661,pg_catalog,pg_cast,pg_cast_source_target_index,2,16469
1259,2662,pg_catalog,pg_class,pg_class_oid_index,4,19810
1259,2663,pg_catalog,pg_class,pg_class_relname_nsp_index,6,3233
1259,3455,pg_catalog,pg_class,pg_class_tblspc_relfilenode_index,3,208
3456,3164,pg_catalog,pg_collation,pg_collation_name_enc_nsp_index,6,280
3456,3085,pg_catalog,pg_collation,pg_collation_oid_index,4,245
2606,2664,pg_catalog,pg_constraint,pg_constraint_conname_nsp_index,2,24
2606,2665,pg_catalog,pg_constraint,pg_constraint_conrelid_contypid_conname_index,2,37
2606,2666,pg_catalog,pg_constraint,pg_constraint_contypid_index,2,227
2606,2667,pg_catalog,pg_constraint,pg_constraint_oid_index,2,195
2606,2579,pg_catalog,pg_constraint,pg_constraint_conparentid_index,2,24
2607,2668,pg_catalog,pg_conversion,pg_conversion_default_index,1,0
2607,2669,pg_catalog,pg_conversion,pg_conversion_name_nsp_index,1,0
2607,2670,pg_catalog,pg_conversion,pg_conversion_oid_index,1,0
1262,2671,pg_catalog,pg_database,pg_database_datname_index,6,84993
1262,2672,pg_catalog,pg_database,pg_database_oid_index,6,157769
2608,2673,pg_catalog,pg_depend,pg_depend_depender_index,11,2392
2608,2674,pg_catalog,pg_depend,pg_depend_reference_index,13,160
2609,2675,pg_catalog,pg_description,pg_description_o_c_o_index,19,5226
2396,2397,pg_catalog,pg_shdescription,pg_shdescription_o_c_index,4,49
3501,3502,pg_catalog,pg_enum,pg_enum_oid_index,1,21
3501,3503,pg_catalog,pg_enum,pg_enum_typid_label_index,1,21
3501,3534,pg_catalog,pg_enum,pg_enum_typid_sortorder_index,1,49
2610,2678,pg_catalog,pg_index,pg_index_indrelid_index,2,2129
2610,2679,pg_catalog,pg_index,pg_index_indexrelid_index,2,2874
2611,2680,pg_catalog,pg_inherits,pg_inherits_relid_seqno_index,1,812
2611,2187,pg_catalog,pg_inherits,pg_inherits_parent_index,1,810
3394,3395,pg_catalog,pg_init_privs,pg_init_privs_o_c_o_index,2,3
2612,2681,pg_catalog,pg_language,pg_language_name_index,1,15
2612,2682,pg_catalog,pg_language,pg_language_oid_index,2,48
2613,2683,pg_catalog,pg_largeobject,pg_largeobject_loid_pn_index,1,0
2995,2996,pg_catalog,pg_largeobject_metadata,pg_largeobject_metadata_oid_index,1,1
2615,2684,pg_catalog,pg_namespace,pg_namespace_nspname_index,2,1097
2615,2685,pg_catalog,pg_namespace,pg_namespace_oid_index,2,5230
2616,2686,pg_catalog,pg_opclass,pg_opclass_am_name_nsp_index,2,670
2616,2687,pg_catalog,pg_opclass,pg_opclass_oid_index,2,1745
2617,2688,pg_catalog,pg_operator,pg_operator_oid_index,5,5252
2617,2689,pg_catalog,pg_operator,pg_operator_oprname_l_r_n_index,5,4286
2753,2754,pg_catalog,pg_opfamily,pg_opfamily_am_name_nsp_index,1,0
2753,2755,pg_catalog,pg_opfamily,pg_opfamily_oid_index,1,0
1255,2690,pg_catalog,pg_proc,pg_proc_oid_index,11,23205
1255,2691,pg_catalog,pg_proc,pg_proc_proname_args_nsp_index,31,11981
2618,2692,pg_catalog,pg_rewrite,pg_rewrite_oid_index,2,166
2618,2693,pg_catalog,pg_rewrite,pg_rewrite_rel_rulename_index,2,3839
2224,5002,pg_catalog,pg_sequence,pg_sequence_seqrelid_index,2,55
1214,1232,pg_catalog,pg_shdepend,pg_shdepend_depender_index,6,37
1214,1233,pg_catalog,pg_shdepend,pg_shdepend_reference_index,6,98
2619,2696,pg_catalog,pg_statistic,pg_statistic_relid_att_inh_index,2,7809
3381,3380,pg_catalog,pg_statistic_ext,pg_statistic_ext_oid_index,1,0
3381,3997,pg_catalog,pg_statistic_ext,pg_statistic_ext_name_index,1,0
3381,3379,pg_catalog,pg_statistic_ext,pg_statistic_ext_relid_index,1,2996
3429,3433,pg_catalog,pg_statistic_ext_data,pg_statistic_ext_data_stxoid_index,1,0
1213,2697,pg_catalog,pg_tablespace,pg_tablespace_oid_index,6,918
1213,2698,pg_catalog,pg_tablespace,pg_tablespace_spcname_index,3,14
3576,3574,pg_catalog,pg_transform,pg_transform_oid_index,1,2
3576,3575,pg_catalog,pg_transform,pg_transform_type_lang_index,1,2
2620,2699,pg_catalog,pg_trigger,pg_trigger_tgconstraint_index,1,79
2620,2701,pg_catalog,pg_trigger,pg_trigger_tgrelid_tgname_index,1,207
2620,2702,pg_catalog,pg_trigger,pg_trigger_oid_index,1,95
3466,3467,pg_catalog,pg_event_trigger,pg_event_trigger_evtname_index,1,6
3466,3468,pg_catalog,pg_event_trigger,pg_event_trigger_oid_index,1,5
3602,3608,pg_catalog,pg_ts_config,pg_ts_config_cfgname_index,2,2
3602,3712,pg_catalog,pg_ts_config,pg_ts_config_oid_index,2,10
3603,3609,pg_catalog,pg_ts_config_map,pg_ts_config_map_index,1,0
3600,3604,pg_catalog,pg_ts_dict,pg_ts_dict_dictname_index,1,1
3600,3605,pg_catalog,pg_ts_dict,pg_ts_dict_oid_index,2,8
3601,3606,pg_catalog,pg_ts_parser,pg_ts_parser_prsname_index,1,1
3601,3607,pg_catalog,pg_ts_parser,pg_ts_parser_oid_index,1,1
3764,3766,pg_catalog,pg_ts_template,pg_ts_template_tmplname_index,1,1
3764,3767,pg_catalog,pg_ts_template,pg_ts_template_oid_index,2,8
1247,2703,pg_catalog,pg_type,pg_type_oid_index,4,26180
1247,2704,pg_catalog,pg_type,pg_type_typname_nsp_index,5,1144
2328,112,pg_catalog,pg_foreign_data_wrapper,pg_foreign_data_wrapper_oid_index,1,57
2328,548,pg_catalog,pg_foreign_data_wrapper,pg_foreign_data_wrapper_name_index,1,41
1417,113,pg_catalog,pg_foreign_server,pg_foreign_server_oid_index,1,64
1417,549,pg_catalog,pg_foreign_server,pg_foreign_server_name_index,1,48
1418,174,pg_catalog,pg_user_mapping,pg_user_mapping_oid_index,1,12
1418,175,pg_catalog,pg_user_mapping,pg_user_mapping_user_server_index,1,12
3118,3119,pg_catalog,pg_foreign_table,pg_foreign_table_relid_index,1,33
826,827,pg_catalog,pg_default_acl,pg_default_acl_role_nsp_obj_index,1,28
826,828,pg_catalog,pg_default_acl,pg_default_acl_oid_index,1,10
2964,2965,pg_catalog,pg_db_role_setting,pg_db_role_setting_databaseid_rol_index,3,339359
3596,3597,pg_catalog,pg_seclabel,pg_seclabel_object_index,1,22
3592,3593,pg_catalog,pg_shseclabel,pg_shseclabel_object_index,3,468
3079,3080,pg_catalog,pg_extension,pg_extension_oid_index,1,17
3079,3081,pg_catalog,pg_extension,pg_extension_name_index,1,17
3541,3542,pg_catalog,pg_range,pg_range_rngtypid_index,2,121
3256,3257,pg_catalog,pg_policy,pg_policy_oid_index,1,5
3256,3258,pg_catalog,pg_policy,pg_policy_polrelid_polname_index,1,5
6000,6001,pg_catalog,pg_replication_origin,pg_replication_origin_roiident_index,1,0
6000,6002,pg_catalog,pg_replication_origin,pg_replication_origin_roname_index,1,0
3350,3351,pg_catalog,pg_partitioned_table,pg_partitioned_table_partrelid_index,1,782
6104,6110,pg_catalog,pg_publication,pg_publication_oid_index,1,2
6104,6111,pg_catalog,pg_publication,pg_publication_pubname_index,1,2
6106,6112,pg_catalog,pg_publication_rel,pg_publication_rel_oid_index,1,0
6106,6113,pg_catalog,pg_publication_rel,pg_publication_rel_prrelid_prpubid_index,1,0
6100,6114,pg_catalog,pg_subscription,pg_subscription_oid_index,3,189
6100,6115,pg_catalog,pg_subscription,pg_subscription_subname_index,3,57
6102,6117,pg_catalog,pg_subscription_rel,pg_subscription_rel_srrelid_srsubid_index,1,0
13294,13296,pg_toast,pg_toast_13292,pg_toast_13292_index,0,0
13299,13301,pg_toast,pg_toast_13297,pg_toast_13297_index,0,0
13304,13306,pg_toast,pg_toast_13302,pg_toast_13302_index,0,0
13309,13311,pg_toast,pg_toast_13307,pg_toast_13307_index,0,0
16750,16752,pg_toast,pg_toast_16738,pg_toast_16738_index,0,0
