3373,pg_monitor,false,true,false,false,false,false,false,-1,,
3374,pg_read_all_settings,false,true,false,false,false,false,false,-1,,
3375,pg_read_all_stats,false,true,false,false,false,false,false,-1,,
3377,pg_stat_scan_tables,false,true,false,false,false,false,false,-1,,
4569,pg_read_server_files,false,true,false,false,false,false,false,-1,,
4570,pg_write_server_files,false,true,false,false,false,false,false,-1,,
4571,pg_execute_server_program,false,true,false,false,false,false,false,-1,,
4200,pg_signal_backend,false,true,false,false,false,false,false,-1,,
10,postgres,true,true,true,true,true,true,true,-1,SCRAM-SHA-256$4096:Vjz8k61yfP61tBBTNafSKA==$RqV3m0fsjq1tO5hy7QWVL440GOBeF9LuICTILQEO8Ls=:SMhp14KLvKt14a+b16Gc/eWRTimPT1Pmdlrg36lCVSU=,
16397,mohit,true,true,true,true,true,true,true,-1,SCRAM-SHA-256$4096:PqYiijDef1ND1X8jARHjew==$NDp3oS/DHZxytmaqCDsY9if7YJNYXTYSDrcpRnWaamc=:YGW7RFC9DP3V7igYtrDTwevYE8Bsl3cwqFNSjL00TC8=,
