todo,pg_catalog,11_6104_8_not_null,pubtruncate IS NOT NULL
todo,pg_catalog,11_1259_4_not_null,reltype IS NOT NULL
todo,pg_catalog,11_3592_3_not_null,provider IS NOT NULL
todo,pg_catalog,11_3381_4_not_null,stxnamespace IS NOT NULL
todo,pg_catalog,11_1255_14_not_null,proretset IS NOT NULL
todo,pg_catalog,11_1214_3_not_null,objid IS NOT NULL
todo,pg_catalog,11_3466_5_not_null,evtfoid IS NOT NULL
todo,pg_catalog,11_2619_13_not_null,staop2 IS NOT NULL
todo,pg_catalog,11_1260_9_not_null,rolbypassrls IS NOT NULL
todo,pg_catalog,11_2606_16_not_null,conislocal IS NOT NULL
todo,pg_catalog,11_1259_2_not_null,relname IS NOT NULL
todo,pg_catalog,11_6000_2_not_null,roname IS NOT NULL
todo,pg_catalog,11_1259_26_not_null,relreplident IS NOT NULL
todo,pg_catalog,11_6104_7_not_null,pubdelete IS NOT NULL
todo,pg_catalog,11_2606_9_not_null,contypid IS NOT NULL
todo,pg_catalog,11_6104_6_not_null,pubupdate IS NOT NULL
todo,pg_catalog,11_2607_8_not_null,condefault IS NOT NULL
todo,pg_catalog,11_1249_20_not_null,attinhcount IS NOT NULL
todo,pg_catalog,11_2608_1_not_null,classid IS NOT NULL
todo,pg_catalog,11_6104_3_not_null,pubowner IS NOT NULL
todo,pg_catalog,11_2613_2_not_null,pageno IS NOT NULL
todo,pg_catalog,11_2610_2_not_null,indrelid IS NOT NULL
todo,pg_catalog,11_3764_2_not_null,tmplname IS NOT NULL
todo,pg_catalog,11_1262_9_not_null,datconnlimit IS NOT NULL
todo,information_schema,cardinal_number_domain_check,((VALUE >= 0))
todo,pg_catalog,11_826_4_not_null,defaclobjtype IS NOT NULL
todo,pg_catalog,11_2610_10_not_null,indisvalid IS NOT NULL
todo,pg_catalog,11_826_1_not_null,oid IS NOT NULL
todo,pg_catalog,11_1249_7_not_null,attndims IS NOT NULL
todo,pg_catalog,11_2600_18_not_null,aggtransspace IS NOT NULL
todo,pg_catalog,11_3602_2_not_null,cfgname IS NOT NULL
todo,pg_catalog,11_2617_4_not_null,oprowner IS NOT NULL
todo,pg_catalog,11_1262_8_not_null,datallowconn IS NOT NULL
todo,pg_catalog,11_2616_8_not_null,opcdefault IS NOT NULL
todo,pg_catalog,11_1259_23_not_null,relrowsecurity IS NOT NULL
todo,pg_catalog,11_1247_27_not_null,typndims IS NOT NULL
todo,pg_catalog,11_3764_3_not_null,tmplnamespace IS NOT NULL
todo,pg_catalog,11_1247_12_not_null,typrelid IS NOT NULL
todo,pg_catalog,11_1213_2_not_null,spcname IS NOT NULL
todo,pg_catalog,11_3381_3_not_null,stxname IS NOT NULL
todo,pg_catalog,11_2610_11_not_null,indcheckxmin IS NOT NULL
todo,pg_catalog,11_1249_19_not_null,attislocal IS NOT NULL
todo,pg_catalog,11_3596_4_not_null,provider IS NOT NULL
todo,pg_catalog,11_2995_2_not_null,lomowner IS NOT NULL
todo,pg_catalog,11_2620_4_not_null,tgname IS NOT NULL
todo,pg_catalog,11_1260_5_not_null,rolcreaterole IS NOT NULL
todo,pg_catalog,11_3466_4_not_null,evtowner IS NOT NULL
todo,pg_catalog,11_3456_3_not_null,collnamespace IS NOT NULL
todo,pg_catalog,11_1260_4_not_null,rolinherit IS NOT NULL
todo,pg_catalog,11_3429_1_not_null,stxoid IS NOT NULL
todo,pg_catalog,11_1255_8_not_null,provariadic IS NOT NULL
todo,pg_catalog,11_1214_1_not_null,dbid IS NOT NULL
todo,pg_catalog,11_1262_1_not_null,oid IS NOT NULL
todo,pg_catalog,11_1259_7_not_null,relam IS NOT NULL
todo,pg_catalog,11_1247_13_not_null,typelem IS NOT NULL
todo,public,2200_16738_1_not_null,id IS NOT NULL
todo,pg_catalog,11_3592_2_not_null,classoid IS NOT NULL
todo,pg_catalog,11_1259_29_not_null,relfrozenxid IS NOT NULL
todo,pg_catalog,11_2602_9_not_null,amopsortfamily IS NOT NULL
todo,pg_catalog,11_1259_1_not_null,oid IS NOT NULL
todo,pg_catalog,11_2615_2_not_null,nspname IS NOT NULL
todo,pg_catalog,11_2396_1_not_null,objoid IS NOT NULL
todo,pg_catalog,11_3256_1_not_null,oid IS NOT NULL
todo,pg_catalog,11_826_3_not_null,defaclnamespace IS NOT NULL
todo,pg_catalog,11_3394_3_not_null,objsubid IS NOT NULL
todo,pg_catalog,11_1260_8_not_null,rolreplication IS NOT NULL
todo,pg_catalog,11_2610_9_not_null,indisclustered IS NOT NULL
todo,pg_catalog,11_3576_1_not_null,oid IS NOT NULL
todo,pg_catalog,11_3381_5_not_null,stxowner IS NOT NULL
todo,pg_catalog,11_1214_6_not_null,refobjid IS NOT NULL
todo,pg_catalog,11_2753_4_not_null,opfnamespace IS NOT NULL
todo,pg_catalog,11_2619_15_not_null,staop4 IS NOT NULL
todo,pg_catalog,11_2602_6_not_null,amoppurpose IS NOT NULL
todo,pg_catalog,11_1247_17_not_null,typreceive IS NOT NULL
todo,pg_catalog,11_3596_1_not_null,objoid IS NOT NULL
todo,pg_catalog,11_2600_15_not_null,aggmfinalmodify IS NOT NULL
todo,pg_catalog,11_2616_1_not_null,oid IS NOT NULL
todo,pg_catalog,11_3541_4_not_null,rngsubopc IS NOT NULL
todo,pg_catalog,11_2619_18_not_null,stacoll2 IS NOT NULL
todo,pg_catalog,11_3501_4_not_null,enumlabel IS NOT NULL
todo,pg_catalog,11_1247_16_not_null,typoutput IS NOT NULL
todo,pg_catalog,11_3600_3_not_null,dictnamespace IS NOT NULL
todo,pg_catalog,11_6000_1_not_null,roident IS NOT NULL
todo,pg_catalog,11_3541_3_not_null,rngcollation IS NOT NULL
todo,pg_catalog,11_1249_18_not_null,attisdropped IS NOT NULL
todo,pg_catalog,11_1249_1_not_null,attrelid IS NOT NULL
todo,pg_catalog,11_3600_2_not_null,dictname IS NOT NULL
todo,pg_catalog,11_2608_3_not_null,objsubid IS NOT NULL
todo,pg_catalog,11_2603_3_not_null,amproclefttype IS NOT NULL
todo,pg_catalog,11_6100_9_not_null,subpublications IS NOT NULL
todo,pg_catalog,11_1418_3_not_null,umserver IS NOT NULL
todo,pg_catalog,11_1249_13_not_null,attnotnull IS NOT NULL
todo,pg_catalog,11_3118_2_not_null,ftserver IS NOT NULL
todo,pg_catalog,11_6104_9_not_null,pubviaroot IS NOT NULL
todo,pg_catalog,11_3350_3_not_null,partnatts IS NOT NULL
todo,pg_catalog,11_1247_23_not_null,typstorage IS NOT NULL
todo,pg_catalog,11_1259_10_not_null,relpages IS NOT NULL
todo,pg_catalog,11_2606_6_not_null,condeferred IS NOT NULL
todo,pg_catalog,11_1255_2_not_null,proname IS NOT NULL
todo,pg_catalog,11_2619_8_not_null,stakind2 IS NOT NULL
todo,pg_catalog,11_3592_4_not_null,label IS NOT NULL
todo,pg_catalog,11_2964_1_not_null,setdatabase IS NOT NULL
todo,pg_catalog,11_1247_9_not_null,typispreferred IS NOT NULL
todo,pg_catalog,11_2608_7_not_null,deptype IS NOT NULL
todo,pg_catalog,11_2600_9_not_null,aggmtransfn IS NOT NULL
todo,pg_catalog,11_3350_7_not_null,partcollation IS NOT NULL
todo,pg_catalog,11_1214_5_not_null,refclassid IS NOT NULL
todo,pg_catalog,11_2619_19_not_null,stacoll3 IS NOT NULL
todo,pg_catalog,11_2605_6_not_null,castmethod IS NOT NULL
todo,pg_catalog,11_2603_5_not_null,amprocnum IS NOT NULL
todo,pg_catalog,11_2616_7_not_null,opcintype IS NOT NULL
todo,pg_catalog,11_2619_4_not_null,stanullfrac IS NOT NULL
todo,pg_catalog,11_2600_19_not_null,aggmtranstype IS NOT NULL
todo,pg_catalog,11_2606_13_not_null,confupdtype IS NOT NULL
todo,pg_catalog,11_2602_1_not_null,oid IS NOT NULL
todo,pg_catalog,11_2608_5_not_null,refobjid IS NOT NULL
todo,pg_catalog,11_2600_10_not_null,aggminvtransfn IS NOT NULL
todo,pg_catalog,11_1255_17_not_null,pronargs IS NOT NULL
todo,pg_catalog,11_2600_13_not_null,aggmfinalextra IS NOT NULL
todo,pg_catalog,11_1259_20_not_null,relhasrules IS NOT NULL
todo,pg_catalog,11_3600_5_not_null,dicttemplate IS NOT NULL
todo,pg_catalog,11_2620_14_not_null,tgnargs IS NOT NULL
todo,pg_catalog,11_2620_15_not_null,tgattr IS NOT NULL
todo,pg_catalog,11_1249_12_not_null,attalign IS NOT NULL
todo,pg_catalog,11_2602_8_not_null,amopmethod IS NOT NULL
todo,pg_catalog,11_6106_2_not_null,prpubid IS NOT NULL
todo,pg_catalog,11_1259_9_not_null,reltablespace IS NOT NULL
todo,pg_catalog,11_6102_3_not_null,srsubstate IS NOT NULL
todo,pg_catalog,11_1255_13_not_null,proisstrict IS NOT NULL
todo,pg_catalog,11_1255_19_not_null,prorettype IS NOT NULL
todo,pg_catalog,11_2620_12_not_null,tgdeferrable IS NOT NULL
todo,pg_catalog,11_2617_15_not_null,oprjoin IS NOT NULL
todo,pg_catalog,11_2602_3_not_null,amoplefttype IS NOT NULL
todo,pg_catalog,11_6104_1_not_null,oid IS NOT NULL
todo,pg_catalog,11_2610_6_not_null,indisprimary IS NOT NULL
todo,pg_catalog,11_2609_1_not_null,objoid IS NOT NULL
todo,pg_catalog,11_2619_16_not_null,staop5 IS NOT NULL
todo,pg_catalog,11_2618_6_not_null,is_instead IS NOT NULL
todo,pg_catalog,11_6100_8_not_null,subsynccommit IS NOT NULL
todo,pg_catalog,11_2620_8_not_null,tgisinternal IS NOT NULL
todo,pg_catalog,11_2610_4_not_null,indnkeyatts IS NOT NULL
todo,pg_catalog,11_3350_1_not_null,partrelid IS NOT NULL
todo,pg_catalog,11_2617_12_not_null,oprnegate IS NOT NULL
todo,pg_catalog,11_3256_4_not_null,polcmd IS NOT NULL
todo,pg_catalog,11_2619_1_not_null,starelid IS NOT NULL
todo,pg_catalog,11_1247_4_not_null,typowner IS NOT NULL
todo,pg_catalog,11_2753_3_not_null,opfname IS NOT NULL
todo,pg_catalog,11_2618_2_not_null,rulename IS NOT NULL
todo,pg_catalog,11_2607_5_not_null,conforencoding IS NOT NULL
todo,pg_catalog,11_1261_2_not_null,member IS NOT NULL
todo,pg_catalog,11_3350_2_not_null,partstrat IS NOT NULL
todo,pg_catalog,11_2600_6_not_null,aggcombinefn IS NOT NULL
todo,pg_catalog,11_6104_4_not_null,puballtables IS NOT NULL
todo,pg_catalog,11_3592_1_not_null,objoid IS NOT NULL
todo,pg_catalog,11_3381_7_not_null,stxkeys IS NOT NULL
todo,pg_catalog,11_1259_25_not_null,relispopulated IS NOT NULL
todo,pg_catalog,11_2610_3_not_null,indnatts IS NOT NULL
todo,pg_catalog,11_2606_14_not_null,confdeltype IS NOT NULL
todo,pg_catalog,11_1255_3_not_null,pronamespace IS NOT NULL
todo,pg_catalog,11_2620_10_not_null,tgconstrindid IS NOT NULL
todo,pg_catalog,11_1259_27_not_null,relispartition IS NOT NULL
todo,pg_catalog,11_3350_4_not_null,partdefid IS NOT NULL
todo,pg_catalog,11_6100_5_not_null,subenabled IS NOT NULL
todo,pg_catalog,11_2753_2_not_null,opfmethod IS NOT NULL
todo,pg_catalog,11_1259_21_not_null,relhastriggers IS NOT NULL
todo,pg_catalog,11_3576_4_not_null,trffromsql IS NOT NULL
todo,pg_catalog,11_1255_26_not_null,prosrc IS NOT NULL
todo,pg_catalog,11_1262_4_not_null,encoding IS NOT NULL
todo,pg_catalog,11_2224_5_not_null,seqmax IS NOT NULL
todo,pg_catalog,11_3600_1_not_null,oid IS NOT NULL
todo,pg_catalog,11_6102_2_not_null,srrelid IS NOT NULL
todo,pg_catalog,11_1249_11_not_null,attstorage IS NOT NULL
todo,pg_catalog,11_3602_1_not_null,oid IS NOT NULL
todo,pg_catalog,11_6104_2_not_null,pubname IS NOT NULL
todo,pg_catalog,11_3541_5_not_null,rngcanonical IS NOT NULL
todo,pg_catalog,11_3541_2_not_null,rngsubtype IS NOT NULL
todo,pg_catalog,11_3596_3_not_null,objsubid IS NOT NULL
todo,pg_catalog,11_1260_6_not_null,rolcreatedb IS NOT NULL
todo,pg_catalog,11_2606_18_not_null,connoinherit IS NOT NULL
todo,pg_catalog,11_1418_2_not_null,umuser IS NOT NULL
todo,pg_catalog,11_2617_6_not_null,oprcanmerge IS NOT NULL
todo,pg_catalog,11_2600_11_not_null,aggmfinalfn IS NOT NULL
todo,pg_catalog,11_2616_5_not_null,opcowner IS NOT NULL
todo,pg_catalog,11_2610_7_not_null,indisexclusion IS NOT NULL
todo,pg_catalog,11_2328_1_not_null,oid IS NOT NULL
todo,pg_catalog,11_2328_5_not_null,fdwvalidator IS NOT NULL
todo,pg_catalog,11_3602_3_not_null,cfgnamespace IS NOT NULL
todo,pg_catalog,11_2616_9_not_null,opckeytype IS NOT NULL
todo,pg_catalog,11_6106_1_not_null,oid IS NOT NULL
todo,pg_catalog,11_2608_4_not_null,refclassid IS NOT NULL
todo,pg_catalog,11_2605_5_not_null,castcontext IS NOT NULL
todo,pg_catalog,11_2613_1_not_null,loid IS NOT NULL
todo,pg_catalog,11_2617_8_not_null,oprleft IS NOT NULL
todo,pg_catalog,11_2618_1_not_null,oid IS NOT NULL
todo,pg_catalog,11_1249_8_not_null,attcacheoff IS NOT NULL
todo,pg_catalog,11_6100_3_not_null,subname IS NOT NULL
todo,pg_catalog,11_2620_6_not_null,tgtype IS NOT NULL
todo,pg_catalog,11_1259_22_not_null,relhassubclass IS NOT NULL
todo,pg_catalog,11_2613_3_not_null,data IS NOT NULL
todo,pg_catalog,11_2224_7_not_null,seqcache IS NOT NULL
todo,pg_catalog,11_1417_2_not_null,srvname IS NOT NULL
todo,pg_catalog,11_2617_14_not_null,oprrest IS NOT NULL
todo,pg_catalog,11_2328_2_not_null,fdwname IS NOT NULL
todo,pg_catalog,11_2602_2_not_null,amopfamily IS NOT NULL
todo,pg_catalog,11_3576_3_not_null,trflang IS NOT NULL
todo,pg_catalog,11_2617_7_not_null,oprcanhash IS NOT NULL
todo,pg_catalog,11_2607_7_not_null,conproc IS NOT NULL
todo,pg_catalog,11_3256_5_not_null,polpermissive IS NOT NULL
todo,pg_catalog,11_2618_5_not_null,ev_enabled IS NOT NULL
todo,pg_catalog,11_2615_3_not_null,nspowner IS NOT NULL
todo,pg_catalog,11_3601_3_not_null,prsnamespace IS NOT NULL
todo,pg_catalog,11_1247_20_not_null,typmodout IS NOT NULL
todo,pg_catalog,11_2603_4_not_null,amprocrighttype IS NOT NULL
todo,pg_catalog,11_2617_1_not_null,oid IS NOT NULL
todo,pg_catalog,11_1255_6_not_null,procost IS NOT NULL
todo,pg_catalog,11_6100_4_not_null,subowner IS NOT NULL
todo,pg_catalog,11_2620_9_not_null,tgconstrrelid IS NOT NULL
todo,pg_catalog,11_3256_6_not_null,polroles IS NOT NULL
todo,pg_catalog,11_2605_1_not_null,oid IS NOT NULL
todo,pg_catalog,11_6106_3_not_null,prrelid IS NOT NULL
todo,pg_catalog,11_1247_2_not_null,typname IS NOT NULL
todo,pg_catalog,11_2619_14_not_null,staop3 IS NOT NULL
todo,pg_catalog,11_1262_13_not_null,dattablespace IS NOT NULL
todo,pg_catalog,11_3079_5_not_null,extrelocatable IS NOT NULL
todo,pg_catalog,11_1262_3_not_null,datdba IS NOT NULL
todo,pg_catalog,11_2600_3_not_null,aggnumdirectargs IS NOT NULL
todo,pg_catalog,11_2600_1_not_null,aggfnoid IS NOT NULL
todo,pg_catalog,11_1249_10_not_null,attbyval IS NOT NULL
todo,pg_catalog,11_2606_11_not_null,conparentid IS NOT NULL
todo,pg_catalog,11_2612_8_not_null,lanvalidator IS NOT NULL
todo,pg_catalog,11_1247_8_not_null,typcategory IS NOT NULL
todo,pg_catalog,11_3603_4_not_null,mapdict IS NOT NULL
todo,pg_catalog,11_2617_2_not_null,oprname IS NOT NULL
todo,pg_catalog,11_1247_21_not_null,typanalyze IS NOT NULL
todo,pg_catalog,11_2610_12_not_null,indisready IS NOT NULL
todo,pg_catalog,11_2604_2_not_null,adrelid IS NOT NULL
todo,pg_catalog,11_3603_3_not_null,mapseqno IS NOT NULL
todo,pg_catalog,11_1255_4_not_null,proowner IS NOT NULL
todo,pg_catalog,11_3601_8_not_null,prslextype IS NOT NULL
todo,pg_catalog,11_2753_5_not_null,opfowner IS NOT NULL
todo,pg_catalog,11_2224_6_not_null,seqmin IS NOT NULL
todo,pg_catalog,11_1247_5_not_null,typlen IS NOT NULL
todo,pg_catalog,11_3456_1_not_null,oid IS NOT NULL
todo,pg_catalog,11_1247_14_not_null,typarray IS NOT NULL
todo,pg_catalog,11_1262_11_not_null,datfrozenxid IS NOT NULL
todo,pg_catalog,11_6100_1_not_null,oid IS NOT NULL
todo,pg_catalog,11_2618_4_not_null,ev_type IS NOT NULL
todo,pg_catalog,11_1259_5_not_null,reloftype IS NOT NULL
todo,pg_catalog,11_2618_7_not_null,ev_qual IS NOT NULL
todo,pg_catalog,11_1259_8_not_null,relfilenode IS NOT NULL
todo,pg_catalog,11_2600_20_not_null,aggmtransspace IS NOT NULL
todo,pg_catalog,11_1247_6_not_null,typbyval IS NOT NULL
todo,pg_catalog,11_1259_6_not_null,relowner IS NOT NULL
todo,pg_catalog,11_6100_2_not_null,subdbid IS NOT NULL
todo,pg_catalog,11_1260_10_not_null,rolconnlimit IS NOT NULL
todo,pg_catalog,11_1249_3_not_null,atttypid IS NOT NULL
todo,pg_catalog,11_2601_1_not_null,oid IS NOT NULL
todo,pg_catalog,11_1249_6_not_null,attnum IS NOT NULL
todo,pg_catalog,11_2606_1_not_null,oid IS NOT NULL
todo,pg_catalog,11_3118_1_not_null,ftrelid IS NOT NULL
todo,pg_catalog,11_2620_2_not_null,tgrelid IS NOT NULL
todo,pg_catalog,11_2616_2_not_null,opcmethod IS NOT NULL
todo,pg_catalog,11_2619_12_not_null,staop1 IS NOT NULL
todo,pg_catalog,11_2620_1_not_null,oid IS NOT NULL
todo,pg_catalog,11_3603_2_not_null,maptokentype IS NOT NULL
todo,pg_catalog,11_2602_7_not_null,amopopr IS NOT NULL
todo,pg_catalog,11_2619_7_not_null,stakind1 IS NOT NULL
todo,pg_catalog,11_2606_15_not_null,confmatchtype IS NOT NULL
todo,pg_catalog,11_2609_3_not_null,objsubid IS NOT NULL
todo,pg_catalog,11_2606_3_not_null,connamespace IS NOT NULL
todo,pg_catalog,11_2619_3_not_null,stainherit IS NOT NULL
todo,pg_catalog,11_2619_2_not_null,staattnum IS NOT NULL
todo,pg_catalog,11_2616_4_not_null,opcnamespace IS NOT NULL
todo,pg_catalog,11_2619_11_not_null,stakind5 IS NOT NULL
todo,pg_catalog,11_2617_10_not_null,oprresult IS NOT NULL
todo,pg_catalog,11_2618_8_not_null,ev_action IS NOT NULL
todo,pg_catalog,11_2620_11_not_null,tgconstraint IS NOT NULL
todo,pg_catalog,11_3456_5_not_null,collprovider IS NOT NULL
todo,pg_catalog,11_1417_1_not_null,oid IS NOT NULL
todo,pg_catalog,11_1261_3_not_null,grantor IS NOT NULL
todo,pg_catalog,11_2619_9_not_null,stakind3 IS NOT NULL
todo,pg_catalog,11_1247_28_not_null,typcollation IS NOT NULL
todo,pg_catalog,11_2616_3_not_null,opcname IS NOT NULL
todo,pg_catalog,11_3381_6_not_null,stxstattarget IS NOT NULL
todo,pg_catalog,11_1259_28_not_null,relrewrite IS NOT NULL
todo,pg_catalog,11_2620_7_not_null,tgenabled IS NOT NULL
todo,pg_catalog,11_1259_15_not_null,relisshared IS NOT NULL
todo,pg_catalog,11_2610_18_not_null,indoption IS NOT NULL
todo,pg_catalog,11_2600_16_not_null,aggsortop IS NOT NULL
todo,pg_catalog,11_2612_2_not_null,lanname IS NOT NULL
todo,pg_catalog,11_2612_6_not_null,lanplcallfoid IS NOT NULL
todo,pg_catalog,11_1249_2_not_null,attname IS NOT NULL
todo,pg_catalog,11_3466_1_not_null,oid IS NOT NULL
todo,pg_catalog,11_1213_1_not_null,oid IS NOT NULL
todo,pg_catalog,11_3764_5_not_null,tmpllexize IS NOT NULL
todo,pg_catalog,11_2610_8_not_null,indimmediate IS NOT NULL
todo,pg_catalog,11_1247_18_not_null,typsend IS NOT NULL
todo,pg_catalog,11_6104_5_not_null,pubinsert IS NOT NULL
todo,pg_catalog,11_1418_1_not_null,oid IS NOT NULL
todo,pg_catalog,11_1249_15_not_null,atthasmissing IS NOT NULL
todo,pg_catalog,11_3576_5_not_null,trftosql IS NOT NULL
todo,pg_catalog,11_2607_4_not_null,conowner IS NOT NULL
todo,pg_catalog,11_2600_17_not_null,aggtranstype IS NOT NULL
todo,pg_catalog,11_2603_2_not_null,amprocfamily IS NOT NULL
todo,pg_catalog,11_2600_7_not_null,aggserialfn IS NOT NULL
todo,pg_catalog,11_3764_4_not_null,tmplinit IS NOT NULL
todo,information_schema,yes_or_no_check,"(((VALUE)::text = ANY ((ARRAY['YES'::character varying, 'NO'::character varying])::text[])))"
todo,pg_catalog,11_2607_6_not_null,contoencoding IS NOT NULL
todo,pg_catalog,11_3596_5_not_null,label IS NOT NULL
todo,pg_catalog,11_1214_2_not_null,classid IS NOT NULL
todo,pg_catalog,11_2607_3_not_null,connamespace IS NOT NULL
todo,pg_catalog,11_2615_1_not_null,oid IS NOT NULL
todo,pg_catalog,11_2610_17_not_null,indclass IS NOT NULL
todo,pg_catalog,11_1247_26_not_null,typtypmod IS NOT NULL
todo,pg_catalog,11_3596_2_not_null,classoid IS NOT NULL
todo,pg_catalog,11_1262_7_not_null,datistemplate IS NOT NULL
todo,pg_catalog,11_3256_3_not_null,polrelid IS NOT NULL
todo,pg_catalog,11_2612_4_not_null,lanispl IS NOT NULL
todo,pg_catalog,11_1259_18_not_null,relnatts IS NOT NULL
todo,pg_catalog,11_2619_5_not_null,stawidth IS NOT NULL
todo,pg_catalog,11_2328_3_not_null,fdwowner IS NOT NULL
todo,pg_catalog,11_3501_3_not_null,enumsortorder IS NOT NULL
todo,pg_catalog,11_1249_16_not_null,attidentity IS NOT NULL
todo,pg_catalog,11_1260_7_not_null,rolcanlogin IS NOT NULL
todo,pg_catalog,11_2396_3_not_null,description IS NOT NULL
todo,pg_catalog,11_2610_16_not_null,indcollation IS NOT NULL
todo,pg_catalog,11_1255_20_not_null,proargtypes IS NOT NULL
todo,pg_catalog,11_2608_6_not_null,refobjsubid IS NOT NULL
todo,pg_catalog,11_2610_15_not_null,indkey IS NOT NULL
todo,pg_catalog,11_1262_10_not_null,datlastsysoid IS NOT NULL
todo,pg_catalog,11_826_2_not_null,defaclrole IS NOT NULL
todo,pg_catalog,11_2600_4_not_null,aggtransfn IS NOT NULL
todo,pg_catalog,11_2606_10_not_null,conindid IS NOT NULL
todo,pg_catalog,11_1214_4_not_null,objsubid IS NOT NULL
todo,pg_catalog,11_3381_1_not_null,oid IS NOT NULL
todo,pg_catalog,11_1247_7_not_null,typtype IS NOT NULL
todo,pg_catalog,11_1213_3_not_null,spcowner IS NOT NULL
todo,pg_catalog,11_1417_4_not_null,srvfdw IS NOT NULL
todo,pg_catalog,11_2606_12_not_null,confrelid IS NOT NULL
todo,pg_catalog,11_1259_24_not_null,relforcerowsecurity IS NOT NULL
todo,pg_catalog,11_2224_4_not_null,seqincrement IS NOT NULL
todo,pg_catalog,11_2606_8_not_null,conrelid IS NOT NULL
todo,pg_catalog,11_1247_11_not_null,typdelim IS NOT NULL
todo,pg_catalog,11_3541_1_not_null,rngtypid IS NOT NULL
todo,pg_catalog,11_2617_3_not_null,oprnamespace IS NOT NULL
todo,pg_catalog,11_1255_18_not_null,pronargdefaults IS NOT NULL
todo,pg_catalog,11_3381_2_not_null,stxrelid IS NOT NULL
todo,pg_catalog,11_2224_2_not_null,seqtypid IS NOT NULL
todo,pg_catalog,11_2604_4_not_null,adbin IS NOT NULL
todo,pg_catalog,11_1255_15_not_null,provolatile IS NOT NULL
todo,pg_catalog,11_2606_5_not_null,condeferrable IS NOT NULL
todo,pg_catalog,11_1259_19_not_null,relchecks IS NOT NULL
todo,pg_catalog,11_3501_1_not_null,oid IS NOT NULL
todo,pg_catalog,11_3466_2_not_null,evtname IS NOT NULL
todo,pg_catalog,11_6100_6_not_null,subconninfo IS NOT NULL
todo,pg_catalog,11_2620_3_not_null,tgparentid IS NOT NULL
todo,pg_catalog,11_2619_20_not_null,stacoll4 IS NOT NULL
todo,pg_catalog,11_1259_14_not_null,relhasindex IS NOT NULL
todo,pg_catalog,11_1255_10_not_null,prokind IS NOT NULL
todo,pg_catalog,11_2224_8_not_null,seqcycle IS NOT NULL
todo,pg_catalog,11_2612_7_not_null,laninline IS NOT NULL
todo,pg_catalog,11_2620_5_not_null,tgfoid IS NOT NULL
todo,pg_catalog,11_2606_4_not_null,contype IS NOT NULL
todo,pg_catalog,11_2616_6_not_null,opcfamily IS NOT NULL
todo,pg_catalog,11_1249_4_not_null,attstattarget IS NOT NULL
todo,pg_catalog,11_3456_8_not_null,collcollate IS NOT NULL
todo,pg_catalog,11_2608_2_not_null,objid IS NOT NULL
todo,pg_catalog,11_2600_8_not_null,aggdeserialfn IS NOT NULL
todo,pg_catalog,11_3456_9_not_null,collctype IS NOT NULL
todo,pg_catalog,11_2396_2_not_null,classoid IS NOT NULL
todo,pg_catalog,11_2601_2_not_null,amname IS NOT NULL
todo,pg_catalog,11_2609_2_not_null,classoid IS NOT NULL
todo,pg_catalog,11_3466_6_not_null,evtenabled IS NOT NULL
todo,pg_catalog,11_2224_3_not_null,seqstart IS NOT NULL
todo,pg_catalog,11_1255_9_not_null,prosupport IS NOT NULL
todo,pg_catalog,11_3601_4_not_null,prsstart IS NOT NULL
todo,pg_catalog,11_1249_9_not_null,atttypmod IS NOT NULL
todo,pg_catalog,11_2617_11_not_null,oprcom IS NOT NULL
todo,pg_catalog,11_2603_6_not_null,amproc IS NOT NULL
todo,pg_catalog,11_2601_4_not_null,amtype IS NOT NULL
todo,pg_catalog,11_1247_19_not_null,typmodin IS NOT NULL
todo,pg_catalog,11_2964_2_not_null,setrole IS NOT NULL
todo,pg_catalog,11_2601_3_not_null,amhandler IS NOT NULL
todo,pg_catalog,11_1249_21_not_null,attcollation IS NOT NULL
todo,pg_catalog,11_3456_6_not_null,collisdeterministic IS NOT NULL
todo,pg_catalog,11_2610_14_not_null,indisreplident IS NOT NULL
todo,pg_catalog,11_1262_5_not_null,datcollate IS NOT NULL
todo,pg_catalog,11_3601_2_not_null,prsname IS NOT NULL
todo,pg_catalog,11_2610_13_not_null,indislive IS NOT NULL
todo,pg_catalog,11_3501_2_not_null,enumtypid IS NOT NULL
todo,pg_catalog,11_2600_2_not_null,aggkind IS NOT NULL
todo,pg_catalog,11_1247_1_not_null,oid IS NOT NULL
todo,pg_catalog,11_2609_4_not_null,description IS NOT NULL
todo,pg_catalog,11_1214_7_not_null,deptype IS NOT NULL
todo,pg_catalog,11_3079_2_not_null,extname IS NOT NULL
todo,pg_catalog,11_3394_1_not_null,objoid IS NOT NULL
todo,pg_catalog,11_3079_1_not_null,oid IS NOT NULL
todo,pg_catalog,11_1255_1_not_null,oid IS NOT NULL
todo,pg_catalog,11_2605_4_not_null,castfunc IS NOT NULL
todo,pg_catalog,11_2603_1_not_null,oid IS NOT NULL
todo,pg_catalog,11_1259_30_not_null,relminmxid IS NOT NULL
todo,pg_catalog,11_1249_17_not_null,attgenerated IS NOT NULL
todo,pg_catalog,11_2617_13_not_null,oprcode IS NOT NULL
todo,pg_catalog,11_1247_10_not_null,typisdefined IS NOT NULL
todo,pg_catalog,11_2607_2_not_null,conname IS NOT NULL
todo,pg_catalog,11_1259_16_not_null,relpersistence IS NOT NULL
todo,pg_catalog,11_3541_6_not_null,rngsubdiff IS NOT NULL
todo,pg_catalog,11_2619_21_not_null,stacoll5 IS NOT NULL
todo,pg_catalog,11_2612_1_not_null,oid IS NOT NULL
todo,pg_catalog,11_2600_14_not_null,aggfinalmodify IS NOT NULL
todo,pg_catalog,11_3600_4_not_null,dictowner IS NOT NULL
todo,pg_catalog,11_1261_1_not_null,roleid IS NOT NULL
todo,pg_catalog,11_2600_5_not_null,aggfinalfn IS NOT NULL
todo,pg_catalog,11_1247_22_not_null,typalign IS NOT NULL
todo,pg_catalog,11_1255_11_not_null,prosecdef IS NOT NULL
todo,pg_catalog,11_1259_13_not_null,reltoastrelid IS NOT NULL
todo,pg_catalog,11_2605_3_not_null,casttarget IS NOT NULL
todo,pg_catalog,11_1255_16_not_null,proparallel IS NOT NULL
todo,pg_catalog,11_2612_5_not_null,lanpltrusted IS NOT NULL
todo,pg_catalog,11_3394_5_not_null,initprivs IS NOT NULL
todo,pg_catalog,11_3079_6_not_null,extversion IS NOT NULL
todo,pg_catalog,11_2606_2_not_null,conname IS NOT NULL
todo,pg_catalog,11_3576_2_not_null,trftype IS NOT NULL
todo,pg_catalog,11_2612_3_not_null,lanowner IS NOT NULL
todo,pg_catalog,11_1255_7_not_null,prorows IS NOT NULL
todo,pg_catalog,11_1262_2_not_null,datname IS NOT NULL
todo,pg_catalog,11_2618_3_not_null,ev_class IS NOT NULL
todo,pg_catalog,11_1260_2_not_null,rolname IS NOT NULL
todo,pg_catalog,11_1260_1_not_null,oid IS NOT NULL
todo,pg_catalog,11_2619_10_not_null,stakind4 IS NOT NULL
todo,pg_catalog,11_1255_5_not_null,prolang IS NOT NULL
todo,pg_catalog,11_1261_4_not_null,admin_option IS NOT NULL
todo,pg_catalog,11_2602_5_not_null,amopstrategy IS NOT NULL
todo,pg_catalog,11_1259_17_not_null,relkind IS NOT NULL
todo,pg_catalog,11_2606_17_not_null,coninhcount IS NOT NULL
todo,pg_catalog,11_2611_1_not_null,inhrelid IS NOT NULL
todo,pg_catalog,11_1249_14_not_null,atthasdef IS NOT NULL
todo,pg_catalog,11_3601_5_not_null,prstoken IS NOT NULL
todo,pg_catalog,11_2611_2_not_null,inhparent IS NOT NULL
todo,pg_catalog,11_1247_24_not_null,typnotnull IS NOT NULL
todo,pg_catalog,11_2328_4_not_null,fdwhandler IS NOT NULL
todo,pg_catalog,11_1262_6_not_null,datctype IS NOT NULL
todo,pg_catalog,11_2611_3_not_null,inhseqno IS NOT NULL
todo,pg_catalog,11_2606_7_not_null,convalidated IS NOT NULL
todo,pg_catalog,11_826_5_not_null,defaclacl IS NOT NULL
todo,pg_catalog,11_2619_6_not_null,stadistinct IS NOT NULL
todo,pg_catalog,11_3456_4_not_null,collowner IS NOT NULL
todo,pg_catalog,11_2617_5_not_null,oprkind IS NOT NULL
todo,pg_catalog,11_2753_1_not_null,oid IS NOT NULL
todo,pg_catalog,11_2610_5_not_null,indisunique IS NOT NULL
todo,pg_catalog,11_6102_1_not_null,srsubid IS NOT NULL
todo,pg_catalog,11_1260_3_not_null,rolsuper IS NOT NULL
todo,pg_catalog,11_2619_17_not_null,stacoll1 IS NOT NULL
todo,pg_catalog,11_3394_4_not_null,privtype IS NOT NULL
todo,pg_catalog,11_2602_4_not_null,amoprighttype IS NOT NULL
todo,pg_catalog,11_3466_3_not_null,evtevent IS NOT NULL
todo,pg_catalog,11_3381_8_not_null,stxkind IS NOT NULL
todo,pg_catalog,11_3456_7_not_null,collencoding IS NOT NULL
todo,pg_catalog,11_2604_1_not_null,oid IS NOT NULL
todo,pg_catalog,11_3601_7_not_null,prsheadline IS NOT NULL
todo,pg_catalog,11_2620_13_not_null,tginitdeferred IS NOT NULL
todo,pg_catalog,11_3350_5_not_null,partattrs IS NOT NULL
todo,pg_catalog,11_3394_2_not_null,classoid IS NOT NULL
todo,pg_catalog,11_2620_16_not_null,tgargs IS NOT NULL
todo,pg_catalog,11_1259_12_not_null,relallvisible IS NOT NULL
todo,pg_catalog,11_2604_3_not_null,adnum IS NOT NULL
todo,pg_catalog,11_1259_11_not_null,reltuples IS NOT NULL
todo,pg_catalog,11_1247_25_not_null,typbasetype IS NOT NULL
todo,pg_catalog,11_2224_1_not_null,seqrelid IS NOT NULL
todo,pg_catalog,11_2995_1_not_null,oid IS NOT NULL
todo,pg_catalog,11_2600_12_not_null,aggfinalextra IS NOT NULL
todo,pg_catalog,11_3079_4_not_null,extnamespace IS NOT NULL
todo,pg_catalog,11_2610_1_not_null,indexrelid IS NOT NULL
todo,pg_catalog,11_3256_2_not_null,polname IS NOT NULL
todo,pg_catalog,11_3764_1_not_null,oid IS NOT NULL
todo,pg_catalog,11_2607_1_not_null,oid IS NOT NULL
todo,pg_catalog,11_3602_4_not_null,cfgowner IS NOT NULL
todo,pg_catalog,11_3603_1_not_null,mapcfg IS NOT NULL
todo,pg_catalog,11_2617_9_not_null,oprright IS NOT NULL
todo,pg_catalog,11_1259_3_not_null,relnamespace IS NOT NULL
todo,pg_catalog,11_3602_5_not_null,cfgparser IS NOT NULL
todo,pg_catalog,11_3079_3_not_null,extowner IS NOT NULL
todo,pg_catalog,11_3350_6_not_null,partclass IS NOT NULL
todo,pg_catalog,11_3456_2_not_null,collname IS NOT NULL
todo,pg_catalog,11_2605_2_not_null,castsource IS NOT NULL
todo,pg_catalog,11_3601_6_not_null,prsend IS NOT NULL
todo,pg_catalog,11_1247_3_not_null,typnamespace IS NOT NULL
todo,pg_catalog,11_1417_3_not_null,srvowner IS NOT NULL
todo,pg_catalog,11_3601_1_not_null,oid IS NOT NULL
todo,pg_catalog,11_1247_15_not_null,typinput IS NOT NULL
todo,pg_catalog,11_1262_12_not_null,datminmxid IS NOT NULL
todo,pg_catalog,11_1255_12_not_null,proleakproof IS NOT NULL
todo,pg_catalog,11_1249_5_not_null,attlen IS NOT NULL
