10840,397,2277,2277,1,btarraycmp
10841,423,1560,1560,1,bitcmp
10842,423,1560,1560,4,btequalimage
10843,424,16,16,1,btboolcmp
10844,424,16,16,4,btequalimage
10845,426,1042,1042,1,bpcharcmp
10846,426,1042,1042,2,bpchar_sortsupport
10847,426,1042,1042,4,btvarstrequalimage
10848,428,17,17,1,byteacmp
10849,428,17,17,2,bytea_sortsupport
10850,428,17,17,4,btequalimage
10851,429,18,18,1,btcharcmp
10852,429,18,18,4,btequalimage
10853,434,1082,1082,1,date_cmp
10854,434,1082,1082,2,date_sortsupport
10855,434,1082,1082,4,btequalimage
10856,434,1082,1114,1,date_cmp_timestamp
10857,434,1082,1184,1,date_cmp_timestamptz
10858,434,1114,1114,1,timestamp_cmp
10859,434,1114,1114,2,timestamp_sortsupport
10860,434,1114,1114,4,btequalimage
10861,434,1114,1082,1,timestamp_cmp_date
10862,434,1114,1184,1,timestamp_cmp_timestamptz
10863,434,1184,1184,1,timestamptz_cmp
10864,434,1184,1184,2,timestamp_sortsupport
10865,434,1184,1184,4,btequalimage
10866,434,1184,1082,1,timestamptz_cmp_date
10867,434,1184,1114,1,timestamptz_cmp_timestamp
10868,434,1082,1186,3,pg_catalog.in_range
10869,434,1114,1186,3,pg_catalog.in_range
10870,434,1184,1186,3,pg_catalog.in_range
10871,1970,700,700,1,btfloat4cmp
10872,1970,700,700,2,btfloat4sortsupport
10873,1970,700,701,1,btfloat48cmp
10874,1970,701,701,1,btfloat8cmp
10875,1970,701,701,2,btfloat8sortsupport
10876,1970,701,700,1,btfloat84cmp
10877,1970,701,701,3,pg_catalog.in_range
10878,1970,700,701,3,pg_catalog.in_range
10879,1974,869,869,1,network_cmp
10880,1974,869,869,2,network_sortsupport
10881,1974,869,869,4,btequalimage
10882,1976,21,21,1,btint2cmp
10883,1976,21,21,2,btint2sortsupport
10884,1976,21,21,4,btequalimage
10885,1976,21,23,1,btint24cmp
10886,1976,21,20,1,btint28cmp
10887,1976,21,20,3,pg_catalog.in_range
10888,1976,21,23,3,pg_catalog.in_range
10889,1976,21,21,3,pg_catalog.in_range
10890,1976,23,23,1,btint4cmp
10891,1976,23,23,2,btint4sortsupport
10892,1976,23,23,4,btequalimage
10893,1976,23,20,1,btint48cmp
10894,1976,23,21,1,btint42cmp
10895,1976,23,20,3,pg_catalog.in_range
10896,1976,23,23,3,pg_catalog.in_range
10897,1976,23,21,3,pg_catalog.in_range
10898,1976,20,20,1,btint8cmp
10899,1976,20,20,2,btint8sortsupport
10900,1976,20,20,4,btequalimage
10901,1976,20,23,1,btint84cmp
10902,1976,20,21,1,btint82cmp
10903,1976,20,20,3,pg_catalog.in_range
10904,1982,1186,1186,1,interval_cmp
10905,1982,1186,1186,3,pg_catalog.in_range
10906,1982,1186,1186,4,btequalimage
10907,1984,829,829,1,macaddr_cmp
10908,1984,829,829,2,macaddr_sortsupport
10909,1984,829,829,4,btequalimage
10910,1988,1700,1700,1,numeric_cmp
10911,1988,1700,1700,2,numeric_sortsupport
10912,1988,1700,1700,3,pg_catalog.in_range
10913,1989,26,26,1,btoidcmp
10914,1989,26,26,2,btoidsortsupport
10915,1989,26,26,4,btequalimage
10916,1991,30,30,1,btoidvectorcmp
10917,1991,30,30,4,btequalimage
10918,1994,25,25,1,bttextcmp
10919,1994,25,25,2,bttextsortsupport
10920,1994,25,25,4,btvarstrequalimage
10921,1994,19,19,1,btnamecmp
10922,1994,19,19,2,btnamesortsupport
10923,1994,19,19,4,btvarstrequalimage
10924,1994,19,25,1,btnametextcmp
10925,1994,25,19,1,bttextnamecmp
10926,1996,1083,1083,1,time_cmp
10927,1996,1083,1083,4,btequalimage
10928,1996,1083,1186,3,pg_catalog.in_range
10929,2000,1266,1266,1,timetz_cmp
10930,2000,1266,1266,4,btequalimage
10931,2000,1266,1186,3,pg_catalog.in_range
10932,2002,1562,1562,1,varbitcmp
10933,2002,1562,1562,4,btequalimage
10934,2095,25,25,1,bttext_pattern_cmp
10935,2095,25,25,2,bttext_pattern_sortsupport
10936,2095,25,25,4,btequalimage
10937,2097,1042,1042,1,btbpchar_pattern_cmp
10938,2097,1042,1042,2,btbpchar_pattern_sortsupport
10939,2097,1042,1042,4,btequalimage
10940,2099,790,790,1,cash_cmp
10941,2099,790,790,4,btequalimage
10942,2789,27,27,1,bttidcmp
10943,2789,27,27,4,btequalimage
10944,2968,2950,2950,1,uuid_cmp
10945,2968,2950,2950,2,uuid_sortsupport
10946,2968,2950,2950,4,btequalimage
10947,2994,2249,2249,1,btrecordcmp
10948,3194,2249,2249,1,btrecordimagecmp
10949,3253,3220,3220,1,pg_lsn_cmp
10950,3253,3220,3220,4,btequalimage
10951,3371,774,774,1,macaddr8_cmp
10952,3371,774,774,4,btequalimage
10953,3522,3500,3500,1,enum_cmp
10954,3522,3500,3500,4,btequalimage
10955,3626,3614,3614,1,tsvector_cmp
10956,3683,3615,3615,1,tsquery_cmp
10957,3901,3831,3831,1,range_cmp
10958,4033,3802,3802,1,jsonb_cmp
10959,5067,5069,5069,1,xid8cmp
10960,5067,5069,5069,4,btequalimage
10961,427,1042,1042,1,hashbpchar
10962,427,1042,1042,2,hashbpcharextended
10963,431,18,18,1,hashchar
10964,431,18,18,2,hashcharextended
10965,435,1082,1082,1,hashint4
10966,435,1082,1082,2,hashint4extended
10967,627,2277,2277,1,hash_array
10968,627,2277,2277,2,hash_array_extended
10969,1971,700,700,1,hashfloat4
10970,1971,700,700,2,hashfloat4extended
10971,1971,701,701,1,hashfloat8
10972,1971,701,701,2,hashfloat8extended
10973,1975,869,869,1,hashinet
10974,1975,869,869,2,hashinetextended
10975,1977,21,21,1,hashint2
10976,1977,21,21,2,hashint2extended
10977,1977,23,23,1,hashint4
10978,1977,23,23,2,hashint4extended
10979,1977,20,20,1,hashint8
10980,1977,20,20,2,hashint8extended
10981,1983,1186,1186,1,interval_hash
10982,1983,1186,1186,2,interval_hash_extended
10983,1985,829,829,1,hashmacaddr
10984,1985,829,829,2,hashmacaddrextended
10985,1990,26,26,1,hashoid
10986,1990,26,26,2,hashoidextended
10987,1992,30,30,1,hashoidvector
10988,1992,30,30,2,hashoidvectorextended
10989,1995,25,25,1,hashtext
10990,1995,25,25,2,hashtextextended
10991,1995,19,19,1,hashname
10992,1995,19,19,2,hashnameextended
10993,1997,1083,1083,1,time_hash
10994,1997,1083,1083,2,time_hash_extended
10995,1998,1700,1700,1,hash_numeric
10996,1998,1700,1700,2,hash_numeric_extended
10997,1999,1184,1184,1,timestamp_hash
10998,1999,1184,1184,2,timestamp_hash_extended
10999,2001,1266,1266,1,timetz_hash
11000,2001,1266,1266,2,timetz_hash_extended
11001,2040,1114,1114,1,timestamp_hash
11002,2040,1114,1114,2,timestamp_hash_extended
11003,2222,16,16,1,hashchar
11004,2222,16,16,2,hashcharextended
11005,2223,17,17,1,hashvarlena
11006,2223,17,17,2,hashvarlenaextended
11007,2225,28,28,1,hashint4
11008,2225,28,28,2,hashint4extended
11009,5032,5069,5069,1,hashint8
11010,5032,5069,5069,2,hashint8extended
11011,2226,29,29,1,hashint4
11012,2226,29,29,2,hashint4extended
11013,2227,27,27,1,hashtid
11014,2227,27,27,2,hashtidextended
11015,2229,25,25,1,hashtext
11016,2229,25,25,2,hashtextextended
11017,2231,1042,1042,1,hashbpchar
11018,2231,1042,1042,2,hashbpcharextended
11019,2235,1033,1033,1,hash_aclitem
11020,2235,1033,1033,2,hash_aclitem_extended
11021,2969,2950,2950,1,uuid_hash
11022,2969,2950,2950,2,uuid_hash_extended
11023,3254,3220,3220,1,pg_lsn_hash
11024,3254,3220,3220,2,pg_lsn_hash_extended
11025,3372,774,774,1,hashmacaddr8
11026,3372,774,774,2,hashmacaddr8extended
11027,3523,3500,3500,1,hashenum
11028,3523,3500,3500,2,hashenumextended
11029,3903,3831,3831,1,hash_range
11030,3903,3831,3831,2,hash_range_extended
11031,4034,3802,3802,1,jsonb_hash
11032,4034,3802,3802,2,jsonb_hash_extended
11033,1029,600,600,1,gist_point_consistent
11034,1029,600,600,2,gist_box_union
11035,1029,600,600,3,gist_point_compress
11036,1029,600,600,5,gist_box_penalty
11037,1029,600,600,6,gist_box_picksplit
11038,1029,600,600,7,gist_box_same
11039,1029,600,600,8,gist_point_distance
11040,1029,600,600,9,gist_point_fetch
11041,2593,603,603,1,gist_box_consistent
11042,2593,603,603,2,gist_box_union
11043,2593,603,603,5,gist_box_penalty
11044,2593,603,603,6,gist_box_picksplit
11045,2593,603,603,7,gist_box_same
11046,2593,603,603,8,gist_box_distance
11047,2594,604,604,1,gist_poly_consistent
11048,2594,604,604,2,gist_box_union
11049,2594,604,604,3,gist_poly_compress
11050,2594,604,604,5,gist_box_penalty
11051,2594,604,604,6,gist_box_picksplit
11052,2594,604,604,7,gist_box_same
11053,2594,604,604,8,gist_poly_distance
11054,2595,718,718,1,gist_circle_consistent
11055,2595,718,718,2,gist_box_union
11056,2595,718,718,3,gist_circle_compress
11057,2595,718,718,5,gist_box_penalty
11058,2595,718,718,6,gist_box_picksplit
11059,2595,718,718,7,gist_box_same
11060,2595,718,718,8,gist_circle_distance
11061,3655,3614,3614,1,pg_catalog.gtsvector_consistent
11062,3655,3614,3614,2,gtsvector_union
11063,3655,3614,3614,3,gtsvector_compress
11064,3655,3614,3614,4,gtsvector_decompress
11065,3655,3614,3614,5,gtsvector_penalty
11066,3655,3614,3614,6,gtsvector_picksplit
11067,3655,3614,3614,7,gtsvector_same
11068,3655,3614,3614,10,gtsvector_options
11069,3702,3615,3615,1,pg_catalog.gtsquery_consistent
11070,3702,3615,3615,2,gtsquery_union
11071,3702,3615,3615,3,gtsquery_compress
11072,3702,3615,3615,5,gtsquery_penalty
11073,3702,3615,3615,6,gtsquery_picksplit
11074,3702,3615,3615,7,gtsquery_same
11075,3919,3831,3831,1,range_gist_consistent
11076,3919,3831,3831,2,range_gist_union
11077,3919,3831,3831,5,range_gist_penalty
11078,3919,3831,3831,6,range_gist_picksplit
11079,3919,3831,3831,7,range_gist_same
11080,3550,869,869,1,inet_gist_consistent
11081,3550,869,869,2,inet_gist_union
11082,3550,869,869,3,inet_gist_compress
11083,3550,869,869,5,inet_gist_penalty
11084,3550,869,869,6,inet_gist_picksplit
11085,3550,869,869,7,inet_gist_same
11086,3550,869,869,9,inet_gist_fetch
11087,2745,2277,2277,2,pg_catalog.ginarrayextract
11088,2745,2277,2277,3,ginqueryarrayextract
11089,2745,2277,2277,4,ginarrayconsistent
11090,2745,2277,2277,6,ginarraytriconsistent
11091,3659,3614,3614,1,gin_cmp_tslexeme
11092,3659,3614,3614,2,pg_catalog.gin_extract_tsvector
11093,3659,3614,3614,3,pg_catalog.gin_extract_tsquery
11094,3659,3614,3614,4,pg_catalog.gin_tsquery_consistent
11095,3659,3614,3614,5,gin_cmp_prefix
11096,3659,3614,3614,6,gin_tsquery_triconsistent
11097,4036,3802,3802,1,gin_compare_jsonb
11098,4036,3802,3802,2,gin_extract_jsonb
11099,4036,3802,3802,3,gin_extract_jsonb_query
11100,4036,3802,3802,4,gin_consistent_jsonb
11101,4036,3802,3802,6,gin_triconsistent_jsonb
11102,4037,3802,3802,1,btint4cmp
11103,4037,3802,3802,2,gin_extract_jsonb_path
11104,4037,3802,3802,3,gin_extract_jsonb_query_path
11105,4037,3802,3802,4,gin_consistent_jsonb_path
11106,4037,3802,3802,6,gin_triconsistent_jsonb_path
11107,3474,3831,3831,1,spg_range_quad_config
11108,3474,3831,3831,2,spg_range_quad_choose
11109,3474,3831,3831,3,spg_range_quad_picksplit
11110,3474,3831,3831,4,spg_range_quad_inner_consistent
11111,3474,3831,3831,5,spg_range_quad_leaf_consistent
11112,3794,869,869,1,inet_spg_config
11113,3794,869,869,2,inet_spg_choose
11114,3794,869,869,3,inet_spg_picksplit
11115,3794,869,869,4,inet_spg_inner_consistent
11116,3794,869,869,5,inet_spg_leaf_consistent
11117,4015,600,600,1,spg_quad_config
11118,4015,600,600,2,spg_quad_choose
11119,4015,600,600,3,spg_quad_picksplit
11120,4015,600,600,4,spg_quad_inner_consistent
11121,4015,600,600,5,spg_quad_leaf_consistent
11122,4016,600,600,1,spg_kd_config
11123,4016,600,600,2,spg_kd_choose
11124,4016,600,600,3,spg_kd_picksplit
11125,4016,600,600,4,spg_kd_inner_consistent
11126,4016,600,600,5,spg_quad_leaf_consistent
11127,4017,25,25,1,spg_text_config
11128,4017,25,25,2,spg_text_choose
11129,4017,25,25,3,spg_text_picksplit
11130,4017,25,25,4,spg_text_inner_consistent
11131,4017,25,25,5,spg_text_leaf_consistent
11132,5000,603,603,1,spg_box_quad_config
11133,5000,603,603,2,spg_box_quad_choose
11134,5000,603,603,3,spg_box_quad_picksplit
11135,5000,603,603,4,spg_box_quad_inner_consistent
11136,5000,603,603,5,spg_box_quad_leaf_consistent
11137,5008,604,604,1,spg_bbox_quad_config
11138,5008,604,604,2,spg_box_quad_choose
11139,5008,604,604,3,spg_box_quad_picksplit
11140,5008,604,604,4,spg_box_quad_inner_consistent
11141,5008,604,604,5,spg_box_quad_leaf_consistent
11142,5008,604,604,6,spg_poly_quad_compress
11143,4064,17,17,1,brin_minmax_opcinfo
11144,4064,17,17,2,brin_minmax_add_value
11145,4064,17,17,3,brin_minmax_consistent
11146,4064,17,17,4,brin_minmax_union
11147,4062,18,18,1,brin_minmax_opcinfo
11148,4062,18,18,2,brin_minmax_add_value
11149,4062,18,18,3,brin_minmax_consistent
11150,4062,18,18,4,brin_minmax_union
11151,4065,19,19,1,brin_minmax_opcinfo
11152,4065,19,19,2,brin_minmax_add_value
11153,4065,19,19,3,brin_minmax_consistent
11154,4065,19,19,4,brin_minmax_union
11155,4054,20,20,1,brin_minmax_opcinfo
11156,4054,20,20,2,brin_minmax_add_value
11157,4054,20,20,3,brin_minmax_consistent
11158,4054,20,20,4,brin_minmax_union
11159,4054,20,21,1,brin_minmax_opcinfo
11160,4054,20,21,2,brin_minmax_add_value
11161,4054,20,21,3,brin_minmax_consistent
11162,4054,20,21,4,brin_minmax_union
11163,4054,20,23,1,brin_minmax_opcinfo
11164,4054,20,23,2,brin_minmax_add_value
11165,4054,20,23,3,brin_minmax_consistent
11166,4054,20,23,4,brin_minmax_union
11167,4054,21,21,1,brin_minmax_opcinfo
11168,4054,21,21,2,brin_minmax_add_value
11169,4054,21,21,3,brin_minmax_consistent
11170,4054,21,21,4,brin_minmax_union
11171,4054,21,20,1,brin_minmax_opcinfo
11172,4054,21,20,2,brin_minmax_add_value
11173,4054,21,20,3,brin_minmax_consistent
11174,4054,21,20,4,brin_minmax_union
11175,4054,21,23,1,brin_minmax_opcinfo
11176,4054,21,23,2,brin_minmax_add_value
11177,4054,21,23,3,brin_minmax_consistent
11178,4054,21,23,4,brin_minmax_union
11179,4054,23,23,1,brin_minmax_opcinfo
11180,4054,23,23,2,brin_minmax_add_value
11181,4054,23,23,3,brin_minmax_consistent
11182,4054,23,23,4,brin_minmax_union
11183,4054,23,20,1,brin_minmax_opcinfo
11184,4054,23,20,2,brin_minmax_add_value
11185,4054,23,20,3,brin_minmax_consistent
11186,4054,23,20,4,brin_minmax_union
11187,4054,23,21,1,brin_minmax_opcinfo
11188,4054,23,21,2,brin_minmax_add_value
11189,4054,23,21,3,brin_minmax_consistent
11190,4054,23,21,4,brin_minmax_union
11191,4056,25,25,1,brin_minmax_opcinfo
11192,4056,25,25,2,brin_minmax_add_value
11193,4056,25,25,3,brin_minmax_consistent
11194,4056,25,25,4,brin_minmax_union
11195,4068,26,26,1,brin_minmax_opcinfo
11196,4068,26,26,2,brin_minmax_add_value
11197,4068,26,26,3,brin_minmax_consistent
11198,4068,26,26,4,brin_minmax_union
11199,4069,27,27,1,brin_minmax_opcinfo
11200,4069,27,27,2,brin_minmax_add_value
11201,4069,27,27,3,brin_minmax_consistent
11202,4069,27,27,4,brin_minmax_union
11203,4070,700,700,1,brin_minmax_opcinfo
11204,4070,700,700,2,brin_minmax_add_value
11205,4070,700,700,3,brin_minmax_consistent
11206,4070,700,700,4,brin_minmax_union
11207,4070,700,701,1,brin_minmax_opcinfo
11208,4070,700,701,2,brin_minmax_add_value
11209,4070,700,701,3,brin_minmax_consistent
11210,4070,700,701,4,brin_minmax_union
11211,4070,701,701,1,brin_minmax_opcinfo
11212,4070,701,701,2,brin_minmax_add_value
11213,4070,701,701,3,brin_minmax_consistent
11214,4070,701,701,4,brin_minmax_union
11215,4070,701,700,1,brin_minmax_opcinfo
11216,4070,701,700,2,brin_minmax_add_value
11217,4070,701,700,3,brin_minmax_consistent
11218,4070,701,700,4,brin_minmax_union
11219,4074,829,829,1,brin_minmax_opcinfo
11220,4074,829,829,2,brin_minmax_add_value
11221,4074,829,829,3,brin_minmax_consistent
11222,4074,829,829,4,brin_minmax_union
11223,4109,774,774,1,brin_minmax_opcinfo
11224,4109,774,774,2,brin_minmax_add_value
11225,4109,774,774,3,brin_minmax_consistent
11226,4109,774,774,4,brin_minmax_union
11227,4075,869,869,1,brin_minmax_opcinfo
11228,4075,869,869,2,brin_minmax_add_value
11229,4075,869,869,3,brin_minmax_consistent
11230,4075,869,869,4,brin_minmax_union
11231,4102,869,869,1,brin_inclusion_opcinfo
11232,4102,869,869,2,brin_inclusion_add_value
11233,4102,869,869,3,brin_inclusion_consistent
11234,4102,869,869,4,brin_inclusion_union
11235,4102,869,869,11,inet_merge
11236,4102,869,869,12,inet_same_family
11237,4102,869,869,13,network_supeq
11238,4076,1042,1042,1,brin_minmax_opcinfo
11239,4076,1042,1042,2,brin_minmax_add_value
11240,4076,1042,1042,3,brin_minmax_consistent
11241,4076,1042,1042,4,brin_minmax_union
11242,4077,1083,1083,1,brin_minmax_opcinfo
11243,4077,1083,1083,2,brin_minmax_add_value
11244,4077,1083,1083,3,brin_minmax_consistent
11245,4077,1083,1083,4,brin_minmax_union
11246,4059,1114,1114,1,brin_minmax_opcinfo
11247,4059,1114,1114,2,brin_minmax_add_value
11248,4059,1114,1114,3,brin_minmax_consistent
11249,4059,1114,1114,4,brin_minmax_union
11250,4059,1114,1184,1,brin_minmax_opcinfo
11251,4059,1114,1184,2,brin_minmax_add_value
11252,4059,1114,1184,3,brin_minmax_consistent
11253,4059,1114,1184,4,brin_minmax_union
11254,4059,1114,1082,1,brin_minmax_opcinfo
11255,4059,1114,1082,2,brin_minmax_add_value
11256,4059,1114,1082,3,brin_minmax_consistent
11257,4059,1114,1082,4,brin_minmax_union
11258,4059,1184,1184,1,brin_minmax_opcinfo
11259,4059,1184,1184,2,brin_minmax_add_value
11260,4059,1184,1184,3,brin_minmax_consistent
11261,4059,1184,1184,4,brin_minmax_union
11262,4059,1184,1114,1,brin_minmax_opcinfo
11263,4059,1184,1114,2,brin_minmax_add_value
11264,4059,1184,1114,3,brin_minmax_consistent
11265,4059,1184,1114,4,brin_minmax_union
11266,4059,1184,1082,1,brin_minmax_opcinfo
11267,4059,1184,1082,2,brin_minmax_add_value
11268,4059,1184,1082,3,brin_minmax_consistent
11269,4059,1184,1082,4,brin_minmax_union
11270,4059,1082,1082,1,brin_minmax_opcinfo
11271,4059,1082,1082,2,brin_minmax_add_value
11272,4059,1082,1082,3,brin_minmax_consistent
11273,4059,1082,1082,4,brin_minmax_union
11274,4059,1082,1114,1,brin_minmax_opcinfo
11275,4059,1082,1114,2,brin_minmax_add_value
11276,4059,1082,1114,3,brin_minmax_consistent
11277,4059,1082,1114,4,brin_minmax_union
11278,4059,1082,1184,1,brin_minmax_opcinfo
11279,4059,1082,1184,2,brin_minmax_add_value
11280,4059,1082,1184,3,brin_minmax_consistent
11281,4059,1082,1184,4,brin_minmax_union
11282,4078,1186,1186,1,brin_minmax_opcinfo
11283,4078,1186,1186,2,brin_minmax_add_value
11284,4078,1186,1186,3,brin_minmax_consistent
11285,4078,1186,1186,4,brin_minmax_union
11286,4058,1266,1266,1,brin_minmax_opcinfo
11287,4058,1266,1266,2,brin_minmax_add_value
11288,4058,1266,1266,3,brin_minmax_consistent
11289,4058,1266,1266,4,brin_minmax_union
11290,4079,1560,1560,1,brin_minmax_opcinfo
11291,4079,1560,1560,2,brin_minmax_add_value
11292,4079,1560,1560,3,brin_minmax_consistent
11293,4079,1560,1560,4,brin_minmax_union
11294,4080,1562,1562,1,brin_minmax_opcinfo
11295,4080,1562,1562,2,brin_minmax_add_value
11296,4080,1562,1562,3,brin_minmax_consistent
11297,4080,1562,1562,4,brin_minmax_union
11298,4055,1700,1700,1,brin_minmax_opcinfo
11299,4055,1700,1700,2,brin_minmax_add_value
11300,4055,1700,1700,3,brin_minmax_consistent
11301,4055,1700,1700,4,brin_minmax_union
11302,4081,2950,2950,1,brin_minmax_opcinfo
11303,4081,2950,2950,2,brin_minmax_add_value
11304,4081,2950,2950,3,brin_minmax_consistent
11305,4081,2950,2950,4,brin_minmax_union
11306,4103,3831,3831,1,brin_inclusion_opcinfo
11307,4103,3831,3831,2,brin_inclusion_add_value
11308,4103,3831,3831,3,brin_inclusion_consistent
11309,4103,3831,3831,4,brin_inclusion_union
11310,4103,3831,3831,11,range_merge
11311,4103,3831,3831,13,range_contains
11312,4103,3831,3831,14,isempty
11313,4082,3220,3220,1,brin_minmax_opcinfo
11314,4082,3220,3220,2,brin_minmax_add_value
11315,4082,3220,3220,3,brin_minmax_consistent
11316,4082,3220,3220,4,brin_minmax_union
11317,4104,603,603,1,brin_inclusion_opcinfo
11318,4104,603,603,2,brin_inclusion_add_value
11319,4104,603,603,3,brin_inclusion_consistent
11320,4104,603,603,4,brin_inclusion_union
11321,4104,603,603,11,bound_box
11322,4104,603,603,13,box_contain
