10000,403,array_ops,11,10,397,2277,true,0
10001,405,array_ops,11,10,627,2277,true,0
10002,403,bit_ops,11,10,423,1560,true,0
10003,403,bool_ops,11,10,424,16,true,0
10004,403,bpchar_ops,11,10,426,1042,true,0
10005,405,bpchar_ops,11,10,427,1042,true,0
10006,403,bytea_ops,11,10,428,17,true,0
10007,403,char_ops,11,10,429,18,true,0
10008,405,char_ops,11,10,431,18,true,0
10009,403,cidr_ops,11,10,1974,869,false,0
10010,405,cidr_ops,11,10,1975,869,false,0
3122,403,date_ops,11,10,434,1082,true,0
10011,405,date_ops,11,10,435,1082,true,0
10012,403,float4_ops,11,10,1970,700,true,0
10013,405,float4_ops,11,10,1971,700,true,0
3123,403,float8_ops,11,10,1970,701,true,0
10014,405,float8_ops,11,10,1971,701,true,0
10015,403,inet_ops,11,10,1974,869,true,0
10016,405,inet_ops,11,10,1975,869,true,0
10017,783,inet_ops,11,10,3550,869,false,0
10018,4000,inet_ops,11,10,3794,869,true,0
1979,403,int2_ops,11,10,1976,21,true,0
10019,405,int2_ops,11,10,1977,21,true,0
1978,403,int4_ops,11,10,1976,23,true,0
10020,405,int4_ops,11,10,1977,23,true,0
3124,403,int8_ops,11,10,1976,20,true,0
10021,405,int8_ops,11,10,1977,20,true,0
10022,403,interval_ops,11,10,1982,1186,true,0
10023,405,interval_ops,11,10,1983,1186,true,0
10024,403,macaddr_ops,11,10,1984,829,true,0
10025,405,macaddr_ops,11,10,1985,829,true,0
10026,403,macaddr8_ops,11,10,3371,774,true,0
10027,405,macaddr8_ops,11,10,3372,774,true,0
10028,403,name_ops,11,10,1994,19,true,2275
10029,405,name_ops,11,10,1995,19,true,0
3125,403,numeric_ops,11,10,1988,1700,true,0
10030,405,numeric_ops,11,10,1998,1700,true,0
1981,403,oid_ops,11,10,1989,26,true,0
10031,405,oid_ops,11,10,1990,26,true,0
10032,403,oidvector_ops,11,10,1991,30,true,0
10033,405,oidvector_ops,11,10,1992,30,true,0
10034,403,record_ops,11,10,2994,2249,true,0
10035,403,record_image_ops,11,10,3194,2249,false,0
3126,403,text_ops,11,10,1994,25,true,0
10036,405,text_ops,11,10,1995,25,true,0
10037,403,time_ops,11,10,1996,1083,true,0
10038,405,time_ops,11,10,1997,1083,true,0
3127,403,timestamptz_ops,11,10,434,1184,true,0
10039,405,timestamptz_ops,11,10,1999,1184,true,0
10040,403,timetz_ops,11,10,2000,1266,true,0
10041,405,timetz_ops,11,10,2001,1266,true,0
10042,403,varbit_ops,11,10,2002,1562,true,0
10043,403,varchar_ops,11,10,1994,25,false,0
10044,405,varchar_ops,11,10,1995,25,false,0
3128,403,timestamp_ops,11,10,434,1114,true,0
10045,405,timestamp_ops,11,10,2040,1114,true,0
4217,403,text_pattern_ops,11,10,2095,25,false,0
4218,403,varchar_pattern_ops,11,10,2095,25,false,0
4219,403,bpchar_pattern_ops,11,10,2097,1042,false,0
10046,403,money_ops,11,10,2099,790,true,0
10047,405,bool_ops,11,10,2222,16,true,0
10048,405,bytea_ops,11,10,2223,17,true,0
10049,403,tid_ops,11,10,2789,27,true,0
10050,405,xid_ops,11,10,2225,28,true,0
10051,405,xid8_ops,11,10,5032,5069,true,0
10052,403,xid8_ops,11,10,5067,5069,true,0
10053,405,cid_ops,11,10,2226,29,true,0
10054,405,tid_ops,11,10,2227,27,true,0
10055,405,text_pattern_ops,11,10,2229,25,false,0
10056,405,varchar_pattern_ops,11,10,2229,25,false,0
10057,405,bpchar_pattern_ops,11,10,2231,1042,false,0
10058,405,aclitem_ops,11,10,2235,1033,true,0
10059,783,box_ops,11,10,2593,603,true,0
10060,783,point_ops,11,10,1029,600,true,603
10061,783,poly_ops,11,10,2594,604,true,603
10062,783,circle_ops,11,10,2595,718,true,603
10063,2742,array_ops,11,10,2745,2277,true,2283
10064,403,uuid_ops,11,10,2968,2950,true,0
10065,405,uuid_ops,11,10,2969,2950,true,0
10066,403,pg_lsn_ops,11,10,3253,3220,true,0
10067,405,pg_lsn_ops,11,10,3254,3220,true,0
10068,403,enum_ops,11,10,3522,3500,true,0
10069,405,enum_ops,11,10,3523,3500,true,0
10070,403,tsvector_ops,11,10,3626,3614,true,0
10071,783,tsvector_ops,11,10,3655,3614,true,3642
10072,2742,tsvector_ops,11,10,3659,3614,true,25
10073,403,tsquery_ops,11,10,3683,3615,true,0
10074,783,tsquery_ops,11,10,3702,3615,true,20
10075,403,range_ops,11,10,3901,3831,true,0
10076,405,range_ops,11,10,3903,3831,true,0
10077,783,range_ops,11,10,3919,3831,true,0
10078,4000,range_ops,11,10,3474,3831,true,0
10079,4000,box_ops,11,10,5000,603,true,0
10080,4000,quad_point_ops,11,10,4015,600,true,0
10081,4000,kd_point_ops,11,10,4016,600,false,0
10082,4000,text_ops,11,10,4017,25,true,0
10083,4000,poly_ops,11,10,5008,604,true,603
10084,403,jsonb_ops,11,10,4033,3802,true,0
10085,405,jsonb_ops,11,10,4034,3802,true,0
10086,2742,jsonb_ops,11,10,4036,3802,true,25
10087,2742,jsonb_path_ops,11,10,4037,3802,false,23
10088,3580,bytea_minmax_ops,11,10,4064,17,true,17
10089,3580,char_minmax_ops,11,10,4062,18,true,18
10090,3580,name_minmax_ops,11,10,4065,19,true,19
10091,3580,int8_minmax_ops,11,10,4054,20,true,20
10092,3580,int2_minmax_ops,11,10,4054,21,true,21
10093,3580,int4_minmax_ops,11,10,4054,23,true,23
10094,3580,text_minmax_ops,11,10,4056,25,true,25
10095,3580,oid_minmax_ops,11,10,4068,26,true,26
10096,3580,tid_minmax_ops,11,10,4069,27,true,27
10097,3580,float4_minmax_ops,11,10,4070,700,true,700
10098,3580,float8_minmax_ops,11,10,4070,701,true,701
10099,3580,macaddr_minmax_ops,11,10,4074,829,true,829
10100,3580,macaddr8_minmax_ops,11,10,4109,774,true,774
10101,3580,inet_minmax_ops,11,10,4075,869,false,869
10102,3580,inet_inclusion_ops,11,10,4102,869,true,869
10103,3580,bpchar_minmax_ops,11,10,4076,1042,true,1042
10104,3580,time_minmax_ops,11,10,4077,1083,true,1083
10105,3580,date_minmax_ops,11,10,4059,1082,true,1082
10106,3580,timestamp_minmax_ops,11,10,4059,1114,true,1114
10107,3580,timestamptz_minmax_ops,11,10,4059,1184,true,1184
10108,3580,interval_minmax_ops,11,10,4078,1186,true,1186
10109,3580,timetz_minmax_ops,11,10,4058,1266,true,1266
10110,3580,bit_minmax_ops,11,10,4079,1560,true,1560
10111,3580,varbit_minmax_ops,11,10,4080,1562,true,1562
10112,3580,numeric_minmax_ops,11,10,4055,1700,true,1700
10113,3580,uuid_minmax_ops,11,10,4081,2950,true,2950
10114,3580,range_inclusion_ops,11,10,4103,3831,true,3831
10115,3580,pg_lsn_minmax_ops,11,10,4082,3220,true,3220
10116,3580,box_inclusion_ops,11,10,4104,603,true,603
