Africa/Abidjan,GMT,0 years 0 mons 0 days 0 hours 0 mins 0.00 secs,false
Africa/Accra,GMT,0 years 0 mons 0 days 0 hours 0 mins 0.00 secs,false
Africa/Addis_Ababa,EAT,0 years 0 mons 0 days 3 hours 0 mins 0.00 secs,false
Africa/Algiers,CET,0 years 0 mons 0 days 1 hours 0 mins 0.00 secs,false
Africa/Asmara,EAT,0 years 0 mons 0 days 3 hours 0 mins 0.00 secs,false
Africa/Asmera,EAT,0 years 0 mons 0 days 3 hours 0 mins 0.00 secs,false
Africa/Bamako,GMT,0 years 0 mons 0 days 0 hours 0 mins 0.00 secs,false
Africa/Bangui,WAT,0 years 0 mons 0 days 1 hours 0 mins 0.00 secs,false
Africa/Banjul,GMT,0 years 0 mons 0 days 0 hours 0 mins 0.00 secs,false
Africa/Bissau,GMT,0 years 0 mons 0 days 0 hours 0 mins 0.00 secs,false
Africa/Blantyre,CAT,0 years 0 mons 0 days 2 hours 0 mins 0.00 secs,false
Africa/Brazzaville,WAT,0 years 0 mons 0 days 1 hours 0 mins 0.00 secs,false
Africa/Bujumbura,CAT,0 years 0 mons 0 days 2 hours 0 mins 0.00 secs,false
Africa/Cairo,EET,0 years 0 mons 0 days 2 hours 0 mins 0.00 secs,false
Africa/Casablanca,+01,0 years 0 mons 0 days 1 hours 0 mins 0.00 secs,false
Africa/Ceuta,CET,0 years 0 mons 0 days 1 hours 0 mins 0.00 secs,false
Africa/Conakry,GMT,0 years 0 mons 0 days 0 hours 0 mins 0.00 secs,false
Africa/Dakar,GMT,0 years 0 mons 0 days 0 hours 0 mins 0.00 secs,false
Africa/Dar_es_Salaam,EAT,0 years 0 mons 0 days 3 hours 0 mins 0.00 secs,false
Africa/Djibouti,EAT,0 years 0 mons 0 days 3 hours 0 mins 0.00 secs,false
Africa/Douala,WAT,0 years 0 mons 0 days 1 hours 0 mins 0.00 secs,false
Africa/El_Aaiun,+01,0 years 0 mons 0 days 1 hours 0 mins 0.00 secs,false
Africa/Freetown,GMT,0 years 0 mons 0 days 0 hours 0 mins 0.00 secs,false
Africa/Gaborone,CAT,0 years 0 mons 0 days 2 hours 0 mins 0.00 secs,false
Africa/Harare,CAT,0 years 0 mons 0 days 2 hours 0 mins 0.00 secs,false
Africa/Johannesburg,SAST,0 years 0 mons 0 days 2 hours 0 mins 0.00 secs,false
Africa/Juba,EAT,0 years 0 mons 0 days 3 hours 0 mins 0.00 secs,false
Africa/Kampala,EAT,0 years 0 mons 0 days 3 hours 0 mins 0.00 secs,false
Africa/Khartoum,CAT,0 years 0 mons 0 days 2 hours 0 mins 0.00 secs,false
Africa/Kigali,CAT,0 years 0 mons 0 days 2 hours 0 mins 0.00 secs,false
Africa/Kinshasa,WAT,0 years 0 mons 0 days 1 hours 0 mins 0.00 secs,false
Africa/Lagos,WAT,0 years 0 mons 0 days 1 hours 0 mins 0.00 secs,false
Africa/Libreville,WAT,0 years 0 mons 0 days 1 hours 0 mins 0.00 secs,false
Africa/Lome,GMT,0 years 0 mons 0 days 0 hours 0 mins 0.00 secs,false
Africa/Luanda,WAT,0 years 0 mons 0 days 1 hours 0 mins 0.00 secs,false
Africa/Lubumbashi,CAT,0 years 0 mons 0 days 2 hours 0 mins 0.00 secs,false
Africa/Lusaka,CAT,0 years 0 mons 0 days 2 hours 0 mins 0.00 secs,false
Africa/Malabo,WAT,0 years 0 mons 0 days 1 hours 0 mins 0.00 secs,false
Africa/Maputo,CAT,0 years 0 mons 0 days 2 hours 0 mins 0.00 secs,false
Africa/Maseru,SAST,0 years 0 mons 0 days 2 hours 0 mins 0.00 secs,false
Africa/Mbabane,SAST,0 years 0 mons 0 days 2 hours 0 mins 0.00 secs,false
Africa/Mogadishu,EAT,0 years 0 mons 0 days 3 hours 0 mins 0.00 secs,false
Africa/Monrovia,GMT,0 years 0 mons 0 days 0 hours 0 mins 0.00 secs,false
Africa/Nairobi,EAT,0 years 0 mons 0 days 3 hours 0 mins 0.00 secs,false
Africa/Ndjamena,WAT,0 years 0 mons 0 days 1 hours 0 mins 0.00 secs,false
Africa/Niamey,WAT,0 years 0 mons 0 days 1 hours 0 mins 0.00 secs,false
Africa/Nouakchott,GMT,0 years 0 mons 0 days 0 hours 0 mins 0.00 secs,false
Africa/Ouagadougou,GMT,0 years 0 mons 0 days 0 hours 0 mins 0.00 secs,false
Africa/Porto-Novo,WAT,0 years 0 mons 0 days 1 hours 0 mins 0.00 secs,false
Africa/Sao_Tome,GMT,0 years 0 mons 0 days 0 hours 0 mins 0.00 secs,false
Africa/Timbuktu,GMT,0 years 0 mons 0 days 0 hours 0 mins 0.00 secs,false
Africa/Tripoli,EET,0 years 0 mons 0 days 2 hours 0 mins 0.00 secs,false
Africa/Tunis,CET,0 years 0 mons 0 days 1 hours 0 mins 0.00 secs,false
Africa/Windhoek,CAT,0 years 0 mons 0 days 2 hours 0 mins 0.00 secs,false
America/Adak,HST,0 years 0 mons 0 days -10 hours 0 mins -0.00 secs,false
America/Anchorage,AKST,0 years 0 mons 0 days -9 hours 0 mins -0.00 secs,false
America/Anguilla,AST,0 years 0 mons 0 days -4 hours 0 mins -0.00 secs,false
America/Antigua,AST,0 years 0 mons 0 days -4 hours 0 mins -0.00 secs,false
America/Araguaina,-03,0 years 0 mons 0 days -3 hours 0 mins -0.00 secs,false
America/Argentina/Buenos_Aires,-03,0 years 0 mons 0 days -3 hours 0 mins -0.00 secs,false
America/Argentina/Catamarca,-03,0 years 0 mons 0 days -3 hours 0 mins -0.00 secs,false
America/Argentina/ComodRivadavia,-03,0 years 0 mons 0 days -3 hours 0 mins -0.00 secs,false
America/Argentina/Cordoba,-03,0 years 0 mons 0 days -3 hours 0 mins -0.00 secs,false
America/Argentina/Jujuy,-03,0 years 0 mons 0 days -3 hours 0 mins -0.00 secs,false
America/Argentina/La_Rioja,-03,0 years 0 mons 0 days -3 hours 0 mins -0.00 secs,false
America/Argentina/Mendoza,-03,0 years 0 mons 0 days -3 hours 0 mins -0.00 secs,false
America/Argentina/Rio_Gallegos,-03,0 years 0 mons 0 days -3 hours 0 mins -0.00 secs,false
America/Argentina/Salta,-03,0 years 0 mons 0 days -3 hours 0 mins -0.00 secs,false
America/Argentina/San_Juan,-03,0 years 0 mons 0 days -3 hours 0 mins -0.00 secs,false
America/Argentina/San_Luis,-03,0 years 0 mons 0 days -3 hours 0 mins -0.00 secs,false
America/Argentina/Tucuman,-03,0 years 0 mons 0 days -3 hours 0 mins -0.00 secs,false
America/Argentina/Ushuaia,-03,0 years 0 mons 0 days -3 hours 0 mins -0.00 secs,false
America/Aruba,AST,0 years 0 mons 0 days -4 hours 0 mins -0.00 secs,false
America/Asuncion,-03,0 years 0 mons 0 days -3 hours 0 mins -0.00 secs,true
America/Atikokan,EST,0 years 0 mons 0 days -5 hours 0 mins -0.00 secs,false
America/Atka,HST,0 years 0 mons 0 days -10 hours 0 mins -0.00 secs,false
America/Bahia,-03,0 years 0 mons 0 days -3 hours 0 mins -0.00 secs,false
America/Bahia_Banderas,CST,0 years 0 mons 0 days -6 hours 0 mins -0.00 secs,false
America/Barbados,AST,0 years 0 mons 0 days -4 hours 0 mins -0.00 secs,false
America/Belem,-03,0 years 0 mons 0 days -3 hours 0 mins -0.00 secs,false
America/Belize,CST,0 years 0 mons 0 days -6 hours 0 mins -0.00 secs,false
America/Blanc-Sablon,AST,0 years 0 mons 0 days -4 hours 0 mins -0.00 secs,false
America/Boa_Vista,-04,0 years 0 mons 0 days -4 hours 0 mins -0.00 secs,false
America/Bogota,-05,0 years 0 mons 0 days -5 hours 0 mins -0.00 secs,false
America/Boise,MST,0 years 0 mons 0 days -7 hours 0 mins -0.00 secs,false
America/Buenos_Aires,-03,0 years 0 mons 0 days -3 hours 0 mins -0.00 secs,false
America/Cambridge_Bay,MST,0 years 0 mons 0 days -7 hours 0 mins -0.00 secs,false
America/Campo_Grande,-04,0 years 0 mons 0 days -4 hours 0 mins -0.00 secs,false
America/Cancun,EST,0 years 0 mons 0 days -5 hours 0 mins -0.00 secs,false
America/Caracas,-04,0 years 0 mons 0 days -4 hours 0 mins -0.00 secs,false
America/Catamarca,-03,0 years 0 mons 0 days -3 hours 0 mins -0.00 secs,false
America/Cayenne,-03,0 years 0 mons 0 days -3 hours 0 mins -0.00 secs,false
America/Cayman,EST,0 years 0 mons 0 days -5 hours 0 mins -0.00 secs,false
America/Chicago,CST,0 years 0 mons 0 days -6 hours 0 mins -0.00 secs,false
America/Chihuahua,MST,0 years 0 mons 0 days -7 hours 0 mins -0.00 secs,false
America/Coral_Harbour,EST,0 years 0 mons 0 days -5 hours 0 mins -0.00 secs,false
America/Cordoba,-03,0 years 0 mons 0 days -3 hours 0 mins -0.00 secs,false
America/Costa_Rica,CST,0 years 0 mons 0 days -6 hours 0 mins -0.00 secs,false
America/Creston,MST,0 years 0 mons 0 days -7 hours 0 mins -0.00 secs,false
America/Cuiaba,-04,0 years 0 mons 0 days -4 hours 0 mins -0.00 secs,false
America/Curacao,AST,0 years 0 mons 0 days -4 hours 0 mins -0.00 secs,false
America/Danmarkshavn,GMT,0 years 0 mons 0 days 0 hours 0 mins 0.00 secs,false
America/Dawson,MST,0 years 0 mons 0 days -7 hours 0 mins -0.00 secs,false
America/Dawson_Creek,MST,0 years 0 mons 0 days -7 hours 0 mins -0.00 secs,false
America/Denver,MST,0 years 0 mons 0 days -7 hours 0 mins -0.00 secs,false
America/Detroit,EST,0 years 0 mons 0 days -5 hours 0 mins -0.00 secs,false
America/Dominica,AST,0 years 0 mons 0 days -4 hours 0 mins -0.00 secs,false
America/Edmonton,MST,0 years 0 mons 0 days -7 hours 0 mins -0.00 secs,false
America/Eirunepe,-05,0 years 0 mons 0 days -5 hours 0 mins -0.00 secs,false
America/El_Salvador,CST,0 years 0 mons 0 days -6 hours 0 mins -0.00 secs,false
America/Ensenada,PST,0 years 0 mons 0 days -8 hours 0 mins -0.00 secs,false
America/Fortaleza,-03,0 years 0 mons 0 days -3 hours 0 mins -0.00 secs,false
America/Fort_Nelson,MST,0 years 0 mons 0 days -7 hours 0 mins -0.00 secs,false
America/Fort_Wayne,EST,0 years 0 mons 0 days -5 hours 0 mins -0.00 secs,false
America/Glace_Bay,AST,0 years 0 mons 0 days -4 hours 0 mins -0.00 secs,false
America/Godthab,-03,0 years 0 mons 0 days -3 hours 0 mins -0.00 secs,false
America/Goose_Bay,AST,0 years 0 mons 0 days -4 hours 0 mins -0.00 secs,false
America/Grand_Turk,EST,0 years 0 mons 0 days -5 hours 0 mins -0.00 secs,false
America/Grenada,AST,0 years 0 mons 0 days -4 hours 0 mins -0.00 secs,false
America/Guadeloupe,AST,0 years 0 mons 0 days -4 hours 0 mins -0.00 secs,false
America/Guatemala,CST,0 years 0 mons 0 days -6 hours 0 mins -0.00 secs,false
America/Guayaquil,-05,0 years 0 mons 0 days -5 hours 0 mins -0.00 secs,false
America/Guyana,-04,0 years 0 mons 0 days -4 hours 0 mins -0.00 secs,false
America/Halifax,AST,0 years 0 mons 0 days -4 hours 0 mins -0.00 secs,false
America/Havana,CST,0 years 0 mons 0 days -5 hours 0 mins -0.00 secs,false
America/Hermosillo,MST,0 years 0 mons 0 days -7 hours 0 mins -0.00 secs,false
America/Indiana/Indianapolis,EST,0 years 0 mons 0 days -5 hours 0 mins -0.00 secs,false
America/Indiana/Knox,CST,0 years 0 mons 0 days -6 hours 0 mins -0.00 secs,false
America/Indiana/Marengo,EST,0 years 0 mons 0 days -5 hours 0 mins -0.00 secs,false
America/Indiana/Petersburg,EST,0 years 0 mons 0 days -5 hours 0 mins -0.00 secs,false
America/Indiana/Tell_City,CST,0 years 0 mons 0 days -6 hours 0 mins -0.00 secs,false
America/Indiana/Vevay,EST,0 years 0 mons 0 days -5 hours 0 mins -0.00 secs,false
America/Indiana/Vincennes,EST,0 years 0 mons 0 days -5 hours 0 mins -0.00 secs,false
America/Indiana/Winamac,EST,0 years 0 mons 0 days -5 hours 0 mins -0.00 secs,false
America/Indianapolis,EST,0 years 0 mons 0 days -5 hours 0 mins -0.00 secs,false
America/Inuvik,MST,0 years 0 mons 0 days -7 hours 0 mins -0.00 secs,false
America/Iqaluit,EST,0 years 0 mons 0 days -5 hours 0 mins -0.00 secs,false
America/Jamaica,EST,0 years 0 mons 0 days -5 hours 0 mins -0.00 secs,false
America/Jujuy,-03,0 years 0 mons 0 days -3 hours 0 mins -0.00 secs,false
America/Juneau,AKST,0 years 0 mons 0 days -9 hours 0 mins -0.00 secs,false
America/Kentucky/Louisville,EST,0 years 0 mons 0 days -5 hours 0 mins -0.00 secs,false
America/Kentucky/Monticello,EST,0 years 0 mons 0 days -5 hours 0 mins -0.00 secs,false
America/Knox_IN,CST,0 years 0 mons 0 days -6 hours 0 mins -0.00 secs,false
America/Kralendijk,AST,0 years 0 mons 0 days -4 hours 0 mins -0.00 secs,false
America/La_Paz,-04,0 years 0 mons 0 days -4 hours 0 mins -0.00 secs,false
America/Lima,-05,0 years 0 mons 0 days -5 hours 0 mins -0.00 secs,false
America/Los_Angeles,PST,0 years 0 mons 0 days -8 hours 0 mins -0.00 secs,false
America/Louisville,EST,0 years 0 mons 0 days -5 hours 0 mins -0.00 secs,false
America/Lower_Princes,AST,0 years 0 mons 0 days -4 hours 0 mins -0.00 secs,false
America/Maceio,-03,0 years 0 mons 0 days -3 hours 0 mins -0.00 secs,false
America/Managua,CST,0 years 0 mons 0 days -6 hours 0 mins -0.00 secs,false
America/Manaus,-04,0 years 0 mons 0 days -4 hours 0 mins -0.00 secs,false
America/Marigot,AST,0 years 0 mons 0 days -4 hours 0 mins -0.00 secs,false
America/Martinique,AST,0 years 0 mons 0 days -4 hours 0 mins -0.00 secs,false
America/Matamoros,CST,0 years 0 mons 0 days -6 hours 0 mins -0.00 secs,false
America/Mazatlan,MST,0 years 0 mons 0 days -7 hours 0 mins -0.00 secs,false
America/Mendoza,-03,0 years 0 mons 0 days -3 hours 0 mins -0.00 secs,false
America/Menominee,CST,0 years 0 mons 0 days -6 hours 0 mins -0.00 secs,false
America/Merida,CST,0 years 0 mons 0 days -6 hours 0 mins -0.00 secs,false
America/Metlakatla,AKST,0 years 0 mons 0 days -9 hours 0 mins -0.00 secs,false
America/Mexico_City,CST,0 years 0 mons 0 days -6 hours 0 mins -0.00 secs,false
America/Miquelon,-03,0 years 0 mons 0 days -3 hours 0 mins -0.00 secs,false
America/Moncton,AST,0 years 0 mons 0 days -4 hours 0 mins -0.00 secs,false
America/Monterrey,CST,0 years 0 mons 0 days -6 hours 0 mins -0.00 secs,false
America/Montevideo,-03,0 years 0 mons 0 days -3 hours 0 mins -0.00 secs,false
America/Montreal,EST,0 years 0 mons 0 days -5 hours 0 mins -0.00 secs,false
America/Montserrat,AST,0 years 0 mons 0 days -4 hours 0 mins -0.00 secs,false
America/Nassau,EST,0 years 0 mons 0 days -5 hours 0 mins -0.00 secs,false
America/New_York,EST,0 years 0 mons 0 days -5 hours 0 mins -0.00 secs,false
America/Nipigon,EST,0 years 0 mons 0 days -5 hours 0 mins -0.00 secs,false
America/Nome,AKST,0 years 0 mons 0 days -9 hours 0 mins -0.00 secs,false
America/Noronha,-02,0 years 0 mons 0 days -2 hours 0 mins -0.00 secs,false
America/North_Dakota/Beulah,CST,0 years 0 mons 0 days -6 hours 0 mins -0.00 secs,false
America/North_Dakota/Center,CST,0 years 0 mons 0 days -6 hours 0 mins -0.00 secs,false
America/North_Dakota/New_Salem,CST,0 years 0 mons 0 days -6 hours 0 mins -0.00 secs,false
America/Nuuk,-03,0 years 0 mons 0 days -3 hours 0 mins -0.00 secs,false
America/Ojinaga,MST,0 years 0 mons 0 days -7 hours 0 mins -0.00 secs,false
America/Panama,EST,0 years 0 mons 0 days -5 hours 0 mins -0.00 secs,false
America/Pangnirtung,EST,0 years 0 mons 0 days -5 hours 0 mins -0.00 secs,false
America/Paramaribo,-03,0 years 0 mons 0 days -3 hours 0 mins -0.00 secs,false
America/Phoenix,MST,0 years 0 mons 0 days -7 hours 0 mins -0.00 secs,false
America/Port-au-Prince,EST,0 years 0 mons 0 days -5 hours 0 mins -0.00 secs,false
America/Porto_Acre,-05,0 years 0 mons 0 days -5 hours 0 mins -0.00 secs,false
America/Porto_Velho,-04,0 years 0 mons 0 days -4 hours 0 mins -0.00 secs,false
America/Port_of_Spain,AST,0 years 0 mons 0 days -4 hours 0 mins -0.00 secs,false
America/Puerto_Rico,AST,0 years 0 mons 0 days -4 hours 0 mins -0.00 secs,false
America/Punta_Arenas,-03,0 years 0 mons 0 days -3 hours 0 mins -0.00 secs,false
America/Rainy_River,CST,0 years 0 mons 0 days -6 hours 0 mins -0.00 secs,false
America/Rankin_Inlet,CST,0 years 0 mons 0 days -6 hours 0 mins -0.00 secs,false
America/Recife,-03,0 years 0 mons 0 days -3 hours 0 mins -0.00 secs,false
America/Regina,CST,0 years 0 mons 0 days -6 hours 0 mins -0.00 secs,false
America/Resolute,CST,0 years 0 mons 0 days -6 hours 0 mins -0.00 secs,false
America/Rio_Branco,-05,0 years 0 mons 0 days -5 hours 0 mins -0.00 secs,false
America/Rosario,-03,0 years 0 mons 0 days -3 hours 0 mins -0.00 secs,false
America/Santarem,-03,0 years 0 mons 0 days -3 hours 0 mins -0.00 secs,false
America/Santa_Isabel,PST,0 years 0 mons 0 days -8 hours 0 mins -0.00 secs,false
America/Santiago,-03,0 years 0 mons 0 days -3 hours 0 mins -0.00 secs,true
America/Santo_Domingo,AST,0 years 0 mons 0 days -4 hours 0 mins -0.00 secs,false
America/Sao_Paulo,-03,0 years 0 mons 0 days -3 hours 0 mins -0.00 secs,false
America/Scoresbysund,-01,0 years 0 mons 0 days -1 hours 0 mins -0.00 secs,false
America/Shiprock,MST,0 years 0 mons 0 days -7 hours 0 mins -0.00 secs,false
America/Sitka,AKST,0 years 0 mons 0 days -9 hours 0 mins -0.00 secs,false
America/St_Barthelemy,AST,0 years 0 mons 0 days -4 hours 0 mins -0.00 secs,false
America/St_Johns,NST,0 years 0 mons 0 days -3 hours -30 mins -0.00 secs,false
America/St_Kitts,AST,0 years 0 mons 0 days -4 hours 0 mins -0.00 secs,false
America/St_Lucia,AST,0 years 0 mons 0 days -4 hours 0 mins -0.00 secs,false
America/St_Thomas,AST,0 years 0 mons 0 days -4 hours 0 mins -0.00 secs,false
America/St_Vincent,AST,0 years 0 mons 0 days -4 hours 0 mins -0.00 secs,false
America/Swift_Current,CST,0 years 0 mons 0 days -6 hours 0 mins -0.00 secs,false
America/Tegucigalpa,CST,0 years 0 mons 0 days -6 hours 0 mins -0.00 secs,false
America/Thule,AST,0 years 0 mons 0 days -4 hours 0 mins -0.00 secs,false
America/Thunder_Bay,EST,0 years 0 mons 0 days -5 hours 0 mins -0.00 secs,false
America/Tijuana,PST,0 years 0 mons 0 days -8 hours 0 mins -0.00 secs,false
America/Toronto,EST,0 years 0 mons 0 days -5 hours 0 mins -0.00 secs,false
America/Tortola,AST,0 years 0 mons 0 days -4 hours 0 mins -0.00 secs,false
America/Vancouver,PST,0 years 0 mons 0 days -8 hours 0 mins -0.00 secs,false
America/Virgin,AST,0 years 0 mons 0 days -4 hours 0 mins -0.00 secs,false
America/Whitehorse,MST,0 years 0 mons 0 days -7 hours 0 mins -0.00 secs,false
America/Winnipeg,CST,0 years 0 mons 0 days -6 hours 0 mins -0.00 secs,false
America/Yakutat,AKST,0 years 0 mons 0 days -9 hours 0 mins -0.00 secs,false
America/Yellowknife,MST,0 years 0 mons 0 days -7 hours 0 mins -0.00 secs,false
Antarctica/Casey,+08,0 years 0 mons 0 days 8 hours 0 mins 0.00 secs,false
Antarctica/Davis,+07,0 years 0 mons 0 days 7 hours 0 mins 0.00 secs,false
Antarctica/DumontDUrville,+10,0 years 0 mons 0 days 10 hours 0 mins 0.00 secs,false
Antarctica/Macquarie,+11,0 years 0 mons 0 days 11 hours 0 mins 0.00 secs,false
Antarctica/Mawson,+05,0 years 0 mons 0 days 5 hours 0 mins 0.00 secs,false
Antarctica/McMurdo,NZDT,0 years 0 mons 0 days 13 hours 0 mins 0.00 secs,true
Antarctica/Palmer,-03,0 years 0 mons 0 days -3 hours 0 mins -0.00 secs,false
Antarctica/Rothera,-03,0 years 0 mons 0 days -3 hours 0 mins -0.00 secs,false
Antarctica/South_Pole,NZDT,0 years 0 mons 0 days 13 hours 0 mins 0.00 secs,true
Antarctica/Syowa,+03,0 years 0 mons 0 days 3 hours 0 mins 0.00 secs,false
Antarctica/Troll,+00,0 years 0 mons 0 days 0 hours 0 mins 0.00 secs,false
Antarctica/Vostok,+06,0 years 0 mons 0 days 6 hours 0 mins 0.00 secs,false
Arctic/Longyearbyen,CET,0 years 0 mons 0 days 1 hours 0 mins 0.00 secs,false
Asia/Aden,+03,0 years 0 mons 0 days 3 hours 0 mins 0.00 secs,false
Asia/Almaty,+06,0 years 0 mons 0 days 6 hours 0 mins 0.00 secs,false
Asia/Amman,EET,0 years 0 mons 0 days 2 hours 0 mins 0.00 secs,false
Asia/Anadyr,+12,0 years 0 mons 0 days 12 hours 0 mins 0.00 secs,false
Asia/Aqtau,+05,0 years 0 mons 0 days 5 hours 0 mins 0.00 secs,false
Asia/Aqtobe,+05,0 years 0 mons 0 days 5 hours 0 mins 0.00 secs,false
Asia/Ashgabat,+05,0 years 0 mons 0 days 5 hours 0 mins 0.00 secs,false
Asia/Ashkhabad,+05,0 years 0 mons 0 days 5 hours 0 mins 0.00 secs,false
Asia/Atyrau,+05,0 years 0 mons 0 days 5 hours 0 mins 0.00 secs,false
Asia/Baghdad,+03,0 years 0 mons 0 days 3 hours 0 mins 0.00 secs,false
Asia/Bahrain,+03,0 years 0 mons 0 days 3 hours 0 mins 0.00 secs,false
Asia/Baku,+04,0 years 0 mons 0 days 4 hours 0 mins 0.00 secs,false
Asia/Bangkok,+07,0 years 0 mons 0 days 7 hours 0 mins 0.00 secs,false
Asia/Barnaul,+07,0 years 0 mons 0 days 7 hours 0 mins 0.00 secs,false
Asia/Beirut,EET,0 years 0 mons 0 days 2 hours 0 mins 0.00 secs,false
Asia/Bishkek,+06,0 years 0 mons 0 days 6 hours 0 mins 0.00 secs,false
Asia/Brunei,+08,0 years 0 mons 0 days 8 hours 0 mins 0.00 secs,false
Asia/Calcutta,IST,0 years 0 mons 0 days 5 hours 30 mins 0.00 secs,false
Asia/Chita,+09,0 years 0 mons 0 days 9 hours 0 mins 0.00 secs,false
Asia/Choibalsan,+08,0 years 0 mons 0 days 8 hours 0 mins 0.00 secs,false
Asia/Chongqing,CST,0 years 0 mons 0 days 8 hours 0 mins 0.00 secs,false
Asia/Chungking,CST,0 years 0 mons 0 days 8 hours 0 mins 0.00 secs,false
Asia/Colombo,+0530,0 years 0 mons 0 days 5 hours 30 mins 0.00 secs,false
Asia/Dacca,+06,0 years 0 mons 0 days 6 hours 0 mins 0.00 secs,false
Asia/Damascus,EET,0 years 0 mons 0 days 2 hours 0 mins 0.00 secs,false
Asia/Dhaka,+06,0 years 0 mons 0 days 6 hours 0 mins 0.00 secs,false
Asia/Dili,+09,0 years 0 mons 0 days 9 hours 0 mins 0.00 secs,false
Asia/Dubai,+04,0 years 0 mons 0 days 4 hours 0 mins 0.00 secs,false
Asia/Dushanbe,+05,0 years 0 mons 0 days 5 hours 0 mins 0.00 secs,false
Asia/Famagusta,EET,0 years 0 mons 0 days 2 hours 0 mins 0.00 secs,false
Asia/Gaza,EET,0 years 0 mons 0 days 2 hours 0 mins 0.00 secs,false
Asia/Harbin,CST,0 years 0 mons 0 days 8 hours 0 mins 0.00 secs,false
Asia/Hebron,EET,0 years 0 mons 0 days 2 hours 0 mins 0.00 secs,false
Asia/Hong_Kong,HKT,0 years 0 mons 0 days 8 hours 0 mins 0.00 secs,false
Asia/Hovd,+07,0 years 0 mons 0 days 7 hours 0 mins 0.00 secs,false
Asia/Ho_Chi_Minh,+07,0 years 0 mons 0 days 7 hours 0 mins 0.00 secs,false
Asia/Irkutsk,+08,0 years 0 mons 0 days 8 hours 0 mins 0.00 secs,false
Asia/Istanbul,+03,0 years 0 mons 0 days 3 hours 0 mins 0.00 secs,false
Asia/Jakarta,WIB,0 years 0 mons 0 days 7 hours 0 mins 0.00 secs,false
Asia/Jayapura,WIT,0 years 0 mons 0 days 9 hours 0 mins 0.00 secs,false
Asia/Jerusalem,IST,0 years 0 mons 0 days 2 hours 0 mins 0.00 secs,false
Asia/Kabul,+0430,0 years 0 mons 0 days 4 hours 30 mins 0.00 secs,false
Asia/Kamchatka,+12,0 years 0 mons 0 days 12 hours 0 mins 0.00 secs,false
Asia/Karachi,PKT,0 years 0 mons 0 days 5 hours 0 mins 0.00 secs,false
Asia/Kashgar,+06,0 years 0 mons 0 days 6 hours 0 mins 0.00 secs,false
Asia/Kathmandu,+0545,0 years 0 mons 0 days 5 hours 45 mins 0.00 secs,false
Asia/Katmandu,+0545,0 years 0 mons 0 days 5 hours 45 mins 0.00 secs,false
Asia/Khandyga,+09,0 years 0 mons 0 days 9 hours 0 mins 0.00 secs,false
Asia/Kolkata,IST,0 years 0 mons 0 days 5 hours 30 mins 0.00 secs,false
Asia/Krasnoyarsk,+07,0 years 0 mons 0 days 7 hours 0 mins 0.00 secs,false
Asia/Kuala_Lumpur,+08,0 years 0 mons 0 days 8 hours 0 mins 0.00 secs,false
Asia/Kuching,+08,0 years 0 mons 0 days 8 hours 0 mins 0.00 secs,false
Asia/Kuwait,+03,0 years 0 mons 0 days 3 hours 0 mins 0.00 secs,false
Asia/Macao,CST,0 years 0 mons 0 days 8 hours 0 mins 0.00 secs,false
Asia/Macau,CST,0 years 0 mons 0 days 8 hours 0 mins 0.00 secs,false
Asia/Magadan,+11,0 years 0 mons 0 days 11 hours 0 mins 0.00 secs,false
Asia/Makassar,WITA,0 years 0 mons 0 days 8 hours 0 mins 0.00 secs,false
Asia/Manila,PST,0 years 0 mons 0 days 8 hours 0 mins 0.00 secs,false
Asia/Muscat,+04,0 years 0 mons 0 days 4 hours 0 mins 0.00 secs,false
Asia/Nicosia,EET,0 years 0 mons 0 days 2 hours 0 mins 0.00 secs,false
Asia/Novokuznetsk,+07,0 years 0 mons 0 days 7 hours 0 mins 0.00 secs,false
Asia/Novosibirsk,+07,0 years 0 mons 0 days 7 hours 0 mins 0.00 secs,false
Asia/Omsk,+06,0 years 0 mons 0 days 6 hours 0 mins 0.00 secs,false
Asia/Oral,+05,0 years 0 mons 0 days 5 hours 0 mins 0.00 secs,false
Asia/Phnom_Penh,+07,0 years 0 mons 0 days 7 hours 0 mins 0.00 secs,false
Asia/Pontianak,WIB,0 years 0 mons 0 days 7 hours 0 mins 0.00 secs,false
Asia/Pyongyang,KST,0 years 0 mons 0 days 9 hours 0 mins 0.00 secs,false
Asia/Qatar,+03,0 years 0 mons 0 days 3 hours 0 mins 0.00 secs,false
Asia/Qostanay,+06,0 years 0 mons 0 days 6 hours 0 mins 0.00 secs,false
Asia/Qyzylorda,+05,0 years 0 mons 0 days 5 hours 0 mins 0.00 secs,false
Asia/Rangoon,+0630,0 years 0 mons 0 days 6 hours 30 mins 0.00 secs,false
Asia/Riyadh,+03,0 years 0 mons 0 days 3 hours 0 mins 0.00 secs,false
Asia/Saigon,+07,0 years 0 mons 0 days 7 hours 0 mins 0.00 secs,false
Asia/Sakhalin,+11,0 years 0 mons 0 days 11 hours 0 mins 0.00 secs,false
Asia/Samarkand,+05,0 years 0 mons 0 days 5 hours 0 mins 0.00 secs,false
Asia/Seoul,KST,0 years 0 mons 0 days 9 hours 0 mins 0.00 secs,false
Asia/Shanghai,CST,0 years 0 mons 0 days 8 hours 0 mins 0.00 secs,false
Asia/Singapore,+08,0 years 0 mons 0 days 8 hours 0 mins 0.00 secs,false
Asia/Srednekolymsk,+11,0 years 0 mons 0 days 11 hours 0 mins 0.00 secs,false
Asia/Taipei,CST,0 years 0 mons 0 days 8 hours 0 mins 0.00 secs,false
Asia/Tashkent,+05,0 years 0 mons 0 days 5 hours 0 mins 0.00 secs,false
Asia/Tbilisi,+04,0 years 0 mons 0 days 4 hours 0 mins 0.00 secs,false
Asia/Tehran,+0330,0 years 0 mons 0 days 3 hours 30 mins 0.00 secs,false
Asia/Tel_Aviv,IST,0 years 0 mons 0 days 2 hours 0 mins 0.00 secs,false
Asia/Thimbu,+06,0 years 0 mons 0 days 6 hours 0 mins 0.00 secs,false
Asia/Thimphu,+06,0 years 0 mons 0 days 6 hours 0 mins 0.00 secs,false
Asia/Tokyo,JST,0 years 0 mons 0 days 9 hours 0 mins 0.00 secs,false
Asia/Tomsk,+07,0 years 0 mons 0 days 7 hours 0 mins 0.00 secs,false
Asia/Ujung_Pandang,WITA,0 years 0 mons 0 days 8 hours 0 mins 0.00 secs,false
Asia/Ulaanbaatar,+08,0 years 0 mons 0 days 8 hours 0 mins 0.00 secs,false
Asia/Ulan_Bator,+08,0 years 0 mons 0 days 8 hours 0 mins 0.00 secs,false
Asia/Urumqi,+06,0 years 0 mons 0 days 6 hours 0 mins 0.00 secs,false
Asia/Ust-Nera,+10,0 years 0 mons 0 days 10 hours 0 mins 0.00 secs,false
Asia/Vientiane,+07,0 years 0 mons 0 days 7 hours 0 mins 0.00 secs,false
Asia/Vladivostok,+10,0 years 0 mons 0 days 10 hours 0 mins 0.00 secs,false
Asia/Yakutsk,+09,0 years 0 mons 0 days 9 hours 0 mins 0.00 secs,false
Asia/Yangon,+0630,0 years 0 mons 0 days 6 hours 30 mins 0.00 secs,false
Asia/Yekaterinburg,+05,0 years 0 mons 0 days 5 hours 0 mins 0.00 secs,false
Asia/Yerevan,+04,0 years 0 mons 0 days 4 hours 0 mins 0.00 secs,false
Atlantic/Azores,-01,0 years 0 mons 0 days -1 hours 0 mins -0.00 secs,false
Atlantic/Bermuda,AST,0 years 0 mons 0 days -4 hours 0 mins -0.00 secs,false
Atlantic/Canary,WET,0 years 0 mons 0 days 0 hours 0 mins 0.00 secs,false
Atlantic/Cape_Verde,-01,0 years 0 mons 0 days -1 hours 0 mins -0.00 secs,false
Atlantic/Faeroe,WET,0 years 0 mons 0 days 0 hours 0 mins 0.00 secs,false
Atlantic/Faroe,WET,0 years 0 mons 0 days 0 hours 0 mins 0.00 secs,false
Atlantic/Jan_Mayen,CET,0 years 0 mons 0 days 1 hours 0 mins 0.00 secs,false
Atlantic/Madeira,WET,0 years 0 mons 0 days 0 hours 0 mins 0.00 secs,false
Atlantic/Reykjavik,GMT,0 years 0 mons 0 days 0 hours 0 mins 0.00 secs,false
Atlantic/South_Georgia,-02,0 years 0 mons 0 days -2 hours 0 mins -0.00 secs,false
Atlantic/Stanley,-03,0 years 0 mons 0 days -3 hours 0 mins -0.00 secs,false
Atlantic/St_Helena,GMT,0 years 0 mons 0 days 0 hours 0 mins 0.00 secs,false
Australia/ACT,AEDT,0 years 0 mons 0 days 11 hours 0 mins 0.00 secs,true
Australia/Adelaide,ACDT,0 years 0 mons 0 days 10 hours 30 mins 0.00 secs,true
Australia/Brisbane,AEST,0 years 0 mons 0 days 10 hours 0 mins 0.00 secs,false
Australia/Broken_Hill,ACDT,0 years 0 mons 0 days 10 hours 30 mins 0.00 secs,true
Australia/Canberra,AEDT,0 years 0 mons 0 days 11 hours 0 mins 0.00 secs,true
Australia/Currie,AEDT,0 years 0 mons 0 days 11 hours 0 mins 0.00 secs,true
Australia/Darwin,ACST,0 years 0 mons 0 days 9 hours 30 mins 0.00 secs,false
Australia/Eucla,+0845,0 years 0 mons 0 days 8 hours 45 mins 0.00 secs,false
Australia/Hobart,AEDT,0 years 0 mons 0 days 11 hours 0 mins 0.00 secs,true
Australia/LHI,+11,0 years 0 mons 0 days 11 hours 0 mins 0.00 secs,true
Australia/Lindeman,AEST,0 years 0 mons 0 days 10 hours 0 mins 0.00 secs,false
Australia/Lord_Howe,+11,0 years 0 mons 0 days 11 hours 0 mins 0.00 secs,true
Australia/Melbourne,AEDT,0 years 0 mons 0 days 11 hours 0 mins 0.00 secs,true
Australia/North,ACST,0 years 0 mons 0 days 9 hours 30 mins 0.00 secs,false
Australia/NSW,AEDT,0 years 0 mons 0 days 11 hours 0 mins 0.00 secs,true
Australia/Perth,AWST,0 years 0 mons 0 days 8 hours 0 mins 0.00 secs,false
Australia/Queensland,AEST,0 years 0 mons 0 days 10 hours 0 mins 0.00 secs,false
Australia/South,ACDT,0 years 0 mons 0 days 10 hours 30 mins 0.00 secs,true
Australia/Sydney,AEDT,0 years 0 mons 0 days 11 hours 0 mins 0.00 secs,true
Australia/Tasmania,AEDT,0 years 0 mons 0 days 11 hours 0 mins 0.00 secs,true
Australia/Victoria,AEDT,0 years 0 mons 0 days 11 hours 0 mins 0.00 secs,true
Australia/West,AWST,0 years 0 mons 0 days 8 hours 0 mins 0.00 secs,false
Australia/Yancowinna,ACDT,0 years 0 mons 0 days 10 hours 30 mins 0.00 secs,true
Brazil/Acre,-05,0 years 0 mons 0 days -5 hours 0 mins -0.00 secs,false
Brazil/DeNoronha,-02,0 years 0 mons 0 days -2 hours 0 mins -0.00 secs,false
Brazil/East,-03,0 years 0 mons 0 days -3 hours 0 mins -0.00 secs,false
Brazil/West,-04,0 years 0 mons 0 days -4 hours 0 mins -0.00 secs,false
Canada/Atlantic,AST,0 years 0 mons 0 days -4 hours 0 mins -0.00 secs,false
Canada/Central,CST,0 years 0 mons 0 days -6 hours 0 mins -0.00 secs,false
Canada/Eastern,EST,0 years 0 mons 0 days -5 hours 0 mins -0.00 secs,false
Canada/Mountain,MST,0 years 0 mons 0 days -7 hours 0 mins -0.00 secs,false
Canada/Newfoundland,NST,0 years 0 mons 0 days -3 hours -30 mins -0.00 secs,false
Canada/Pacific,PST,0 years 0 mons 0 days -8 hours 0 mins -0.00 secs,false
Canada/Saskatchewan,CST,0 years 0 mons 0 days -6 hours 0 mins -0.00 secs,false
Canada/Yukon,MST,0 years 0 mons 0 days -7 hours 0 mins -0.00 secs,false
CET,CET,0 years 0 mons 0 days 1 hours 0 mins 0.00 secs,false
Chile/Continental,-03,0 years 0 mons 0 days -3 hours 0 mins -0.00 secs,true
Chile/EasterIsland,-05,0 years 0 mons 0 days -5 hours 0 mins -0.00 secs,true
CST6CDT,CST,0 years 0 mons 0 days -6 hours 0 mins -0.00 secs,false
Cuba,CST,0 years 0 mons 0 days -5 hours 0 mins -0.00 secs,false
EET,EET,0 years 0 mons 0 days 2 hours 0 mins 0.00 secs,false
Egypt,EET,0 years 0 mons 0 days 2 hours 0 mins 0.00 secs,false
Eire,GMT,0 years 0 mons 0 days 0 hours 0 mins 0.00 secs,true
EST,EST,0 years 0 mons 0 days -5 hours 0 mins -0.00 secs,false
EST5EDT,EST,0 years 0 mons 0 days -5 hours 0 mins -0.00 secs,false
Etc/GMT,GMT,0 years 0 mons 0 days 0 hours 0 mins 0.00 secs,false
Etc/GMT+0,GMT,0 years 0 mons 0 days 0 hours 0 mins 0.00 secs,false
Etc/GMT+1,-01,0 years 0 mons 0 days -1 hours 0 mins -0.00 secs,false
Etc/GMT+10,-10,0 years 0 mons 0 days -10 hours 0 mins -0.00 secs,false
Etc/GMT+11,-11,0 years 0 mons 0 days -11 hours 0 mins -0.00 secs,false
Etc/GMT+12,-12,0 years 0 mons 0 days -12 hours 0 mins -0.00 secs,false
Etc/GMT+2,-02,0 years 0 mons 0 days -2 hours 0 mins -0.00 secs,false
Etc/GMT+3,-03,0 years 0 mons 0 days -3 hours 0 mins -0.00 secs,false
Etc/GMT+4,-04,0 years 0 mons 0 days -4 hours 0 mins -0.00 secs,false
Etc/GMT+5,-05,0 years 0 mons 0 days -5 hours 0 mins -0.00 secs,false
Etc/GMT+6,-06,0 years 0 mons 0 days -6 hours 0 mins -0.00 secs,false
Etc/GMT+7,-07,0 years 0 mons 0 days -7 hours 0 mins -0.00 secs,false
Etc/GMT+8,-08,0 years 0 mons 0 days -8 hours 0 mins -0.00 secs,false
Etc/GMT+9,-09,0 years 0 mons 0 days -9 hours 0 mins -0.00 secs,false
Etc/GMT-0,GMT,0 years 0 mons 0 days 0 hours 0 mins 0.00 secs,false
Etc/GMT-1,+01,0 years 0 mons 0 days 1 hours 0 mins 0.00 secs,false
Etc/GMT-10,+10,0 years 0 mons 0 days 10 hours 0 mins 0.00 secs,false
Etc/GMT-11,+11,0 years 0 mons 0 days 11 hours 0 mins 0.00 secs,false
Etc/GMT-12,+12,0 years 0 mons 0 days 12 hours 0 mins 0.00 secs,false
Etc/GMT-13,+13,0 years 0 mons 0 days 13 hours 0 mins 0.00 secs,false
Etc/GMT-14,+14,0 years 0 mons 0 days 14 hours 0 mins 0.00 secs,false
Etc/GMT-2,+02,0 years 0 mons 0 days 2 hours 0 mins 0.00 secs,false
Etc/GMT-3,+03,0 years 0 mons 0 days 3 hours 0 mins 0.00 secs,false
Etc/GMT-4,+04,0 years 0 mons 0 days 4 hours 0 mins 0.00 secs,false
Etc/GMT-5,+05,0 years 0 mons 0 days 5 hours 0 mins 0.00 secs,false
Etc/GMT-6,+06,0 years 0 mons 0 days 6 hours 0 mins 0.00 secs,false
Etc/GMT-7,+07,0 years 0 mons 0 days 7 hours 0 mins 0.00 secs,false
Etc/GMT-8,+08,0 years 0 mons 0 days 8 hours 0 mins 0.00 secs,false
Etc/GMT-9,+09,0 years 0 mons 0 days 9 hours 0 mins 0.00 secs,false
Etc/GMT0,GMT,0 years 0 mons 0 days 0 hours 0 mins 0.00 secs,false
Etc/Greenwich,GMT,0 years 0 mons 0 days 0 hours 0 mins 0.00 secs,false
Etc/UCT,UTC,0 years 0 mons 0 days 0 hours 0 mins 0.00 secs,false
Etc/Universal,UTC,0 years 0 mons 0 days 0 hours 0 mins 0.00 secs,false
Etc/UTC,UTC,0 years 0 mons 0 days 0 hours 0 mins 0.00 secs,false
Etc/Zulu,UTC,0 years 0 mons 0 days 0 hours 0 mins 0.00 secs,false
Europe/Amsterdam,CET,0 years 0 mons 0 days 1 hours 0 mins 0.00 secs,false
Europe/Andorra,CET,0 years 0 mons 0 days 1 hours 0 mins 0.00 secs,false
Europe/Astrakhan,+04,0 years 0 mons 0 days 4 hours 0 mins 0.00 secs,false
Europe/Athens,EET,0 years 0 mons 0 days 2 hours 0 mins 0.00 secs,false
Europe/Belfast,GMT,0 years 0 mons 0 days 0 hours 0 mins 0.00 secs,false
Europe/Belgrade,CET,0 years 0 mons 0 days 1 hours 0 mins 0.00 secs,false
Europe/Berlin,CET,0 years 0 mons 0 days 1 hours 0 mins 0.00 secs,false
Europe/Bratislava,CET,0 years 0 mons 0 days 1 hours 0 mins 0.00 secs,false
Europe/Brussels,CET,0 years 0 mons 0 days 1 hours 0 mins 0.00 secs,false
Europe/Bucharest,EET,0 years 0 mons 0 days 2 hours 0 mins 0.00 secs,false
Europe/Budapest,CET,0 years 0 mons 0 days 1 hours 0 mins 0.00 secs,false
Europe/Busingen,CET,0 years 0 mons 0 days 1 hours 0 mins 0.00 secs,false
Europe/Chisinau,EET,0 years 0 mons 0 days 2 hours 0 mins 0.00 secs,false
Europe/Copenhagen,CET,0 years 0 mons 0 days 1 hours 0 mins 0.00 secs,false
Europe/Dublin,GMT,0 years 0 mons 0 days 0 hours 0 mins 0.00 secs,true
Europe/Gibraltar,CET,0 years 0 mons 0 days 1 hours 0 mins 0.00 secs,false
Europe/Guernsey,GMT,0 years 0 mons 0 days 0 hours 0 mins 0.00 secs,false
Europe/Helsinki,EET,0 years 0 mons 0 days 2 hours 0 mins 0.00 secs,false
Europe/Isle_of_Man,GMT,0 years 0 mons 0 days 0 hours 0 mins 0.00 secs,false
Europe/Istanbul,+03,0 years 0 mons 0 days 3 hours 0 mins 0.00 secs,false
Europe/Jersey,GMT,0 years 0 mons 0 days 0 hours 0 mins 0.00 secs,false
Europe/Kaliningrad,EET,0 years 0 mons 0 days 2 hours 0 mins 0.00 secs,false
Europe/Kiev,EET,0 years 0 mons 0 days 2 hours 0 mins 0.00 secs,false
Europe/Kirov,+03,0 years 0 mons 0 days 3 hours 0 mins 0.00 secs,false
Europe/Lisbon,WET,0 years 0 mons 0 days 0 hours 0 mins 0.00 secs,false
Europe/Ljubljana,CET,0 years 0 mons 0 days 1 hours 0 mins 0.00 secs,false
Europe/London,GMT,0 years 0 mons 0 days 0 hours 0 mins 0.00 secs,false
Europe/Luxembourg,CET,0 years 0 mons 0 days 1 hours 0 mins 0.00 secs,false
Europe/Madrid,CET,0 years 0 mons 0 days 1 hours 0 mins 0.00 secs,false
Europe/Malta,CET,0 years 0 mons 0 days 1 hours 0 mins 0.00 secs,false
Europe/Mariehamn,EET,0 years 0 mons 0 days 2 hours 0 mins 0.00 secs,false
Europe/Minsk,+03,0 years 0 mons 0 days 3 hours 0 mins 0.00 secs,false
Europe/Monaco,CET,0 years 0 mons 0 days 1 hours 0 mins 0.00 secs,false
Europe/Moscow,MSK,0 years 0 mons 0 days 3 hours 0 mins 0.00 secs,false
Europe/Nicosia,EET,0 years 0 mons 0 days 2 hours 0 mins 0.00 secs,false
Europe/Oslo,CET,0 years 0 mons 0 days 1 hours 0 mins 0.00 secs,false
Europe/Paris,CET,0 years 0 mons 0 days 1 hours 0 mins 0.00 secs,false
Europe/Podgorica,CET,0 years 0 mons 0 days 1 hours 0 mins 0.00 secs,false
Europe/Prague,CET,0 years 0 mons 0 days 1 hours 0 mins 0.00 secs,false
Europe/Riga,EET,0 years 0 mons 0 days 2 hours 0 mins 0.00 secs,false
Europe/Rome,CET,0 years 0 mons 0 days 1 hours 0 mins 0.00 secs,false
Europe/Samara,+04,0 years 0 mons 0 days 4 hours 0 mins 0.00 secs,false
Europe/San_Marino,CET,0 years 0 mons 0 days 1 hours 0 mins 0.00 secs,false
Europe/Sarajevo,CET,0 years 0 mons 0 days 1 hours 0 mins 0.00 secs,false
Europe/Saratov,+04,0 years 0 mons 0 days 4 hours 0 mins 0.00 secs,false
Europe/Simferopol,MSK,0 years 0 mons 0 days 3 hours 0 mins 0.00 secs,false
Europe/Skopje,CET,0 years 0 mons 0 days 1 hours 0 mins 0.00 secs,false
Europe/Sofia,EET,0 years 0 mons 0 days 2 hours 0 mins 0.00 secs,false
Europe/Stockholm,CET,0 years 0 mons 0 days 1 hours 0 mins 0.00 secs,false
Europe/Tallinn,EET,0 years 0 mons 0 days 2 hours 0 mins 0.00 secs,false
Europe/Tirane,CET,0 years 0 mons 0 days 1 hours 0 mins 0.00 secs,false
Europe/Tiraspol,EET,0 years 0 mons 0 days 2 hours 0 mins 0.00 secs,false
Europe/Ulyanovsk,+04,0 years 0 mons 0 days 4 hours 0 mins 0.00 secs,false
Europe/Uzhgorod,EET,0 years 0 mons 0 days 2 hours 0 mins 0.00 secs,false
Europe/Vaduz,CET,0 years 0 mons 0 days 1 hours 0 mins 0.00 secs,false
Europe/Vatican,CET,0 years 0 mons 0 days 1 hours 0 mins 0.00 secs,false
Europe/Vienna,CET,0 years 0 mons 0 days 1 hours 0 mins 0.00 secs,false
Europe/Vilnius,EET,0 years 0 mons 0 days 2 hours 0 mins 0.00 secs,false
Europe/Volgograd,+04,0 years 0 mons 0 days 4 hours 0 mins 0.00 secs,false
Europe/Warsaw,CET,0 years 0 mons 0 days 1 hours 0 mins 0.00 secs,false
Europe/Zagreb,CET,0 years 0 mons 0 days 1 hours 0 mins 0.00 secs,false
Europe/Zaporozhye,EET,0 years 0 mons 0 days 2 hours 0 mins 0.00 secs,false
Europe/Zurich,CET,0 years 0 mons 0 days 1 hours 0 mins 0.00 secs,false
Factory,-00,0 years 0 mons 0 days 0 hours 0 mins 0.00 secs,false
GB,GMT,0 years 0 mons 0 days 0 hours 0 mins 0.00 secs,false
GB-Eire,GMT,0 years 0 mons 0 days 0 hours 0 mins 0.00 secs,false
GMT,GMT,0 years 0 mons 0 days 0 hours 0 mins 0.00 secs,false
GMT+0,GMT,0 years 0 mons 0 days 0 hours 0 mins 0.00 secs,false
GMT-0,GMT,0 years 0 mons 0 days 0 hours 0 mins 0.00 secs,false
GMT0,GMT,0 years 0 mons 0 days 0 hours 0 mins 0.00 secs,false
Greenwich,GMT,0 years 0 mons 0 days 0 hours 0 mins 0.00 secs,false
Hongkong,HKT,0 years 0 mons 0 days 8 hours 0 mins 0.00 secs,false
HST,HST,0 years 0 mons 0 days -10 hours 0 mins -0.00 secs,false
Iceland,GMT,0 years 0 mons 0 days 0 hours 0 mins 0.00 secs,false
Indian/Antananarivo,EAT,0 years 0 mons 0 days 3 hours 0 mins 0.00 secs,false
Indian/Chagos,+06,0 years 0 mons 0 days 6 hours 0 mins 0.00 secs,false
Indian/Christmas,+07,0 years 0 mons 0 days 7 hours 0 mins 0.00 secs,false
Indian/Cocos,+0630,0 years 0 mons 0 days 6 hours 30 mins 0.00 secs,false
Indian/Comoro,EAT,0 years 0 mons 0 days 3 hours 0 mins 0.00 secs,false
Indian/Kerguelen,+05,0 years 0 mons 0 days 5 hours 0 mins 0.00 secs,false
Indian/Mahe,+04,0 years 0 mons 0 days 4 hours 0 mins 0.00 secs,false
Indian/Maldives,+05,0 years 0 mons 0 days 5 hours 0 mins 0.00 secs,false
Indian/Mauritius,+04,0 years 0 mons 0 days 4 hours 0 mins 0.00 secs,false
Indian/Mayotte,EAT,0 years 0 mons 0 days 3 hours 0 mins 0.00 secs,false
Indian/Reunion,+04,0 years 0 mons 0 days 4 hours 0 mins 0.00 secs,false
Iran,+0330,0 years 0 mons 0 days 3 hours 30 mins 0.00 secs,false
Israel,IST,0 years 0 mons 0 days 2 hours 0 mins 0.00 secs,false
Jamaica,EST,0 years 0 mons 0 days -5 hours 0 mins -0.00 secs,false
Japan,JST,0 years 0 mons 0 days 9 hours 0 mins 0.00 secs,false
Kwajalein,+12,0 years 0 mons 0 days 12 hours 0 mins 0.00 secs,false
Libya,EET,0 years 0 mons 0 days 2 hours 0 mins 0.00 secs,false
MET,MET,0 years 0 mons 0 days 1 hours 0 mins 0.00 secs,false
Mexico/BajaNorte,PST,0 years 0 mons 0 days -8 hours 0 mins -0.00 secs,false
Mexico/BajaSur,MST,0 years 0 mons 0 days -7 hours 0 mins -0.00 secs,false
Mexico/General,CST,0 years 0 mons 0 days -6 hours 0 mins -0.00 secs,false
MST,MST,0 years 0 mons 0 days -7 hours 0 mins -0.00 secs,false
MST7MDT,MST,0 years 0 mons 0 days -7 hours 0 mins -0.00 secs,false
Navajo,MST,0 years 0 mons 0 days -7 hours 0 mins -0.00 secs,false
NZ,NZDT,0 years 0 mons 0 days 13 hours 0 mins 0.00 secs,true
NZ-CHAT,+1345,0 years 0 mons 0 days 13 hours 45 mins 0.00 secs,true
Pacific/Apia,+14,0 years 0 mons 0 days 14 hours 0 mins 0.00 secs,true
Pacific/Auckland,NZDT,0 years 0 mons 0 days 13 hours 0 mins 0.00 secs,true
Pacific/Bougainville,+11,0 years 0 mons 0 days 11 hours 0 mins 0.00 secs,false
Pacific/Chatham,+1345,0 years 0 mons 0 days 13 hours 45 mins 0.00 secs,true
Pacific/Chuuk,+10,0 years 0 mons 0 days 10 hours 0 mins 0.00 secs,false
Pacific/Easter,-05,0 years 0 mons 0 days -5 hours 0 mins -0.00 secs,true
Pacific/Efate,+11,0 years 0 mons 0 days 11 hours 0 mins 0.00 secs,false
Pacific/Enderbury,+13,0 years 0 mons 0 days 13 hours 0 mins 0.00 secs,false
Pacific/Fakaofo,+13,0 years 0 mons 0 days 13 hours 0 mins 0.00 secs,false
Pacific/Fiji,+13,0 years 0 mons 0 days 13 hours 0 mins 0.00 secs,true
Pacific/Funafuti,+12,0 years 0 mons 0 days 12 hours 0 mins 0.00 secs,false
Pacific/Galapagos,-06,0 years 0 mons 0 days -6 hours 0 mins -0.00 secs,false
Pacific/Gambier,-09,0 years 0 mons 0 days -9 hours 0 mins -0.00 secs,false
Pacific/Guadalcanal,+11,0 years 0 mons 0 days 11 hours 0 mins 0.00 secs,false
Pacific/Guam,ChST,0 years 0 mons 0 days 10 hours 0 mins 0.00 secs,false
Pacific/Honolulu,HST,0 years 0 mons 0 days -10 hours 0 mins -0.00 secs,false
Pacific/Johnston,HST,0 years 0 mons 0 days -10 hours 0 mins -0.00 secs,false
Pacific/Kiritimati,+14,0 years 0 mons 0 days 14 hours 0 mins 0.00 secs,false
Pacific/Kosrae,+11,0 years 0 mons 0 days 11 hours 0 mins 0.00 secs,false
Pacific/Kwajalein,+12,0 years 0 mons 0 days 12 hours 0 mins 0.00 secs,false
Pacific/Majuro,+12,0 years 0 mons 0 days 12 hours 0 mins 0.00 secs,false
Pacific/Marquesas,-0930,0 years 0 mons 0 days -9 hours -30 mins -0.00 secs,false
Pacific/Midway,SST,0 years 0 mons 0 days -11 hours 0 mins -0.00 secs,false
Pacific/Nauru,+12,0 years 0 mons 0 days 12 hours 0 mins 0.00 secs,false
Pacific/Niue,-11,0 years 0 mons 0 days -11 hours 0 mins -0.00 secs,false
Pacific/Norfolk,+12,0 years 0 mons 0 days 12 hours 0 mins 0.00 secs,true
Pacific/Noumea,+11,0 years 0 mons 0 days 11 hours 0 mins 0.00 secs,false
Pacific/Pago_Pago,SST,0 years 0 mons 0 days -11 hours 0 mins -0.00 secs,false
Pacific/Palau,+09,0 years 0 mons 0 days 9 hours 0 mins 0.00 secs,false
Pacific/Pitcairn,-08,0 years 0 mons 0 days -8 hours 0 mins -0.00 secs,false
Pacific/Pohnpei,+11,0 years 0 mons 0 days 11 hours 0 mins 0.00 secs,false
Pacific/Ponape,+11,0 years 0 mons 0 days 11 hours 0 mins 0.00 secs,false
Pacific/Port_Moresby,+10,0 years 0 mons 0 days 10 hours 0 mins 0.00 secs,false
Pacific/Rarotonga,-10,0 years 0 mons 0 days -10 hours 0 mins -0.00 secs,false
Pacific/Saipan,ChST,0 years 0 mons 0 days 10 hours 0 mins 0.00 secs,false
Pacific/Samoa,SST,0 years 0 mons 0 days -11 hours 0 mins -0.00 secs,false
Pacific/Tahiti,-10,0 years 0 mons 0 days -10 hours 0 mins -0.00 secs,false
Pacific/Tarawa,+12,0 years 0 mons 0 days 12 hours 0 mins 0.00 secs,false
Pacific/Tongatapu,+13,0 years 0 mons 0 days 13 hours 0 mins 0.00 secs,false
Pacific/Truk,+10,0 years 0 mons 0 days 10 hours 0 mins 0.00 secs,false
Pacific/Wake,+12,0 years 0 mons 0 days 12 hours 0 mins 0.00 secs,false
Pacific/Wallis,+12,0 years 0 mons 0 days 12 hours 0 mins 0.00 secs,false
Pacific/Yap,+10,0 years 0 mons 0 days 10 hours 0 mins 0.00 secs,false
Poland,CET,0 years 0 mons 0 days 1 hours 0 mins 0.00 secs,false
Portugal,WET,0 years 0 mons 0 days 0 hours 0 mins 0.00 secs,false
PRC,CST,0 years 0 mons 0 days 8 hours 0 mins 0.00 secs,false
PST8PDT,PST,0 years 0 mons 0 days -8 hours 0 mins -0.00 secs,false
ROC,CST,0 years 0 mons 0 days 8 hours 0 mins 0.00 secs,false
ROK,KST,0 years 0 mons 0 days 9 hours 0 mins 0.00 secs,false
Singapore,+08,0 years 0 mons 0 days 8 hours 0 mins 0.00 secs,false
Turkey,+03,0 years 0 mons 0 days 3 hours 0 mins 0.00 secs,false
UCT,UTC,0 years 0 mons 0 days 0 hours 0 mins 0.00 secs,false
Universal,UTC,0 years 0 mons 0 days 0 hours 0 mins 0.00 secs,false
US/Alaska,AKST,0 years 0 mons 0 days -9 hours 0 mins -0.00 secs,false
US/Aleutian,HST,0 years 0 mons 0 days -10 hours 0 mins -0.00 secs,false
US/Arizona,MST,0 years 0 mons 0 days -7 hours 0 mins -0.00 secs,false
US/Central,CST,0 years 0 mons 0 days -6 hours 0 mins -0.00 secs,false
US/East-Indiana,EST,0 years 0 mons 0 days -5 hours 0 mins -0.00 secs,false
US/Eastern,EST,0 years 0 mons 0 days -5 hours 0 mins -0.00 secs,false
US/Hawaii,HST,0 years 0 mons 0 days -10 hours 0 mins -0.00 secs,false
US/Indiana-Starke,CST,0 years 0 mons 0 days -6 hours 0 mins -0.00 secs,false
US/Michigan,EST,0 years 0 mons 0 days -5 hours 0 mins -0.00 secs,false
US/Mountain,MST,0 years 0 mons 0 days -7 hours 0 mins -0.00 secs,false
US/Pacific,PST,0 years 0 mons 0 days -8 hours 0 mins -0.00 secs,false
US/Samoa,SST,0 years 0 mons 0 days -11 hours 0 mins -0.00 secs,false
UTC,UTC,0 years 0 mons 0 days 0 hours 0 mins 0.00 secs,false
W-SU,MSK,0 years 0 mons 0 days 3 hours 0 mins 0.00 secs,false
WET,WET,0 years 0 mons 0 days 0 hours 0 mins 0.00 secs,false
Zulu,UTC,0 years 0 mons 0 days 0 hours 0 mins 0.00 secs,false
