100,default,11,10,d,true,-1,"","",
950,C,11,10,c,true,-1,C,C,
951,POSIX,11,10,c,true,-1,POSIX,POSIX,
12327,ucs_basic,11,10,c,true,6,C,C,
12328,und-x-icu,11,10,i,true,-1,und,und,153.14
12329,af-x-icu,11,10,i,true,-1,af,af,153.14.37
12330,af-NA-x-icu,11,10,i,true,-1,af-NA,af-NA,153.14.37
12331,af-ZA-x-icu,11,10,i,true,-1,af-ZA,af-ZA,153.14.37
12332,agq-x-icu,11,10,i,true,-1,agq,agq,153.14
12333,agq-CM-x-icu,11,10,i,true,-1,agq-CM,agq-CM,153.14
12334,ak-x-icu,11,10,i,true,-1,ak,ak,153.14
12335,ak-GH-x-icu,11,10,i,true,-1,ak-GH,ak-GH,153.14
12336,am-x-icu,11,10,i,true,-1,am,am,153.14.37
12337,am-ET-x-icu,11,10,i,true,-1,am-ET,am-ET,153.14.37
12338,ar-x-icu,11,10,i,true,-1,ar,ar,153.14.37
12339,ar-001-x-icu,11,10,i,true,-1,ar-001,ar-001,153.14.37
12340,ar-AE-x-icu,11,10,i,true,-1,ar-AE,ar-AE,153.14.37
12341,ar-BH-x-icu,11,10,i,true,-1,ar-BH,ar-BH,153.14.37
12342,ar-DJ-x-icu,11,10,i,true,-1,ar-DJ,ar-DJ,153.14.37
12343,ar-DZ-x-icu,11,10,i,true,-1,ar-DZ,ar-DZ,153.14.37
12344,ar-EG-x-icu,11,10,i,true,-1,ar-EG,ar-EG,153.14.37
12345,ar-EH-x-icu,11,10,i,true,-1,ar-EH,ar-EH,153.14.37
12346,ar-ER-x-icu,11,10,i,true,-1,ar-ER,ar-ER,153.14.37
12347,ar-IL-x-icu,11,10,i,true,-1,ar-IL,ar-IL,153.14.37
12348,ar-IQ-x-icu,11,10,i,true,-1,ar-IQ,ar-IQ,153.14.37
12349,ar-JO-x-icu,11,10,i,true,-1,ar-JO,ar-JO,153.14.37
12350,ar-KM-x-icu,11,10,i,true,-1,ar-KM,ar-KM,153.14.37
12351,ar-KW-x-icu,11,10,i,true,-1,ar-KW,ar-KW,153.14.37
12352,ar-LB-x-icu,11,10,i,true,-1,ar-LB,ar-LB,153.14.37
12353,ar-LY-x-icu,11,10,i,true,-1,ar-LY,ar-LY,153.14.37
12354,ar-MA-x-icu,11,10,i,true,-1,ar-MA,ar-MA,153.14.37
12355,ar-MR-x-icu,11,10,i,true,-1,ar-MR,ar-MR,153.14.37
12356,ar-OM-x-icu,11,10,i,true,-1,ar-OM,ar-OM,153.14.37
12357,ar-PS-x-icu,11,10,i,true,-1,ar-PS,ar-PS,153.14.37
12358,ar-QA-x-icu,11,10,i,true,-1,ar-QA,ar-QA,153.14.37
12359,ar-SA-x-icu,11,10,i,true,-1,ar-SA,ar-SA,153.14.37
12360,ar-SD-x-icu,11,10,i,true,-1,ar-SD,ar-SD,153.14.37
12361,ar-SO-x-icu,11,10,i,true,-1,ar-SO,ar-SO,153.14.37
12362,ar-SS-x-icu,11,10,i,true,-1,ar-SS,ar-SS,153.14.37
12363,ar-SY-x-icu,11,10,i,true,-1,ar-SY,ar-SY,153.14.37
12364,ar-TD-x-icu,11,10,i,true,-1,ar-TD,ar-TD,153.14.37
12365,ar-TN-x-icu,11,10,i,true,-1,ar-TN,ar-TN,153.14.37
12366,ar-YE-x-icu,11,10,i,true,-1,ar-YE,ar-YE,153.14.37
12367,as-x-icu,11,10,i,true,-1,as,as,153.14.37
12368,as-IN-x-icu,11,10,i,true,-1,as-IN,as-IN,153.14.37
12369,asa-x-icu,11,10,i,true,-1,asa,asa,153.14
12370,asa-TZ-x-icu,11,10,i,true,-1,asa-TZ,asa-TZ,153.14
12371,ast-x-icu,11,10,i,true,-1,ast,ast,153.14
12372,ast-ES-x-icu,11,10,i,true,-1,ast-ES,ast-ES,153.14
12373,az-x-icu,11,10,i,true,-1,az,az,153.14.37
12374,az-Cyrl-x-icu,11,10,i,true,-1,az-Cyrl,az-Cyrl,153.14.37
12375,az-Cyrl-AZ-x-icu,11,10,i,true,-1,az-Cyrl-AZ,az-Cyrl-AZ,153.14.37
12376,az-Latn-x-icu,11,10,i,true,-1,az-Latn,az-Latn,153.14.37
12377,az-Latn-AZ-x-icu,11,10,i,true,-1,az-Latn-AZ,az-Latn-AZ,153.14.37
12378,bas-x-icu,11,10,i,true,-1,bas,bas,153.14
12379,bas-CM-x-icu,11,10,i,true,-1,bas-CM,bas-CM,153.14
12380,be-x-icu,11,10,i,true,-1,be,be,153.14.37
12381,be-BY-x-icu,11,10,i,true,-1,be-BY,be-BY,153.14.37
12382,bem-x-icu,11,10,i,true,-1,bem,bem,153.14
12383,bem-ZM-x-icu,11,10,i,true,-1,bem-ZM,bem-ZM,153.14
12384,bez-x-icu,11,10,i,true,-1,bez,bez,153.14
12385,bez-TZ-x-icu,11,10,i,true,-1,bez-TZ,bez-TZ,153.14
12386,bg-x-icu,11,10,i,true,-1,bg,bg,153.14.37
12387,bg-BG-x-icu,11,10,i,true,-1,bg-BG,bg-BG,153.14.37
12388,bm-x-icu,11,10,i,true,-1,bm,bm,153.14
12389,bm-ML-x-icu,11,10,i,true,-1,bm-ML,bm-ML,153.14
12390,bn-x-icu,11,10,i,true,-1,bn,bn,153.14.37
12391,bn-BD-x-icu,11,10,i,true,-1,bn-BD,bn-BD,153.14.37
12392,bn-IN-x-icu,11,10,i,true,-1,bn-IN,bn-IN,153.14.37
12393,bo-x-icu,11,10,i,true,-1,bo,bo,153.14
12394,bo-CN-x-icu,11,10,i,true,-1,bo-CN,bo-CN,153.14
12395,bo-IN-x-icu,11,10,i,true,-1,bo-IN,bo-IN,153.14
12396,br-x-icu,11,10,i,true,-1,br,br,153.14
12397,br-FR-x-icu,11,10,i,true,-1,br-FR,br-FR,153.14
12398,brx-x-icu,11,10,i,true,-1,brx,brx,153.14
12399,brx-IN-x-icu,11,10,i,true,-1,brx-IN,brx-IN,153.14
12400,bs-x-icu,11,10,i,true,-1,bs,bs,153.14.37
12401,bs-Cyrl-x-icu,11,10,i,true,-1,bs-Cyrl,bs-Cyrl,153.14.37
12402,bs-Cyrl-BA-x-icu,11,10,i,true,-1,bs-Cyrl-BA,bs-Cyrl-BA,153.14.37
12403,bs-Latn-x-icu,11,10,i,true,-1,bs-Latn,bs-Latn,153.14.37
12404,bs-Latn-BA-x-icu,11,10,i,true,-1,bs-Latn-BA,bs-Latn-BA,153.14.37
12405,ca-x-icu,11,10,i,true,-1,ca,ca,153.14
12406,ca-AD-x-icu,11,10,i,true,-1,ca-AD,ca-AD,153.14
12407,ca-ES-x-icu,11,10,i,true,-1,ca-ES,ca-ES,153.14
12408,ca-FR-x-icu,11,10,i,true,-1,ca-FR,ca-FR,153.14
12409,ca-IT-x-icu,11,10,i,true,-1,ca-IT,ca-IT,153.14
12410,ccp-x-icu,11,10,i,true,-1,ccp,ccp,153.14
12411,ccp-BD-x-icu,11,10,i,true,-1,ccp-BD,ccp-BD,153.14
12412,ccp-IN-x-icu,11,10,i,true,-1,ccp-IN,ccp-IN,153.14
12413,ce-x-icu,11,10,i,true,-1,ce,ce,153.14
12414,ce-RU-x-icu,11,10,i,true,-1,ce-RU,ce-RU,153.14
12415,ceb-x-icu,11,10,i,true,-1,ceb,ceb,153.14.37
12416,ceb-PH-x-icu,11,10,i,true,-1,ceb-PH,ceb-PH,153.14.37
12417,cgg-x-icu,11,10,i,true,-1,cgg,cgg,153.14
12418,cgg-UG-x-icu,11,10,i,true,-1,cgg-UG,cgg-UG,153.14
12419,chr-x-icu,11,10,i,true,-1,chr,chr,153.14.37
12420,chr-US-x-icu,11,10,i,true,-1,chr-US,chr-US,153.14.37
12421,ckb-x-icu,11,10,i,true,-1,ckb,ckb,153.14
12422,ckb-IQ-x-icu,11,10,i,true,-1,ckb-IQ,ckb-IQ,153.14
12423,ckb-IR-x-icu,11,10,i,true,-1,ckb-IR,ckb-IR,153.14
12424,cs-x-icu,11,10,i,true,-1,cs,cs,153.14.37
12425,cs-CZ-x-icu,11,10,i,true,-1,cs-CZ,cs-CZ,153.14.37
12426,cy-x-icu,11,10,i,true,-1,cy,cy,153.14.37
12427,cy-GB-x-icu,11,10,i,true,-1,cy-GB,cy-GB,153.14.37
12428,da-x-icu,11,10,i,true,-1,da,da,153.14.37
12429,da-DK-x-icu,11,10,i,true,-1,da-DK,da-DK,153.14.37
12430,da-GL-x-icu,11,10,i,true,-1,da-GL,da-GL,153.14.37
12431,dav-x-icu,11,10,i,true,-1,dav,dav,153.14
12432,dav-KE-x-icu,11,10,i,true,-1,dav-KE,dav-KE,153.14
12433,de-x-icu,11,10,i,true,-1,de,de,153.14
12434,de-AT-x-icu,11,10,i,true,-1,de-AT,de-AT,153.14
12435,de-BE-x-icu,11,10,i,true,-1,de-BE,de-BE,153.14
12436,de-CH-x-icu,11,10,i,true,-1,de-CH,de-CH,153.14
12437,de-DE-x-icu,11,10,i,true,-1,de-DE,de-DE,153.14
12438,de-IT-x-icu,11,10,i,true,-1,de-IT,de-IT,153.14
12439,de-LI-x-icu,11,10,i,true,-1,de-LI,de-LI,153.14
12440,de-LU-x-icu,11,10,i,true,-1,de-LU,de-LU,153.14
12441,dje-x-icu,11,10,i,true,-1,dje,dje,153.14
12442,dje-NE-x-icu,11,10,i,true,-1,dje-NE,dje-NE,153.14
12443,dsb-x-icu,11,10,i,true,-1,dsb,dsb,153.14.37
12444,dsb-DE-x-icu,11,10,i,true,-1,dsb-DE,dsb-DE,153.14.37
12445,dua-x-icu,11,10,i,true,-1,dua,dua,153.14
12446,dua-CM-x-icu,11,10,i,true,-1,dua-CM,dua-CM,153.14
12447,dyo-x-icu,11,10,i,true,-1,dyo,dyo,153.14
12448,dyo-SN-x-icu,11,10,i,true,-1,dyo-SN,dyo-SN,153.14
12449,dz-x-icu,11,10,i,true,-1,dz,dz,153.14
12450,dz-BT-x-icu,11,10,i,true,-1,dz-BT,dz-BT,153.14
12451,ebu-x-icu,11,10,i,true,-1,ebu,ebu,153.14
12452,ebu-KE-x-icu,11,10,i,true,-1,ebu-KE,ebu-KE,153.14
12453,ee-x-icu,11,10,i,true,-1,ee,ee,153.14.37
12454,ee-GH-x-icu,11,10,i,true,-1,ee-GH,ee-GH,153.14.37
12455,ee-TG-x-icu,11,10,i,true,-1,ee-TG,ee-TG,153.14.37
12456,el-x-icu,11,10,i,true,-1,el,el,153.14.37
12457,el-CY-x-icu,11,10,i,true,-1,el-CY,el-CY,153.14.37
12458,el-GR-x-icu,11,10,i,true,-1,el-GR,el-GR,153.14.37
12459,en-x-icu,11,10,i,true,-1,en,en,153.14
12460,en-001-x-icu,11,10,i,true,-1,en-001,en-001,153.14
12461,en-150-x-icu,11,10,i,true,-1,en-150,en-150,153.14
12462,en-AE-x-icu,11,10,i,true,-1,en-AE,en-AE,153.14
12463,en-AG-x-icu,11,10,i,true,-1,en-AG,en-AG,153.14
12464,en-AI-x-icu,11,10,i,true,-1,en-AI,en-AI,153.14
12465,en-AS-x-icu,11,10,i,true,-1,en-AS,en-AS,153.14
12466,en-AT-x-icu,11,10,i,true,-1,en-AT,en-AT,153.14
12467,en-AU-x-icu,11,10,i,true,-1,en-AU,en-AU,153.14
12468,en-BB-x-icu,11,10,i,true,-1,en-BB,en-BB,153.14
12469,en-BE-x-icu,11,10,i,true,-1,en-BE,en-BE,153.14
12470,en-BI-x-icu,11,10,i,true,-1,en-BI,en-BI,153.14
12471,en-BM-x-icu,11,10,i,true,-1,en-BM,en-BM,153.14
12472,en-BS-x-icu,11,10,i,true,-1,en-BS,en-BS,153.14
12473,en-BW-x-icu,11,10,i,true,-1,en-BW,en-BW,153.14
12474,en-BZ-x-icu,11,10,i,true,-1,en-BZ,en-BZ,153.14
12475,en-CA-x-icu,11,10,i,true,-1,en-CA,en-CA,153.14
12476,en-CC-x-icu,11,10,i,true,-1,en-CC,en-CC,153.14
12477,en-CH-x-icu,11,10,i,true,-1,en-CH,en-CH,153.14
12478,en-CK-x-icu,11,10,i,true,-1,en-CK,en-CK,153.14
12479,en-CM-x-icu,11,10,i,true,-1,en-CM,en-CM,153.14
12480,en-CX-x-icu,11,10,i,true,-1,en-CX,en-CX,153.14
12481,en-CY-x-icu,11,10,i,true,-1,en-CY,en-CY,153.14
12482,en-DE-x-icu,11,10,i,true,-1,en-DE,en-DE,153.14
12483,en-DG-x-icu,11,10,i,true,-1,en-DG,en-DG,153.14
12484,en-DK-x-icu,11,10,i,true,-1,en-DK,en-DK,153.14
12485,en-DM-x-icu,11,10,i,true,-1,en-DM,en-DM,153.14
12486,en-ER-x-icu,11,10,i,true,-1,en-ER,en-ER,153.14
12487,en-FI-x-icu,11,10,i,true,-1,en-FI,en-FI,153.14
12488,en-FJ-x-icu,11,10,i,true,-1,en-FJ,en-FJ,153.14
12489,en-FK-x-icu,11,10,i,true,-1,en-FK,en-FK,153.14
12490,en-FM-x-icu,11,10,i,true,-1,en-FM,en-FM,153.14
12491,en-GB-x-icu,11,10,i,true,-1,en-GB,en-GB,153.14
12492,en-GD-x-icu,11,10,i,true,-1,en-GD,en-GD,153.14
12493,en-GG-x-icu,11,10,i,true,-1,en-GG,en-GG,153.14
12494,en-GH-x-icu,11,10,i,true,-1,en-GH,en-GH,153.14
12495,en-GI-x-icu,11,10,i,true,-1,en-GI,en-GI,153.14
12496,en-GM-x-icu,11,10,i,true,-1,en-GM,en-GM,153.14
12497,en-GU-x-icu,11,10,i,true,-1,en-GU,en-GU,153.14
12498,en-GY-x-icu,11,10,i,true,-1,en-GY,en-GY,153.14
12499,en-HK-x-icu,11,10,i,true,-1,en-HK,en-HK,153.14
12500,en-IE-x-icu,11,10,i,true,-1,en-IE,en-IE,153.14
12501,en-IL-x-icu,11,10,i,true,-1,en-IL,en-IL,153.14
12502,en-IM-x-icu,11,10,i,true,-1,en-IM,en-IM,153.14
12503,en-IN-x-icu,11,10,i,true,-1,en-IN,en-IN,153.14
12504,en-IO-x-icu,11,10,i,true,-1,en-IO,en-IO,153.14
12505,en-JE-x-icu,11,10,i,true,-1,en-JE,en-JE,153.14
12506,en-JM-x-icu,11,10,i,true,-1,en-JM,en-JM,153.14
12507,en-KE-x-icu,11,10,i,true,-1,en-KE,en-KE,153.14
12508,en-KI-x-icu,11,10,i,true,-1,en-KI,en-KI,153.14
12509,en-KN-x-icu,11,10,i,true,-1,en-KN,en-KN,153.14
12510,en-KY-x-icu,11,10,i,true,-1,en-KY,en-KY,153.14
12511,en-LC-x-icu,11,10,i,true,-1,en-LC,en-LC,153.14
12512,en-LR-x-icu,11,10,i,true,-1,en-LR,en-LR,153.14
12513,en-LS-x-icu,11,10,i,true,-1,en-LS,en-LS,153.14
12514,en-MG-x-icu,11,10,i,true,-1,en-MG,en-MG,153.14
12515,en-MH-x-icu,11,10,i,true,-1,en-MH,en-MH,153.14
12516,en-MO-x-icu,11,10,i,true,-1,en-MO,en-MO,153.14
12517,en-MP-x-icu,11,10,i,true,-1,en-MP,en-MP,153.14
12518,en-MS-x-icu,11,10,i,true,-1,en-MS,en-MS,153.14
12519,en-MT-x-icu,11,10,i,true,-1,en-MT,en-MT,153.14
12520,en-MU-x-icu,11,10,i,true,-1,en-MU,en-MU,153.14
12521,en-MW-x-icu,11,10,i,true,-1,en-MW,en-MW,153.14
12522,en-MY-x-icu,11,10,i,true,-1,en-MY,en-MY,153.14
12523,en-NA-x-icu,11,10,i,true,-1,en-NA,en-NA,153.14
12524,en-NF-x-icu,11,10,i,true,-1,en-NF,en-NF,153.14
12525,en-NG-x-icu,11,10,i,true,-1,en-NG,en-NG,153.14
12526,en-NL-x-icu,11,10,i,true,-1,en-NL,en-NL,153.14
12527,en-NR-x-icu,11,10,i,true,-1,en-NR,en-NR,153.14
12528,en-NU-x-icu,11,10,i,true,-1,en-NU,en-NU,153.14
12529,en-NZ-x-icu,11,10,i,true,-1,en-NZ,en-NZ,153.14
12530,en-PG-x-icu,11,10,i,true,-1,en-PG,en-PG,153.14
12531,en-PH-x-icu,11,10,i,true,-1,en-PH,en-PH,153.14
12532,en-PK-x-icu,11,10,i,true,-1,en-PK,en-PK,153.14
12533,en-PN-x-icu,11,10,i,true,-1,en-PN,en-PN,153.14
12534,en-PR-x-icu,11,10,i,true,-1,en-PR,en-PR,153.14
12535,en-PW-x-icu,11,10,i,true,-1,en-PW,en-PW,153.14
12536,en-RW-x-icu,11,10,i,true,-1,en-RW,en-RW,153.14
12537,en-SB-x-icu,11,10,i,true,-1,en-SB,en-SB,153.14
12538,en-SC-x-icu,11,10,i,true,-1,en-SC,en-SC,153.14
12539,en-SD-x-icu,11,10,i,true,-1,en-SD,en-SD,153.14
12540,en-SE-x-icu,11,10,i,true,-1,en-SE,en-SE,153.14
12541,en-SG-x-icu,11,10,i,true,-1,en-SG,en-SG,153.14
12542,en-SH-x-icu,11,10,i,true,-1,en-SH,en-SH,153.14
12543,en-SI-x-icu,11,10,i,true,-1,en-SI,en-SI,153.14
12544,en-SL-x-icu,11,10,i,true,-1,en-SL,en-SL,153.14
12545,en-SS-x-icu,11,10,i,true,-1,en-SS,en-SS,153.14
12546,en-SX-x-icu,11,10,i,true,-1,en-SX,en-SX,153.14
12547,en-SZ-x-icu,11,10,i,true,-1,en-SZ,en-SZ,153.14
12548,en-TC-x-icu,11,10,i,true,-1,en-TC,en-TC,153.14
12549,en-TK-x-icu,11,10,i,true,-1,en-TK,en-TK,153.14
12550,en-TO-x-icu,11,10,i,true,-1,en-TO,en-TO,153.14
12551,en-TT-x-icu,11,10,i,true,-1,en-TT,en-TT,153.14
12552,en-TV-x-icu,11,10,i,true,-1,en-TV,en-TV,153.14
12553,en-TZ-x-icu,11,10,i,true,-1,en-TZ,en-TZ,153.14
12554,en-UG-x-icu,11,10,i,true,-1,en-UG,en-UG,153.14
12555,en-UM-x-icu,11,10,i,true,-1,en-UM,en-UM,153.14
12556,en-US-x-icu,11,10,i,true,-1,en-US,en-US,153.14
12557,en-US-u-va-posix-x-icu,11,10,i,true,-1,en-US-u-va-posix,en-US-u-va-posix,153.14.37
12558,en-VC-x-icu,11,10,i,true,-1,en-VC,en-VC,153.14
12559,en-VG-x-icu,11,10,i,true,-1,en-VG,en-VG,153.14
12560,en-VI-x-icu,11,10,i,true,-1,en-VI,en-VI,153.14
12561,en-VU-x-icu,11,10,i,true,-1,en-VU,en-VU,153.14
12562,en-WS-x-icu,11,10,i,true,-1,en-WS,en-WS,153.14
12563,en-ZA-x-icu,11,10,i,true,-1,en-ZA,en-ZA,153.14
12564,en-ZM-x-icu,11,10,i,true,-1,en-ZM,en-ZM,153.14
12565,en-ZW-x-icu,11,10,i,true,-1,en-ZW,en-ZW,153.14
12566,eo-x-icu,11,10,i,true,-1,eo,eo,153.14.37
12567,eo-001-x-icu,11,10,i,true,-1,eo-001,eo-001,153.14.37
12568,es-x-icu,11,10,i,true,-1,es,es,153.14.37
12569,es-419-x-icu,11,10,i,true,-1,es-419,es-419,153.14.37
12570,es-AR-x-icu,11,10,i,true,-1,es-AR,es-AR,153.14.37
12571,es-BO-x-icu,11,10,i,true,-1,es-BO,es-BO,153.14.37
12572,es-BR-x-icu,11,10,i,true,-1,es-BR,es-BR,153.14.37
12573,es-BZ-x-icu,11,10,i,true,-1,es-BZ,es-BZ,153.14.37
12574,es-CL-x-icu,11,10,i,true,-1,es-CL,es-CL,153.14.37
12575,es-CO-x-icu,11,10,i,true,-1,es-CO,es-CO,153.14.37
12576,es-CR-x-icu,11,10,i,true,-1,es-CR,es-CR,153.14.37
12577,es-CU-x-icu,11,10,i,true,-1,es-CU,es-CU,153.14.37
12578,es-DO-x-icu,11,10,i,true,-1,es-DO,es-DO,153.14.37
12579,es-EA-x-icu,11,10,i,true,-1,es-EA,es-EA,153.14.37
12580,es-EC-x-icu,11,10,i,true,-1,es-EC,es-EC,153.14.37
12581,es-ES-x-icu,11,10,i,true,-1,es-ES,es-ES,153.14.37
12582,es-GQ-x-icu,11,10,i,true,-1,es-GQ,es-GQ,153.14.37
12583,es-GT-x-icu,11,10,i,true,-1,es-GT,es-GT,153.14.37
12584,es-HN-x-icu,11,10,i,true,-1,es-HN,es-HN,153.14.37
12585,es-IC-x-icu,11,10,i,true,-1,es-IC,es-IC,153.14.37
12586,es-MX-x-icu,11,10,i,true,-1,es-MX,es-MX,153.14.37
12587,es-NI-x-icu,11,10,i,true,-1,es-NI,es-NI,153.14.37
12588,es-PA-x-icu,11,10,i,true,-1,es-PA,es-PA,153.14.37
12589,es-PE-x-icu,11,10,i,true,-1,es-PE,es-PE,153.14.37
12590,es-PH-x-icu,11,10,i,true,-1,es-PH,es-PH,153.14.37
12591,es-PR-x-icu,11,10,i,true,-1,es-PR,es-PR,153.14.37
12592,es-PY-x-icu,11,10,i,true,-1,es-PY,es-PY,153.14.37
12593,es-SV-x-icu,11,10,i,true,-1,es-SV,es-SV,153.14.37
12594,es-US-x-icu,11,10,i,true,-1,es-US,es-US,153.14.37
12595,es-UY-x-icu,11,10,i,true,-1,es-UY,es-UY,153.14.37
12596,es-VE-x-icu,11,10,i,true,-1,es-VE,es-VE,153.14.37
12597,et-x-icu,11,10,i,true,-1,et,et,153.14.37
12598,et-EE-x-icu,11,10,i,true,-1,et-EE,et-EE,153.14.37
12599,eu-x-icu,11,10,i,true,-1,eu,eu,153.14
12600,eu-ES-x-icu,11,10,i,true,-1,eu-ES,eu-ES,153.14
12601,ewo-x-icu,11,10,i,true,-1,ewo,ewo,153.14
12602,ewo-CM-x-icu,11,10,i,true,-1,ewo-CM,ewo-CM,153.14
12603,fa-x-icu,11,10,i,true,-1,fa,fa,153.14.37
12604,fa-AF-x-icu,11,10,i,true,-1,fa-AF,fa-AF,153.14.37
12605,fa-IR-x-icu,11,10,i,true,-1,fa-IR,fa-IR,153.14.37
12606,ff-x-icu,11,10,i,true,-1,ff,ff,153.14
12607,ff-Adlm-x-icu,11,10,i,true,-1,ff-Adlm,ff-Adlm,153.14.37
12608,ff-Adlm-BF-x-icu,11,10,i,true,-1,ff-Adlm-BF,ff-Adlm-BF,153.14.37
12609,ff-Adlm-CM-x-icu,11,10,i,true,-1,ff-Adlm-CM,ff-Adlm-CM,153.14.37
12610,ff-Adlm-GH-x-icu,11,10,i,true,-1,ff-Adlm-GH,ff-Adlm-GH,153.14.37
12611,ff-Adlm-GM-x-icu,11,10,i,true,-1,ff-Adlm-GM,ff-Adlm-GM,153.14.37
12612,ff-Adlm-GN-x-icu,11,10,i,true,-1,ff-Adlm-GN,ff-Adlm-GN,153.14.37
12613,ff-Adlm-GW-x-icu,11,10,i,true,-1,ff-Adlm-GW,ff-Adlm-GW,153.14.37
12614,ff-Adlm-LR-x-icu,11,10,i,true,-1,ff-Adlm-LR,ff-Adlm-LR,153.14.37
12615,ff-Adlm-MR-x-icu,11,10,i,true,-1,ff-Adlm-MR,ff-Adlm-MR,153.14.37
12616,ff-Adlm-NE-x-icu,11,10,i,true,-1,ff-Adlm-NE,ff-Adlm-NE,153.14.37
12617,ff-Adlm-NG-x-icu,11,10,i,true,-1,ff-Adlm-NG,ff-Adlm-NG,153.14.37
12618,ff-Adlm-SL-x-icu,11,10,i,true,-1,ff-Adlm-SL,ff-Adlm-SL,153.14.37
12619,ff-Adlm-SN-x-icu,11,10,i,true,-1,ff-Adlm-SN,ff-Adlm-SN,153.14.37
12620,ff-Latn-x-icu,11,10,i,true,-1,ff-Latn,ff-Latn,153.14
12621,ff-Latn-BF-x-icu,11,10,i,true,-1,ff-Latn-BF,ff-Latn-BF,153.14
12622,ff-Latn-CM-x-icu,11,10,i,true,-1,ff-Latn-CM,ff-Latn-CM,153.14
12623,ff-Latn-GH-x-icu,11,10,i,true,-1,ff-Latn-GH,ff-Latn-GH,153.14
12624,ff-Latn-GM-x-icu,11,10,i,true,-1,ff-Latn-GM,ff-Latn-GM,153.14
12625,ff-Latn-GN-x-icu,11,10,i,true,-1,ff-Latn-GN,ff-Latn-GN,153.14
12626,ff-Latn-GW-x-icu,11,10,i,true,-1,ff-Latn-GW,ff-Latn-GW,153.14
12627,ff-Latn-LR-x-icu,11,10,i,true,-1,ff-Latn-LR,ff-Latn-LR,153.14
12628,ff-Latn-MR-x-icu,11,10,i,true,-1,ff-Latn-MR,ff-Latn-MR,153.14
12629,ff-Latn-NE-x-icu,11,10,i,true,-1,ff-Latn-NE,ff-Latn-NE,153.14
12630,ff-Latn-NG-x-icu,11,10,i,true,-1,ff-Latn-NG,ff-Latn-NG,153.14
12631,ff-Latn-SL-x-icu,11,10,i,true,-1,ff-Latn-SL,ff-Latn-SL,153.14
12632,ff-Latn-SN-x-icu,11,10,i,true,-1,ff-Latn-SN,ff-Latn-SN,153.14
12633,fi-x-icu,11,10,i,true,-1,fi,fi,153.14.37
12634,fi-FI-x-icu,11,10,i,true,-1,fi-FI,fi-FI,153.14.37
12635,fil-x-icu,11,10,i,true,-1,fil,fil,153.14.37
12636,fil-PH-x-icu,11,10,i,true,-1,fil-PH,fil-PH,153.14.37
12637,fo-x-icu,11,10,i,true,-1,fo,fo,153.14.37
12638,fo-DK-x-icu,11,10,i,true,-1,fo-DK,fo-DK,153.14.37
12639,fo-FO-x-icu,11,10,i,true,-1,fo-FO,fo-FO,153.14.37
12640,fr-x-icu,11,10,i,true,-1,fr,fr,153.14
12641,fr-BE-x-icu,11,10,i,true,-1,fr-BE,fr-BE,153.14
12642,fr-BF-x-icu,11,10,i,true,-1,fr-BF,fr-BF,153.14
12643,fr-BI-x-icu,11,10,i,true,-1,fr-BI,fr-BI,153.14
12644,fr-BJ-x-icu,11,10,i,true,-1,fr-BJ,fr-BJ,153.14
12645,fr-BL-x-icu,11,10,i,true,-1,fr-BL,fr-BL,153.14
12646,fr-CA-x-icu,11,10,i,true,-1,fr-CA,fr-CA,153.14.37
12647,fr-CD-x-icu,11,10,i,true,-1,fr-CD,fr-CD,153.14
12648,fr-CF-x-icu,11,10,i,true,-1,fr-CF,fr-CF,153.14
12649,fr-CG-x-icu,11,10,i,true,-1,fr-CG,fr-CG,153.14
12650,fr-CH-x-icu,11,10,i,true,-1,fr-CH,fr-CH,153.14
12651,fr-CI-x-icu,11,10,i,true,-1,fr-CI,fr-CI,153.14
12652,fr-CM-x-icu,11,10,i,true,-1,fr-CM,fr-CM,153.14
12653,fr-DJ-x-icu,11,10,i,true,-1,fr-DJ,fr-DJ,153.14
12654,fr-DZ-x-icu,11,10,i,true,-1,fr-DZ,fr-DZ,153.14
12655,fr-FR-x-icu,11,10,i,true,-1,fr-FR,fr-FR,153.14
12656,fr-GA-x-icu,11,10,i,true,-1,fr-GA,fr-GA,153.14
12657,fr-GF-x-icu,11,10,i,true,-1,fr-GF,fr-GF,153.14
12658,fr-GN-x-icu,11,10,i,true,-1,fr-GN,fr-GN,153.14
12659,fr-GP-x-icu,11,10,i,true,-1,fr-GP,fr-GP,153.14
12660,fr-GQ-x-icu,11,10,i,true,-1,fr-GQ,fr-GQ,153.14
12661,fr-HT-x-icu,11,10,i,true,-1,fr-HT,fr-HT,153.14
12662,fr-KM-x-icu,11,10,i,true,-1,fr-KM,fr-KM,153.14
12663,fr-LU-x-icu,11,10,i,true,-1,fr-LU,fr-LU,153.14
12664,fr-MA-x-icu,11,10,i,true,-1,fr-MA,fr-MA,153.14
12665,fr-MC-x-icu,11,10,i,true,-1,fr-MC,fr-MC,153.14
12666,fr-MF-x-icu,11,10,i,true,-1,fr-MF,fr-MF,153.14
12667,fr-MG-x-icu,11,10,i,true,-1,fr-MG,fr-MG,153.14
12668,fr-ML-x-icu,11,10,i,true,-1,fr-ML,fr-ML,153.14
12669,fr-MQ-x-icu,11,10,i,true,-1,fr-MQ,fr-MQ,153.14
12670,fr-MR-x-icu,11,10,i,true,-1,fr-MR,fr-MR,153.14
12671,fr-MU-x-icu,11,10,i,true,-1,fr-MU,fr-MU,153.14
12672,fr-NC-x-icu,11,10,i,true,-1,fr-NC,fr-NC,153.14
12673,fr-NE-x-icu,11,10,i,true,-1,fr-NE,fr-NE,153.14
12674,fr-PF-x-icu,11,10,i,true,-1,fr-PF,fr-PF,153.14
12675,fr-PM-x-icu,11,10,i,true,-1,fr-PM,fr-PM,153.14
12676,fr-RE-x-icu,11,10,i,true,-1,fr-RE,fr-RE,153.14
12677,fr-RW-x-icu,11,10,i,true,-1,fr-RW,fr-RW,153.14
12678,fr-SC-x-icu,11,10,i,true,-1,fr-SC,fr-SC,153.14
12679,fr-SN-x-icu,11,10,i,true,-1,fr-SN,fr-SN,153.14
12680,fr-SY-x-icu,11,10,i,true,-1,fr-SY,fr-SY,153.14
12681,fr-TD-x-icu,11,10,i,true,-1,fr-TD,fr-TD,153.14
12682,fr-TG-x-icu,11,10,i,true,-1,fr-TG,fr-TG,153.14
12683,fr-TN-x-icu,11,10,i,true,-1,fr-TN,fr-TN,153.14
12684,fr-VU-x-icu,11,10,i,true,-1,fr-VU,fr-VU,153.14
12685,fr-WF-x-icu,11,10,i,true,-1,fr-WF,fr-WF,153.14
12686,fr-YT-x-icu,11,10,i,true,-1,fr-YT,fr-YT,153.14
12687,fur-x-icu,11,10,i,true,-1,fur,fur,153.14
12688,fur-IT-x-icu,11,10,i,true,-1,fur-IT,fur-IT,153.14
12689,fy-x-icu,11,10,i,true,-1,fy,fy,153.14
12690,fy-NL-x-icu,11,10,i,true,-1,fy-NL,fy-NL,153.14
12691,ga-x-icu,11,10,i,true,-1,ga,ga,153.14
12692,ga-GB-x-icu,11,10,i,true,-1,ga-GB,ga-GB,153.14
12693,ga-IE-x-icu,11,10,i,true,-1,ga-IE,ga-IE,153.14
12694,gd-x-icu,11,10,i,true,-1,gd,gd,153.14
12695,gd-GB-x-icu,11,10,i,true,-1,gd-GB,gd-GB,153.14
12696,gl-x-icu,11,10,i,true,-1,gl,gl,153.14.37
12697,gl-ES-x-icu,11,10,i,true,-1,gl-ES,gl-ES,153.14.37
12698,gsw-x-icu,11,10,i,true,-1,gsw,gsw,153.14
12699,gsw-CH-x-icu,11,10,i,true,-1,gsw-CH,gsw-CH,153.14
12700,gsw-FR-x-icu,11,10,i,true,-1,gsw-FR,gsw-FR,153.14
12701,gsw-LI-x-icu,11,10,i,true,-1,gsw-LI,gsw-LI,153.14
12702,gu-x-icu,11,10,i,true,-1,gu,gu,153.14.37
12703,gu-IN-x-icu,11,10,i,true,-1,gu-IN,gu-IN,153.14.37
12704,guz-x-icu,11,10,i,true,-1,guz,guz,153.14
12705,guz-KE-x-icu,11,10,i,true,-1,guz-KE,guz-KE,153.14
12706,gv-x-icu,11,10,i,true,-1,gv,gv,153.14
12707,gv-IM-x-icu,11,10,i,true,-1,gv-IM,gv-IM,153.14
12708,ha-x-icu,11,10,i,true,-1,ha,ha,153.14.37
12709,ha-GH-x-icu,11,10,i,true,-1,ha-GH,ha-GH,153.14.37
12710,ha-NE-x-icu,11,10,i,true,-1,ha-NE,ha-NE,153.14.37
12711,ha-NG-x-icu,11,10,i,true,-1,ha-NG,ha-NG,153.14.37
12712,haw-x-icu,11,10,i,true,-1,haw,haw,153.14.37
12713,haw-US-x-icu,11,10,i,true,-1,haw-US,haw-US,153.14.37
12714,he-x-icu,11,10,i,true,-1,he,he,153.14.37
12715,he-IL-x-icu,11,10,i,true,-1,he-IL,he-IL,153.14.37
12716,hi-x-icu,11,10,i,true,-1,hi,hi,153.14.37
12717,hi-IN-x-icu,11,10,i,true,-1,hi-IN,hi-IN,153.14.37
12718,hr-x-icu,11,10,i,true,-1,hr,hr,153.14.37
12719,hr-BA-x-icu,11,10,i,true,-1,hr-BA,hr-BA,153.14.37
12720,hr-HR-x-icu,11,10,i,true,-1,hr-HR,hr-HR,153.14.37
12721,hsb-x-icu,11,10,i,true,-1,hsb,hsb,153.14.37
12722,hsb-DE-x-icu,11,10,i,true,-1,hsb-DE,hsb-DE,153.14.37
12723,hu-x-icu,11,10,i,true,-1,hu,hu,153.14.37
12724,hu-HU-x-icu,11,10,i,true,-1,hu-HU,hu-HU,153.14.37
12725,hy-x-icu,11,10,i,true,-1,hy,hy,153.14.37
12726,hy-AM-x-icu,11,10,i,true,-1,hy-AM,hy-AM,153.14.37
12727,ia-x-icu,11,10,i,true,-1,ia,ia,153.14
12728,ia-001-x-icu,11,10,i,true,-1,ia-001,ia-001,153.14
12729,id-x-icu,11,10,i,true,-1,id,id,153.14
12730,id-ID-x-icu,11,10,i,true,-1,id-ID,id-ID,153.14
12731,ig-x-icu,11,10,i,true,-1,ig,ig,153.14.37
12732,ig-NG-x-icu,11,10,i,true,-1,ig-NG,ig-NG,153.14.37
12733,ii-x-icu,11,10,i,true,-1,ii,ii,153.14
12734,ii-CN-x-icu,11,10,i,true,-1,ii-CN,ii-CN,153.14
12735,is-x-icu,11,10,i,true,-1,is,is,153.14.37
12736,is-IS-x-icu,11,10,i,true,-1,is-IS,is-IS,153.14.37
12737,it-x-icu,11,10,i,true,-1,it,it,153.14
12738,it-CH-x-icu,11,10,i,true,-1,it-CH,it-CH,153.14
12739,it-IT-x-icu,11,10,i,true,-1,it-IT,it-IT,153.14
12740,it-SM-x-icu,11,10,i,true,-1,it-SM,it-SM,153.14
12741,it-VA-x-icu,11,10,i,true,-1,it-VA,it-VA,153.14
12742,ja-x-icu,11,10,i,true,-1,ja,ja,153.14.37
12743,ja-JP-x-icu,11,10,i,true,-1,ja-JP,ja-JP,153.14.37
12744,jgo-x-icu,11,10,i,true,-1,jgo,jgo,153.14
12745,jgo-CM-x-icu,11,10,i,true,-1,jgo-CM,jgo-CM,153.14
12746,jmc-x-icu,11,10,i,true,-1,jmc,jmc,153.14
12747,jmc-TZ-x-icu,11,10,i,true,-1,jmc-TZ,jmc-TZ,153.14
12748,jv-x-icu,11,10,i,true,-1,jv,jv,153.14
12749,jv-ID-x-icu,11,10,i,true,-1,jv-ID,jv-ID,153.14
12750,ka-x-icu,11,10,i,true,-1,ka,ka,153.14.37
12751,ka-GE-x-icu,11,10,i,true,-1,ka-GE,ka-GE,153.14.37
12752,kab-x-icu,11,10,i,true,-1,kab,kab,153.14
12753,kab-DZ-x-icu,11,10,i,true,-1,kab-DZ,kab-DZ,153.14
12754,kam-x-icu,11,10,i,true,-1,kam,kam,153.14
12755,kam-KE-x-icu,11,10,i,true,-1,kam-KE,kam-KE,153.14
12756,kde-x-icu,11,10,i,true,-1,kde,kde,153.14
12757,kde-TZ-x-icu,11,10,i,true,-1,kde-TZ,kde-TZ,153.14
12758,kea-x-icu,11,10,i,true,-1,kea,kea,153.14
12759,kea-CV-x-icu,11,10,i,true,-1,kea-CV,kea-CV,153.14
12760,khq-x-icu,11,10,i,true,-1,khq,khq,153.14
12761,khq-ML-x-icu,11,10,i,true,-1,khq-ML,khq-ML,153.14
12762,ki-x-icu,11,10,i,true,-1,ki,ki,153.14
12763,ki-KE-x-icu,11,10,i,true,-1,ki-KE,ki-KE,153.14
12764,kk-x-icu,11,10,i,true,-1,kk,kk,153.14.37
12765,kk-KZ-x-icu,11,10,i,true,-1,kk-KZ,kk-KZ,153.14.37
12766,kkj-x-icu,11,10,i,true,-1,kkj,kkj,153.14
12767,kkj-CM-x-icu,11,10,i,true,-1,kkj-CM,kkj-CM,153.14
12768,kl-x-icu,11,10,i,true,-1,kl,kl,153.14.37
12769,kl-GL-x-icu,11,10,i,true,-1,kl-GL,kl-GL,153.14.37
12770,kln-x-icu,11,10,i,true,-1,kln,kln,153.14
12771,kln-KE-x-icu,11,10,i,true,-1,kln-KE,kln-KE,153.14
12772,km-x-icu,11,10,i,true,-1,km,km,153.14.37
12773,km-KH-x-icu,11,10,i,true,-1,km-KH,km-KH,153.14.37
12774,kn-x-icu,11,10,i,true,-1,kn,kn,153.14.37
12775,kn-IN-x-icu,11,10,i,true,-1,kn-IN,kn-IN,153.14.37
12776,ko-x-icu,11,10,i,true,-1,ko,ko,153.14.37
12777,ko-KP-x-icu,11,10,i,true,-1,ko-KP,ko-KP,153.14.37
12778,ko-KR-x-icu,11,10,i,true,-1,ko-KR,ko-KR,153.14.37
12779,kok-x-icu,11,10,i,true,-1,kok,kok,153.14.37
12780,kok-IN-x-icu,11,10,i,true,-1,kok-IN,kok-IN,153.14.37
12781,ks-x-icu,11,10,i,true,-1,ks,ks,153.14
12782,ks-Arab-x-icu,11,10,i,true,-1,ks-Arab,ks-Arab,153.14
12783,ks-Arab-IN-x-icu,11,10,i,true,-1,ks-Arab-IN,ks-Arab-IN,153.14
12784,ksb-x-icu,11,10,i,true,-1,ksb,ksb,153.14
12785,ksb-TZ-x-icu,11,10,i,true,-1,ksb-TZ,ksb-TZ,153.14
12786,ksf-x-icu,11,10,i,true,-1,ksf,ksf,153.14
12787,ksf-CM-x-icu,11,10,i,true,-1,ksf-CM,ksf-CM,153.14
12788,ksh-x-icu,11,10,i,true,-1,ksh,ksh,153.14
12789,ksh-DE-x-icu,11,10,i,true,-1,ksh-DE,ksh-DE,153.14
12790,ku-x-icu,11,10,i,true,-1,ku,ku,153.14.37
12791,ku-TR-x-icu,11,10,i,true,-1,ku-TR,ku-TR,153.14.37
12792,kw-x-icu,11,10,i,true,-1,kw,kw,153.14
12793,kw-GB-x-icu,11,10,i,true,-1,kw-GB,kw-GB,153.14
12794,ky-x-icu,11,10,i,true,-1,ky,ky,153.14.37
12795,ky-KG-x-icu,11,10,i,true,-1,ky-KG,ky-KG,153.14.37
12796,lag-x-icu,11,10,i,true,-1,lag,lag,153.14
12797,lag-TZ-x-icu,11,10,i,true,-1,lag-TZ,lag-TZ,153.14
12798,lb-x-icu,11,10,i,true,-1,lb,lb,153.14
12799,lb-LU-x-icu,11,10,i,true,-1,lb-LU,lb-LU,153.14
12800,lg-x-icu,11,10,i,true,-1,lg,lg,153.14
12801,lg-UG-x-icu,11,10,i,true,-1,lg-UG,lg-UG,153.14
12802,lkt-x-icu,11,10,i,true,-1,lkt,lkt,153.14.37
12803,lkt-US-x-icu,11,10,i,true,-1,lkt-US,lkt-US,153.14.37
12804,ln-x-icu,11,10,i,true,-1,ln,ln,153.14.37
12805,ln-AO-x-icu,11,10,i,true,-1,ln-AO,ln-AO,153.14.37
12806,ln-CD-x-icu,11,10,i,true,-1,ln-CD,ln-CD,153.14.37
12807,ln-CF-x-icu,11,10,i,true,-1,ln-CF,ln-CF,153.14.37
12808,ln-CG-x-icu,11,10,i,true,-1,ln-CG,ln-CG,153.14.37
12809,lo-x-icu,11,10,i,true,-1,lo,lo,153.14.37
12810,lo-LA-x-icu,11,10,i,true,-1,lo-LA,lo-LA,153.14.37
12811,lrc-x-icu,11,10,i,true,-1,lrc,lrc,153.14
12812,lrc-IQ-x-icu,11,10,i,true,-1,lrc-IQ,lrc-IQ,153.14
12813,lrc-IR-x-icu,11,10,i,true,-1,lrc-IR,lrc-IR,153.14
12814,lt-x-icu,11,10,i,true,-1,lt,lt,153.14.37
12815,lt-LT-x-icu,11,10,i,true,-1,lt-LT,lt-LT,153.14.37
12816,lu-x-icu,11,10,i,true,-1,lu,lu,153.14
12817,lu-CD-x-icu,11,10,i,true,-1,lu-CD,lu-CD,153.14
12818,luo-x-icu,11,10,i,true,-1,luo,luo,153.14
12819,luo-KE-x-icu,11,10,i,true,-1,luo-KE,luo-KE,153.14
12820,luy-x-icu,11,10,i,true,-1,luy,luy,153.14
12821,luy-KE-x-icu,11,10,i,true,-1,luy-KE,luy-KE,153.14
12822,lv-x-icu,11,10,i,true,-1,lv,lv,153.14.37
12823,lv-LV-x-icu,11,10,i,true,-1,lv-LV,lv-LV,153.14.37
12824,mai-x-icu,11,10,i,true,-1,mai,mai,153.14
12825,mai-IN-x-icu,11,10,i,true,-1,mai-IN,mai-IN,153.14
12826,mas-x-icu,11,10,i,true,-1,mas,mas,153.14
12827,mas-KE-x-icu,11,10,i,true,-1,mas-KE,mas-KE,153.14
12828,mas-TZ-x-icu,11,10,i,true,-1,mas-TZ,mas-TZ,153.14
12829,mer-x-icu,11,10,i,true,-1,mer,mer,153.14
12830,mer-KE-x-icu,11,10,i,true,-1,mer-KE,mer-KE,153.14
12831,mfe-x-icu,11,10,i,true,-1,mfe,mfe,153.14
12832,mfe-MU-x-icu,11,10,i,true,-1,mfe-MU,mfe-MU,153.14
12833,mg-x-icu,11,10,i,true,-1,mg,mg,153.14
12834,mg-MG-x-icu,11,10,i,true,-1,mg-MG,mg-MG,153.14
12835,mgh-x-icu,11,10,i,true,-1,mgh,mgh,153.14
12836,mgh-MZ-x-icu,11,10,i,true,-1,mgh-MZ,mgh-MZ,153.14
12837,mgo-x-icu,11,10,i,true,-1,mgo,mgo,153.14
12838,mgo-CM-x-icu,11,10,i,true,-1,mgo-CM,mgo-CM,153.14
12839,mi-x-icu,11,10,i,true,-1,mi,mi,153.14
12840,mi-NZ-x-icu,11,10,i,true,-1,mi-NZ,mi-NZ,153.14
12841,mk-x-icu,11,10,i,true,-1,mk,mk,153.14.37
12842,mk-MK-x-icu,11,10,i,true,-1,mk-MK,mk-MK,153.14.37
12843,ml-x-icu,11,10,i,true,-1,ml,ml,153.14.37
12844,ml-IN-x-icu,11,10,i,true,-1,ml-IN,ml-IN,153.14.37
12845,mn-x-icu,11,10,i,true,-1,mn,mn,153.14.37
12846,mn-MN-x-icu,11,10,i,true,-1,mn-MN,mn-MN,153.14.37
12847,mni-x-icu,11,10,i,true,-1,mni,mni,153.14
12848,mni-Beng-x-icu,11,10,i,true,-1,mni-Beng,mni-Beng,153.14
12849,mni-Beng-IN-x-icu,11,10,i,true,-1,mni-Beng-IN,mni-Beng-IN,153.14
12850,mr-x-icu,11,10,i,true,-1,mr,mr,153.14.37
12851,mr-IN-x-icu,11,10,i,true,-1,mr-IN,mr-IN,153.14.37
12852,ms-x-icu,11,10,i,true,-1,ms,ms,153.14
12853,ms-BN-x-icu,11,10,i,true,-1,ms-BN,ms-BN,153.14
12854,ms-ID-x-icu,11,10,i,true,-1,ms-ID,ms-ID,153.14
12855,ms-MY-x-icu,11,10,i,true,-1,ms-MY,ms-MY,153.14
12856,ms-SG-x-icu,11,10,i,true,-1,ms-SG,ms-SG,153.14
12857,mt-x-icu,11,10,i,true,-1,mt,mt,153.14.37
12858,mt-MT-x-icu,11,10,i,true,-1,mt-MT,mt-MT,153.14.37
12859,mua-x-icu,11,10,i,true,-1,mua,mua,153.14
12860,mua-CM-x-icu,11,10,i,true,-1,mua-CM,mua-CM,153.14
12861,my-x-icu,11,10,i,true,-1,my,my,153.14.37
12862,my-MM-x-icu,11,10,i,true,-1,my-MM,my-MM,153.14.37
12863,mzn-x-icu,11,10,i,true,-1,mzn,mzn,153.14
12864,mzn-IR-x-icu,11,10,i,true,-1,mzn-IR,mzn-IR,153.14
12865,naq-x-icu,11,10,i,true,-1,naq,naq,153.14
12866,naq-NA-x-icu,11,10,i,true,-1,naq-NA,naq-NA,153.14
12867,nb-x-icu,11,10,i,true,-1,nb,nb,153.14.37
12868,nb-NO-x-icu,11,10,i,true,-1,nb-NO,nb-NO,153.14.37
12869,nb-SJ-x-icu,11,10,i,true,-1,nb-SJ,nb-SJ,153.14.37
12870,nd-x-icu,11,10,i,true,-1,nd,nd,153.14
12871,nd-ZW-x-icu,11,10,i,true,-1,nd-ZW,nd-ZW,153.14
12872,nds-x-icu,11,10,i,true,-1,nds,nds,153.14
12873,nds-DE-x-icu,11,10,i,true,-1,nds-DE,nds-DE,153.14
12874,nds-NL-x-icu,11,10,i,true,-1,nds-NL,nds-NL,153.14
12875,ne-x-icu,11,10,i,true,-1,ne,ne,153.14.37
12876,ne-IN-x-icu,11,10,i,true,-1,ne-IN,ne-IN,153.14.37
12877,ne-NP-x-icu,11,10,i,true,-1,ne-NP,ne-NP,153.14.37
12878,nl-x-icu,11,10,i,true,-1,nl,nl,153.14
12879,nl-AW-x-icu,11,10,i,true,-1,nl-AW,nl-AW,153.14
12880,nl-BE-x-icu,11,10,i,true,-1,nl-BE,nl-BE,153.14
12881,nl-BQ-x-icu,11,10,i,true,-1,nl-BQ,nl-BQ,153.14
12882,nl-CW-x-icu,11,10,i,true,-1,nl-CW,nl-CW,153.14
12883,nl-NL-x-icu,11,10,i,true,-1,nl-NL,nl-NL,153.14
12884,nl-SR-x-icu,11,10,i,true,-1,nl-SR,nl-SR,153.14
12885,nl-SX-x-icu,11,10,i,true,-1,nl-SX,nl-SX,153.14
12886,nmg-x-icu,11,10,i,true,-1,nmg,nmg,153.14
12887,nmg-CM-x-icu,11,10,i,true,-1,nmg-CM,nmg-CM,153.14
12888,nn-x-icu,11,10,i,true,-1,nn,nn,153.14.37
12889,nn-NO-x-icu,11,10,i,true,-1,nn-NO,nn-NO,153.14.37
12890,nnh-x-icu,11,10,i,true,-1,nnh,nnh,153.14
12891,nnh-CM-x-icu,11,10,i,true,-1,nnh-CM,nnh-CM,153.14
12892,nus-x-icu,11,10,i,true,-1,nus,nus,153.14
12893,nus-SS-x-icu,11,10,i,true,-1,nus-SS,nus-SS,153.14
12894,nyn-x-icu,11,10,i,true,-1,nyn,nyn,153.14
12895,nyn-UG-x-icu,11,10,i,true,-1,nyn-UG,nyn-UG,153.14
12896,om-x-icu,11,10,i,true,-1,om,om,153.14.37
12897,om-ET-x-icu,11,10,i,true,-1,om-ET,om-ET,153.14.37
12898,om-KE-x-icu,11,10,i,true,-1,om-KE,om-KE,153.14.37
12899,or-x-icu,11,10,i,true,-1,or,or,153.14.37
12900,or-IN-x-icu,11,10,i,true,-1,or-IN,or-IN,153.14.37
12901,os-x-icu,11,10,i,true,-1,os,os,153.14
12902,os-GE-x-icu,11,10,i,true,-1,os-GE,os-GE,153.14
12903,os-RU-x-icu,11,10,i,true,-1,os-RU,os-RU,153.14
12904,pa-x-icu,11,10,i,true,-1,pa,pa,153.14.37
12905,pa-Arab-x-icu,11,10,i,true,-1,pa-Arab,pa-Arab,153.14.37
12906,pa-Arab-PK-x-icu,11,10,i,true,-1,pa-Arab-PK,pa-Arab-PK,153.14.37
12907,pa-Guru-x-icu,11,10,i,true,-1,pa-Guru,pa-Guru,153.14.37
12908,pa-Guru-IN-x-icu,11,10,i,true,-1,pa-Guru-IN,pa-Guru-IN,153.14.37
12909,pcm-x-icu,11,10,i,true,-1,pcm,pcm,153.14
12910,pcm-NG-x-icu,11,10,i,true,-1,pcm-NG,pcm-NG,153.14
12911,pl-x-icu,11,10,i,true,-1,pl,pl,153.14.37
12912,pl-PL-x-icu,11,10,i,true,-1,pl-PL,pl-PL,153.14.37
12913,ps-x-icu,11,10,i,true,-1,ps,ps,153.14.37
12914,ps-AF-x-icu,11,10,i,true,-1,ps-AF,ps-AF,153.14.37
12915,ps-PK-x-icu,11,10,i,true,-1,ps-PK,ps-PK,153.14.37
12916,pt-x-icu,11,10,i,true,-1,pt,pt,153.14
12917,pt-AO-x-icu,11,10,i,true,-1,pt-AO,pt-AO,153.14
12918,pt-BR-x-icu,11,10,i,true,-1,pt-BR,pt-BR,153.14
12919,pt-CH-x-icu,11,10,i,true,-1,pt-CH,pt-CH,153.14
12920,pt-CV-x-icu,11,10,i,true,-1,pt-CV,pt-CV,153.14
12921,pt-GQ-x-icu,11,10,i,true,-1,pt-GQ,pt-GQ,153.14
12922,pt-GW-x-icu,11,10,i,true,-1,pt-GW,pt-GW,153.14
12923,pt-LU-x-icu,11,10,i,true,-1,pt-LU,pt-LU,153.14
12924,pt-MO-x-icu,11,10,i,true,-1,pt-MO,pt-MO,153.14
12925,pt-MZ-x-icu,11,10,i,true,-1,pt-MZ,pt-MZ,153.14
12926,pt-PT-x-icu,11,10,i,true,-1,pt-PT,pt-PT,153.14
12927,pt-ST-x-icu,11,10,i,true,-1,pt-ST,pt-ST,153.14
12928,pt-TL-x-icu,11,10,i,true,-1,pt-TL,pt-TL,153.14
12929,qu-x-icu,11,10,i,true,-1,qu,qu,153.14
12930,qu-BO-x-icu,11,10,i,true,-1,qu-BO,qu-BO,153.14
12931,qu-EC-x-icu,11,10,i,true,-1,qu-EC,qu-EC,153.14
12932,qu-PE-x-icu,11,10,i,true,-1,qu-PE,qu-PE,153.14
12933,rm-x-icu,11,10,i,true,-1,rm,rm,153.14
12934,rm-CH-x-icu,11,10,i,true,-1,rm-CH,rm-CH,153.14
12935,rn-x-icu,11,10,i,true,-1,rn,rn,153.14
12936,rn-BI-x-icu,11,10,i,true,-1,rn-BI,rn-BI,153.14
12937,ro-x-icu,11,10,i,true,-1,ro,ro,153.14.37
12938,ro-MD-x-icu,11,10,i,true,-1,ro-MD,ro-MD,153.14.37
12939,ro-RO-x-icu,11,10,i,true,-1,ro-RO,ro-RO,153.14.37
12940,rof-x-icu,11,10,i,true,-1,rof,rof,153.14
12941,rof-TZ-x-icu,11,10,i,true,-1,rof-TZ,rof-TZ,153.14
12942,ru-x-icu,11,10,i,true,-1,ru,ru,153.14.37
12943,ru-BY-x-icu,11,10,i,true,-1,ru-BY,ru-BY,153.14.37
12944,ru-KG-x-icu,11,10,i,true,-1,ru-KG,ru-KG,153.14.37
12945,ru-KZ-x-icu,11,10,i,true,-1,ru-KZ,ru-KZ,153.14.37
12946,ru-MD-x-icu,11,10,i,true,-1,ru-MD,ru-MD,153.14.37
12947,ru-RU-x-icu,11,10,i,true,-1,ru-RU,ru-RU,153.14.37
12948,ru-UA-x-icu,11,10,i,true,-1,ru-UA,ru-UA,153.14.37
12949,rw-x-icu,11,10,i,true,-1,rw,rw,153.14
12950,rw-RW-x-icu,11,10,i,true,-1,rw-RW,rw-RW,153.14
12951,rwk-x-icu,11,10,i,true,-1,rwk,rwk,153.14
12952,rwk-TZ-x-icu,11,10,i,true,-1,rwk-TZ,rwk-TZ,153.14
12953,sah-x-icu,11,10,i,true,-1,sah,sah,153.14
12954,sah-RU-x-icu,11,10,i,true,-1,sah-RU,sah-RU,153.14
12955,saq-x-icu,11,10,i,true,-1,saq,saq,153.14
12956,saq-KE-x-icu,11,10,i,true,-1,saq-KE,saq-KE,153.14
12957,sat-x-icu,11,10,i,true,-1,sat,sat,153.14
12958,sat-Olck-x-icu,11,10,i,true,-1,sat-Olck,sat-Olck,153.14
12959,sat-Olck-IN-x-icu,11,10,i,true,-1,sat-Olck-IN,sat-Olck-IN,153.14
12960,sbp-x-icu,11,10,i,true,-1,sbp,sbp,153.14
12961,sbp-TZ-x-icu,11,10,i,true,-1,sbp-TZ,sbp-TZ,153.14
12962,sd-x-icu,11,10,i,true,-1,sd,sd,153.14
12963,sd-Arab-x-icu,11,10,i,true,-1,sd-Arab,sd-Arab,153.14
12964,sd-Arab-PK-x-icu,11,10,i,true,-1,sd-Arab-PK,sd-Arab-PK,153.14
12965,sd-Deva-x-icu,11,10,i,true,-1,sd-Deva,sd-Deva,153.14
12966,sd-Deva-IN-x-icu,11,10,i,true,-1,sd-Deva-IN,sd-Deva-IN,153.14
12967,se-x-icu,11,10,i,true,-1,se,se,153.14.37
12968,se-FI-x-icu,11,10,i,true,-1,se-FI,se-FI,153.14.37
12969,se-NO-x-icu,11,10,i,true,-1,se-NO,se-NO,153.14.37
12970,se-SE-x-icu,11,10,i,true,-1,se-SE,se-SE,153.14.37
12971,seh-x-icu,11,10,i,true,-1,seh,seh,153.14
12972,seh-MZ-x-icu,11,10,i,true,-1,seh-MZ,seh-MZ,153.14
12973,ses-x-icu,11,10,i,true,-1,ses,ses,153.14
12974,ses-ML-x-icu,11,10,i,true,-1,ses-ML,ses-ML,153.14
12975,sg-x-icu,11,10,i,true,-1,sg,sg,153.14
12976,sg-CF-x-icu,11,10,i,true,-1,sg-CF,sg-CF,153.14
12977,shi-x-icu,11,10,i,true,-1,shi,shi,153.14
12978,shi-Latn-x-icu,11,10,i,true,-1,shi-Latn,shi-Latn,153.14
12979,shi-Latn-MA-x-icu,11,10,i,true,-1,shi-Latn-MA,shi-Latn-MA,153.14
12980,shi-Tfng-x-icu,11,10,i,true,-1,shi-Tfng,shi-Tfng,153.14
12981,shi-Tfng-MA-x-icu,11,10,i,true,-1,shi-Tfng-MA,shi-Tfng-MA,153.14
12982,si-x-icu,11,10,i,true,-1,si,si,153.14.37
12983,si-LK-x-icu,11,10,i,true,-1,si-LK,si-LK,153.14.37
12984,sk-x-icu,11,10,i,true,-1,sk,sk,153.14.37
12985,sk-SK-x-icu,11,10,i,true,-1,sk-SK,sk-SK,153.14.37
12986,sl-x-icu,11,10,i,true,-1,sl,sl,153.14.37
12987,sl-SI-x-icu,11,10,i,true,-1,sl-SI,sl-SI,153.14.37
12988,smn-x-icu,11,10,i,true,-1,smn,smn,153.14.37
12989,smn-FI-x-icu,11,10,i,true,-1,smn-FI,smn-FI,153.14.37
12990,sn-x-icu,11,10,i,true,-1,sn,sn,153.14
12991,sn-ZW-x-icu,11,10,i,true,-1,sn-ZW,sn-ZW,153.14
12992,so-x-icu,11,10,i,true,-1,so,so,153.14
12993,so-DJ-x-icu,11,10,i,true,-1,so-DJ,so-DJ,153.14
12994,so-ET-x-icu,11,10,i,true,-1,so-ET,so-ET,153.14
12995,so-KE-x-icu,11,10,i,true,-1,so-KE,so-KE,153.14
12996,so-SO-x-icu,11,10,i,true,-1,so-SO,so-SO,153.14
12997,sq-x-icu,11,10,i,true,-1,sq,sq,153.14.37
12998,sq-AL-x-icu,11,10,i,true,-1,sq-AL,sq-AL,153.14.37
12999,sq-MK-x-icu,11,10,i,true,-1,sq-MK,sq-MK,153.14.37
13000,sq-XK-x-icu,11,10,i,true,-1,sq-XK,sq-XK,153.14.37
13001,sr-x-icu,11,10,i,true,-1,sr,sr,153.14.37
13002,sr-Cyrl-x-icu,11,10,i,true,-1,sr-Cyrl,sr-Cyrl,153.14.37
13003,sr-Cyrl-BA-x-icu,11,10,i,true,-1,sr-Cyrl-BA,sr-Cyrl-BA,153.14.37
13004,sr-Cyrl-ME-x-icu,11,10,i,true,-1,sr-Cyrl-ME,sr-Cyrl-ME,153.14.37
13005,sr-Cyrl-RS-x-icu,11,10,i,true,-1,sr-Cyrl-RS,sr-Cyrl-RS,153.14.37
13006,sr-Cyrl-XK-x-icu,11,10,i,true,-1,sr-Cyrl-XK,sr-Cyrl-XK,153.14.37
13007,sr-Latn-x-icu,11,10,i,true,-1,sr-Latn,sr-Latn,153.14.37
13008,sr-Latn-BA-x-icu,11,10,i,true,-1,sr-Latn-BA,sr-Latn-BA,153.14.37
13009,sr-Latn-ME-x-icu,11,10,i,true,-1,sr-Latn-ME,sr-Latn-ME,153.14.37
13010,sr-Latn-RS-x-icu,11,10,i,true,-1,sr-Latn-RS,sr-Latn-RS,153.14.37
13011,sr-Latn-XK-x-icu,11,10,i,true,-1,sr-Latn-XK,sr-Latn-XK,153.14.37
13012,su-x-icu,11,10,i,true,-1,su,su,153.14
13013,su-Latn-x-icu,11,10,i,true,-1,su-Latn,su-Latn,153.14
13014,su-Latn-ID-x-icu,11,10,i,true,-1,su-Latn-ID,su-Latn-ID,153.14
13015,sv-x-icu,11,10,i,true,-1,sv,sv,153.14.37
13016,sv-AX-x-icu,11,10,i,true,-1,sv-AX,sv-AX,153.14.37
13017,sv-FI-x-icu,11,10,i,true,-1,sv-FI,sv-FI,153.14.37
13018,sv-SE-x-icu,11,10,i,true,-1,sv-SE,sv-SE,153.14.37
13019,sw-x-icu,11,10,i,true,-1,sw,sw,153.14
13020,sw-CD-x-icu,11,10,i,true,-1,sw-CD,sw-CD,153.14
13021,sw-KE-x-icu,11,10,i,true,-1,sw-KE,sw-KE,153.14
13022,sw-TZ-x-icu,11,10,i,true,-1,sw-TZ,sw-TZ,153.14
13023,sw-UG-x-icu,11,10,i,true,-1,sw-UG,sw-UG,153.14
13024,ta-x-icu,11,10,i,true,-1,ta,ta,153.14.37
13025,ta-IN-x-icu,11,10,i,true,-1,ta-IN,ta-IN,153.14.37
13026,ta-LK-x-icu,11,10,i,true,-1,ta-LK,ta-LK,153.14.37
13027,ta-MY-x-icu,11,10,i,true,-1,ta-MY,ta-MY,153.14.37
13028,ta-SG-x-icu,11,10,i,true,-1,ta-SG,ta-SG,153.14.37
13029,te-x-icu,11,10,i,true,-1,te,te,153.14.37
13030,te-IN-x-icu,11,10,i,true,-1,te-IN,te-IN,153.14.37
13031,teo-x-icu,11,10,i,true,-1,teo,teo,153.14
13032,teo-KE-x-icu,11,10,i,true,-1,teo-KE,teo-KE,153.14
13033,teo-UG-x-icu,11,10,i,true,-1,teo-UG,teo-UG,153.14
13034,tg-x-icu,11,10,i,true,-1,tg,tg,153.14
13035,tg-TJ-x-icu,11,10,i,true,-1,tg-TJ,tg-TJ,153.14
13036,th-x-icu,11,10,i,true,-1,th,th,153.14.37
13037,th-TH-x-icu,11,10,i,true,-1,th-TH,th-TH,153.14.37
13038,ti-x-icu,11,10,i,true,-1,ti,ti,153.14
13039,ti-ER-x-icu,11,10,i,true,-1,ti-ER,ti-ER,153.14
13040,ti-ET-x-icu,11,10,i,true,-1,ti-ET,ti-ET,153.14
13041,tk-x-icu,11,10,i,true,-1,tk,tk,153.14.37
13042,tk-TM-x-icu,11,10,i,true,-1,tk-TM,tk-TM,153.14.37
13043,to-x-icu,11,10,i,true,-1,to,to,153.14.37
13044,to-TO-x-icu,11,10,i,true,-1,to-TO,to-TO,153.14.37
13045,tr-x-icu,11,10,i,true,-1,tr,tr,153.14.37
13046,tr-CY-x-icu,11,10,i,true,-1,tr-CY,tr-CY,153.14.37
13047,tr-TR-x-icu,11,10,i,true,-1,tr-TR,tr-TR,153.14.37
13048,tt-x-icu,11,10,i,true,-1,tt,tt,153.14
13049,tt-RU-x-icu,11,10,i,true,-1,tt-RU,tt-RU,153.14
13050,twq-x-icu,11,10,i,true,-1,twq,twq,153.14
13051,twq-NE-x-icu,11,10,i,true,-1,twq-NE,twq-NE,153.14
13052,tzm-x-icu,11,10,i,true,-1,tzm,tzm,153.14
13053,tzm-MA-x-icu,11,10,i,true,-1,tzm-MA,tzm-MA,153.14
13054,ug-x-icu,11,10,i,true,-1,ug,ug,153.14.37
13055,ug-CN-x-icu,11,10,i,true,-1,ug-CN,ug-CN,153.14.37
13056,uk-x-icu,11,10,i,true,-1,uk,uk,153.14.37
13057,uk-UA-x-icu,11,10,i,true,-1,uk-UA,uk-UA,153.14.37
13058,ur-x-icu,11,10,i,true,-1,ur,ur,153.14.37
13059,ur-IN-x-icu,11,10,i,true,-1,ur-IN,ur-IN,153.14.37
13060,ur-PK-x-icu,11,10,i,true,-1,ur-PK,ur-PK,153.14.37
13061,uz-x-icu,11,10,i,true,-1,uz,uz,153.14.37
13062,uz-Arab-x-icu,11,10,i,true,-1,uz-Arab,uz-Arab,153.14.37
13063,uz-Arab-AF-x-icu,11,10,i,true,-1,uz-Arab-AF,uz-Arab-AF,153.14.37
13064,uz-Cyrl-x-icu,11,10,i,true,-1,uz-Cyrl,uz-Cyrl,153.14.37
13065,uz-Cyrl-UZ-x-icu,11,10,i,true,-1,uz-Cyrl-UZ,uz-Cyrl-UZ,153.14.37
13066,uz-Latn-x-icu,11,10,i,true,-1,uz-Latn,uz-Latn,153.14.37
13067,uz-Latn-UZ-x-icu,11,10,i,true,-1,uz-Latn-UZ,uz-Latn-UZ,153.14.37
13068,vai-x-icu,11,10,i,true,-1,vai,vai,153.14
13069,vai-Latn-x-icu,11,10,i,true,-1,vai-Latn,vai-Latn,153.14
13070,vai-Latn-LR-x-icu,11,10,i,true,-1,vai-Latn-LR,vai-Latn-LR,153.14
13071,vai-Vaii-x-icu,11,10,i,true,-1,vai-Vaii,vai-Vaii,153.14
13072,vai-Vaii-LR-x-icu,11,10,i,true,-1,vai-Vaii-LR,vai-Vaii-LR,153.14
13073,vi-x-icu,11,10,i,true,-1,vi,vi,153.14.37
13074,vi-VN-x-icu,11,10,i,true,-1,vi-VN,vi-VN,153.14.37
13075,vun-x-icu,11,10,i,true,-1,vun,vun,153.14
13076,vun-TZ-x-icu,11,10,i,true,-1,vun-TZ,vun-TZ,153.14
13077,wae-x-icu,11,10,i,true,-1,wae,wae,153.14
13078,wae-CH-x-icu,11,10,i,true,-1,wae-CH,wae-CH,153.14
13079,wo-x-icu,11,10,i,true,-1,wo,wo,153.14.37
13080,wo-SN-x-icu,11,10,i,true,-1,wo-SN,wo-SN,153.14.37
13081,xh-x-icu,11,10,i,true,-1,xh,xh,153.14
13082,xh-ZA-x-icu,11,10,i,true,-1,xh-ZA,xh-ZA,153.14
13083,xog-x-icu,11,10,i,true,-1,xog,xog,153.14
13084,xog-UG-x-icu,11,10,i,true,-1,xog-UG,xog-UG,153.14
13085,yav-x-icu,11,10,i,true,-1,yav,yav,153.14
13086,yav-CM-x-icu,11,10,i,true,-1,yav-CM,yav-CM,153.14
13087,yi-x-icu,11,10,i,true,-1,yi,yi,153.14.37
13088,yi-001-x-icu,11,10,i,true,-1,yi-001,yi-001,153.14.37
13089,yo-x-icu,11,10,i,true,-1,yo,yo,153.14.37
13090,yo-BJ-x-icu,11,10,i,true,-1,yo-BJ,yo-BJ,153.14.37
13091,yo-NG-x-icu,11,10,i,true,-1,yo-NG,yo-NG,153.14.37
13092,yue-x-icu,11,10,i,true,-1,yue,yue,153.14.37
13093,yue-Hans-x-icu,11,10,i,true,-1,yue-Hans,yue-Hans,153.14.37
13094,yue-Hans-CN-x-icu,11,10,i,true,-1,yue-Hans-CN,yue-Hans-CN,153.14.37
13095,yue-Hant-x-icu,11,10,i,true,-1,yue-Hant,yue-Hant,153.14.37
13096,yue-Hant-HK-x-icu,11,10,i,true,-1,yue-Hant-HK,yue-Hant-HK,153.14.37
13097,zgh-x-icu,11,10,i,true,-1,zgh,zgh,153.14
13098,zgh-MA-x-icu,11,10,i,true,-1,zgh-MA,zgh-MA,153.14
13099,zh-x-icu,11,10,i,true,-1,zh,zh,153.14.37
13100,zh-Hans-x-icu,11,10,i,true,-1,zh-Hans,zh-Hans,153.14.37
13101,zh-Hans-CN-x-icu,11,10,i,true,-1,zh-Hans-CN,zh-Hans-CN,153.14.37
13102,zh-Hans-HK-x-icu,11,10,i,true,-1,zh-Hans-HK,zh-Hans-HK,153.14.37
13103,zh-Hans-MO-x-icu,11,10,i,true,-1,zh-Hans-MO,zh-Hans-MO,153.14.37
13104,zh-Hans-SG-x-icu,11,10,i,true,-1,zh-Hans-SG,zh-Hans-SG,153.14.37
13105,zh-Hant-x-icu,11,10,i,true,-1,zh-Hant,zh-Hant,153.14.37
13106,zh-Hant-HK-x-icu,11,10,i,true,-1,zh-Hant-HK,zh-Hant-HK,153.14.37
13107,zh-Hant-MO-x-icu,11,10,i,true,-1,zh-Hant-MO,zh-Hant-MO,153.14.37
13108,zh-Hant-TW-x-icu,11,10,i,true,-1,zh-Hant-TW,zh-Hant-TW,153.14.37
13109,zu-x-icu,11,10,i,true,-1,zu,zu,153.14
13110,zu-ZA-x-icu,11,10,i,true,-1,zu-ZA,zu-ZA,153.14
