pg_signal_backend,false,true,false,false,false,false,-1,********,,false,,4200
pg_read_server_files,false,true,false,false,false,false,-1,********,,false,,4569
postgres,true,true,true,true,true,true,-1,********,,true,,10
pg_write_server_files,false,true,false,false,false,false,-1,********,,false,,4570
pg_execute_server_program,false,true,false,false,false,false,-1,********,,false,,4571
pg_read_all_stats,false,true,false,false,false,false,-1,********,,false,,3375
pg_monitor,false,true,false,false,false,false,-1,********,,false,,3373
pg_read_all_settings,false,true,false,false,false,false,-1,********,,false,,3374
pg_stat_scan_tables,false,true,false,false,false,false,-1,********,,false,,3377
mohit,true,true,true,true,true,true,-1,********,,true,,16397
