16,bool,11,10,1,true,b,B,true,true,",",0,0,1000,boolin,boolout,boolrecv,boolsend,-,-,-,c,p,false,0,-1,0,0,,,
17,bytea,11,10,-1,false,b,U,false,true,",",0,0,1001,byteain,byteaout,bytearecv,byteasend,-,-,-,i,x,false,0,-1,0,0,,,
18,char,11,10,1,true,b,S,false,true,",",0,0,1002,charin,charout,charrecv,charsend,-,-,-,c,p,false,0,-1,0,0,,,
19,name,11,10,64,false,b,S,false,true,",",0,18,1003,namein,nameout,namerecv,namesend,-,-,-,c,p,false,0,-1,0,950,,,
20,int8,11,10,8,true,b,N,false,true,",",0,0,1016,int8in,int8out,int8recv,int8send,-,-,-,d,p,false,0,-1,0,0,,,
21,int2,11,10,2,true,b,N,false,true,",",0,0,1005,int2in,int2out,int2recv,int2send,-,-,-,s,p,false,0,-1,0,0,,,
22,int2vector,11,10,-1,false,b,A,false,true,",",0,21,1006,int2vectorin,int2vectorout,int2vectorrecv,int2vectorsend,-,-,-,i,p,false,0,-1,0,0,,,
23,int4,11,10,4,true,b,N,false,true,",",0,0,1007,int4in,int4out,int4recv,int4send,-,-,-,i,p,false,0,-1,0,0,,,
24,regproc,11,10,4,true,b,N,false,true,",",0,0,1008,regprocin,regprocout,regprocrecv,regprocsend,-,-,-,i,p,false,0,-1,0,0,,,
25,text,11,10,-1,false,b,S,true,true,",",0,0,1009,textin,textout,textrecv,textsend,-,-,-,i,x,false,0,-1,0,100,,,
26,oid,11,10,4,true,b,N,true,true,",",0,0,1028,oidin,oidout,oidrecv,oidsend,-,-,-,i,p,false,0,-1,0,0,,,
27,tid,11,10,6,false,b,U,false,true,",",0,0,1010,tidin,tidout,tidrecv,tidsend,-,-,-,s,p,false,0,-1,0,0,,,
28,xid,11,10,4,true,b,U,false,true,",",0,0,1011,xidin,xidout,xidrecv,xidsend,-,-,-,i,p,false,0,-1,0,0,,,
29,cid,11,10,4,true,b,U,false,true,",",0,0,1012,cidin,cidout,cidrecv,cidsend,-,-,-,i,p,false,0,-1,0,0,,,
30,oidvector,11,10,-1,false,b,A,false,true,",",0,26,1013,oidvectorin,oidvectorout,oidvectorrecv,oidvectorsend,-,-,-,i,p,false,0,-1,0,0,,,
71,pg_type,11,10,-1,false,c,C,false,true,",",1247,0,0,record_in,record_out,record_recv,record_send,-,-,-,d,x,false,0,-1,0,0,,,
75,pg_attribute,11,10,-1,false,c,C,false,true,",",1249,0,0,record_in,record_out,record_recv,record_send,-,-,-,d,x,false,0,-1,0,0,,,
81,pg_proc,11,10,-1,false,c,C,false,true,",",1255,0,0,record_in,record_out,record_recv,record_send,-,-,-,d,x,false,0,-1,0,0,,,
83,pg_class,11,10,-1,false,c,C,false,true,",",1259,0,0,record_in,record_out,record_recv,record_send,-,-,-,d,x,false,0,-1,0,0,,,
114,json,11,10,-1,false,b,U,false,true,",",0,0,199,json_in,json_out,json_recv,json_send,-,-,-,i,x,false,0,-1,0,0,,,
142,xml,11,10,-1,false,b,U,false,true,",",0,0,143,xml_in,xml_out,xml_recv,xml_send,-,-,-,i,x,false,0,-1,0,0,,,
194,pg_node_tree,11,10,-1,false,b,S,false,true,",",0,0,0,pg_node_tree_in,pg_node_tree_out,pg_node_tree_recv,pg_node_tree_send,-,-,-,i,x,false,0,-1,0,100,,,
3361,pg_ndistinct,11,10,-1,false,b,S,false,true,",",0,0,0,pg_ndistinct_in,pg_ndistinct_out,pg_ndistinct_recv,pg_ndistinct_send,-,-,-,i,x,false,0,-1,0,100,,,
3402,pg_dependencies,11,10,-1,false,b,S,false,true,",",0,0,0,pg_dependencies_in,pg_dependencies_out,pg_dependencies_recv,pg_dependencies_send,-,-,-,i,x,false,0,-1,0,100,,,
5017,pg_mcv_list,11,10,-1,false,b,S,false,true,",",0,0,0,pg_mcv_list_in,pg_mcv_list_out,pg_mcv_list_recv,pg_mcv_list_send,-,-,-,i,x,false,0,-1,0,100,,,
32,pg_ddl_command,11,10,8,true,p,P,false,true,",",0,0,0,pg_ddl_command_in,pg_ddl_command_out,pg_ddl_command_recv,pg_ddl_command_send,-,-,-,d,p,false,0,-1,0,0,,,
5069,xid8,11,10,8,true,b,U,false,true,",",0,0,271,xid8in,xid8out,xid8recv,xid8send,-,-,-,d,p,false,0,-1,0,0,,,
600,point,11,10,16,false,b,G,false,true,",",0,701,1017,point_in,point_out,point_recv,point_send,-,-,-,d,p,false,0,-1,0,0,,,
601,lseg,11,10,32,false,b,G,false,true,",",0,600,1018,lseg_in,lseg_out,lseg_recv,lseg_send,-,-,-,d,p,false,0,-1,0,0,,,
602,path,11,10,-1,false,b,G,false,true,",",0,0,1019,path_in,path_out,path_recv,path_send,-,-,-,d,x,false,0,-1,0,0,,,
603,box,11,10,32,false,b,G,false,true,;,0,600,1020,box_in,box_out,box_recv,box_send,-,-,-,d,p,false,0,-1,0,0,,,
604,polygon,11,10,-1,false,b,G,false,true,",",0,0,1027,poly_in,poly_out,poly_recv,poly_send,-,-,-,d,x,false,0,-1,0,0,,,
628,line,11,10,24,false,b,G,false,true,",",0,701,629,line_in,line_out,line_recv,line_send,-,-,-,d,p,false,0,-1,0,0,,,
700,float4,11,10,4,true,b,N,false,true,",",0,0,1021,float4in,float4out,float4recv,float4send,-,-,-,i,p,false,0,-1,0,0,,,
701,float8,11,10,8,true,b,N,true,true,",",0,0,1022,float8in,float8out,float8recv,float8send,-,-,-,d,p,false,0,-1,0,0,,,
705,unknown,11,10,-2,false,p,X,false,true,",",0,0,0,unknownin,unknownout,unknownrecv,unknownsend,-,-,-,c,p,false,0,-1,0,0,,,
718,circle,11,10,24,false,b,G,false,true,",",0,0,719,circle_in,circle_out,circle_recv,circle_send,-,-,-,d,p,false,0,-1,0,0,,,
790,money,11,10,8,true,b,N,false,true,",",0,0,791,cash_in,cash_out,cash_recv,cash_send,-,-,-,d,p,false,0,-1,0,0,,,
829,macaddr,11,10,6,false,b,U,false,true,",",0,0,1040,macaddr_in,macaddr_out,macaddr_recv,macaddr_send,-,-,-,i,p,false,0,-1,0,0,,,
869,inet,11,10,-1,false,b,I,true,true,",",0,0,1041,inet_in,inet_out,inet_recv,inet_send,-,-,-,i,m,false,0,-1,0,0,,,
650,cidr,11,10,-1,false,b,I,false,true,",",0,0,651,cidr_in,cidr_out,cidr_recv,cidr_send,-,-,-,i,m,false,0,-1,0,0,,,
774,macaddr8,11,10,8,false,b,U,false,true,",",0,0,775,macaddr8_in,macaddr8_out,macaddr8_recv,macaddr8_send,-,-,-,i,p,false,0,-1,0,0,,,
1033,aclitem,11,10,12,false,b,U,false,true,",",0,0,1034,aclitemin,aclitemout,-,-,-,-,-,i,p,false,0,-1,0,0,,,
1042,bpchar,11,10,-1,false,b,S,false,true,",",0,0,1014,bpcharin,bpcharout,bpcharrecv,bpcharsend,bpchartypmodin,bpchartypmodout,-,i,x,false,0,-1,0,100,,,
1043,varchar,11,10,-1,false,b,S,false,true,",",0,0,1015,varcharin,varcharout,varcharrecv,varcharsend,varchartypmodin,varchartypmodout,-,i,x,false,0,-1,0,100,,,
1082,date,11,10,4,true,b,D,false,true,",",0,0,1182,date_in,date_out,date_recv,date_send,-,-,-,i,p,false,0,-1,0,0,,,
1083,time,11,10,8,true,b,D,false,true,",",0,0,1183,time_in,time_out,time_recv,time_send,timetypmodin,timetypmodout,-,d,p,false,0,-1,0,0,,,
1114,timestamp,11,10,8,true,b,D,false,true,",",0,0,1115,timestamp_in,timestamp_out,timestamp_recv,timestamp_send,timestamptypmodin,timestamptypmodout,-,d,p,false,0,-1,0,0,,,
1184,timestamptz,11,10,8,true,b,D,true,true,",",0,0,1185,timestamptz_in,timestamptz_out,timestamptz_recv,timestamptz_send,timestamptztypmodin,timestamptztypmodout,-,d,p,false,0,-1,0,0,,,
1186,interval,11,10,16,false,b,T,true,true,",",0,0,1187,interval_in,interval_out,interval_recv,interval_send,intervaltypmodin,intervaltypmodout,-,d,p,false,0,-1,0,0,,,
1266,timetz,11,10,12,false,b,D,false,true,",",0,0,1270,timetz_in,timetz_out,timetz_recv,timetz_send,timetztypmodin,timetztypmodout,-,d,p,false,0,-1,0,0,,,
1560,bit,11,10,-1,false,b,V,false,true,",",0,0,1561,bit_in,bit_out,bit_recv,bit_send,bittypmodin,bittypmodout,-,i,x,false,0,-1,0,0,,,
1562,varbit,11,10,-1,false,b,V,true,true,",",0,0,1563,varbit_in,varbit_out,varbit_recv,varbit_send,varbittypmodin,varbittypmodout,-,i,x,false,0,-1,0,0,,,
1700,numeric,11,10,-1,false,b,N,false,true,",",0,0,1231,numeric_in,numeric_out,numeric_recv,numeric_send,numerictypmodin,numerictypmodout,-,i,m,false,0,-1,0,0,,,
1790,refcursor,11,10,-1,false,b,U,false,true,",",0,0,2201,textin,textout,textrecv,textsend,-,-,-,i,x,false,0,-1,0,0,,,
2202,regprocedure,11,10,4,true,b,N,false,true,",",0,0,2207,regprocedurein,regprocedureout,regprocedurerecv,regproceduresend,-,-,-,i,p,false,0,-1,0,0,,,
2203,regoper,11,10,4,true,b,N,false,true,",",0,0,2208,regoperin,regoperout,regoperrecv,regopersend,-,-,-,i,p,false,0,-1,0,0,,,
2204,regoperator,11,10,4,true,b,N,false,true,",",0,0,2209,regoperatorin,regoperatorout,regoperatorrecv,regoperatorsend,-,-,-,i,p,false,0,-1,0,0,,,
2205,regclass,11,10,4,true,b,N,false,true,",",0,0,2210,regclassin,regclassout,regclassrecv,regclasssend,-,-,-,i,p,false,0,-1,0,0,,,
4191,regcollation,11,10,4,true,b,N,false,true,",",0,0,4192,regcollationin,regcollationout,regcollationrecv,regcollationsend,-,-,-,i,p,false,0,-1,0,0,,,
2206,regtype,11,10,4,true,b,N,false,true,",",0,0,2211,regtypein,regtypeout,regtyperecv,regtypesend,-,-,-,i,p,false,0,-1,0,0,,,
4096,regrole,11,10,4,true,b,N,false,true,",",0,0,4097,regrolein,regroleout,regrolerecv,regrolesend,-,-,-,i,p,false,0,-1,0,0,,,
4089,regnamespace,11,10,4,true,b,N,false,true,",",0,0,4090,regnamespacein,regnamespaceout,regnamespacerecv,regnamespacesend,-,-,-,i,p,false,0,-1,0,0,,,
2950,uuid,11,10,16,false,b,U,false,true,",",0,0,2951,uuid_in,uuid_out,uuid_recv,uuid_send,-,-,-,c,p,false,0,-1,0,0,,,
3220,pg_lsn,11,10,8,true,b,U,false,true,",",0,0,3221,pg_lsn_in,pg_lsn_out,pg_lsn_recv,pg_lsn_send,-,-,-,d,p,false,0,-1,0,0,,,
3614,tsvector,11,10,-1,false,b,U,false,true,",",0,0,3643,tsvectorin,tsvectorout,tsvectorrecv,tsvectorsend,-,-,ts_typanalyze,i,x,false,0,-1,0,0,,,
3642,gtsvector,11,10,-1,false,b,U,false,true,",",0,0,3644,gtsvectorin,gtsvectorout,-,-,-,-,-,i,p,false,0,-1,0,0,,,
3615,tsquery,11,10,-1,false,b,U,false,true,",",0,0,3645,tsqueryin,tsqueryout,tsqueryrecv,tsquerysend,-,-,-,i,p,false,0,-1,0,0,,,
3734,regconfig,11,10,4,true,b,N,false,true,",",0,0,3735,regconfigin,regconfigout,regconfigrecv,regconfigsend,-,-,-,i,p,false,0,-1,0,0,,,
3769,regdictionary,11,10,4,true,b,N,false,true,",",0,0,3770,regdictionaryin,regdictionaryout,regdictionaryrecv,regdictionarysend,-,-,-,i,p,false,0,-1,0,0,,,
3802,jsonb,11,10,-1,false,b,U,false,true,",",0,0,3807,jsonb_in,jsonb_out,jsonb_recv,jsonb_send,-,-,-,i,x,false,0,-1,0,0,,,
4072,jsonpath,11,10,-1,false,b,U,false,true,",",0,0,4073,jsonpath_in,jsonpath_out,jsonpath_recv,jsonpath_send,-,-,-,i,x,false,0,-1,0,0,,,
2970,txid_snapshot,11,10,-1,false,b,U,false,true,",",0,0,2949,txid_snapshot_in,txid_snapshot_out,txid_snapshot_recv,txid_snapshot_send,-,-,-,d,x,false,0,-1,0,0,,,
5038,pg_snapshot,11,10,-1,false,b,U,false,true,",",0,0,5039,pg_snapshot_in,pg_snapshot_out,pg_snapshot_recv,pg_snapshot_send,-,-,-,d,x,false,0,-1,0,0,,,
3904,int4range,11,10,-1,false,r,R,false,true,",",0,0,3905,range_in,range_out,range_recv,range_send,-,-,range_typanalyze,i,x,false,0,-1,0,0,,,
3906,numrange,11,10,-1,false,r,R,false,true,",",0,0,3907,range_in,range_out,range_recv,range_send,-,-,range_typanalyze,i,x,false,0,-1,0,0,,,
3908,tsrange,11,10,-1,false,r,R,false,true,",",0,0,3909,range_in,range_out,range_recv,range_send,-,-,range_typanalyze,d,x,false,0,-1,0,0,,,
3910,tstzrange,11,10,-1,false,r,R,false,true,",",0,0,3911,range_in,range_out,range_recv,range_send,-,-,range_typanalyze,d,x,false,0,-1,0,0,,,
3912,daterange,11,10,-1,false,r,R,false,true,",",0,0,3913,range_in,range_out,range_recv,range_send,-,-,range_typanalyze,i,x,false,0,-1,0,0,,,
3926,int8range,11,10,-1,false,r,R,false,true,",",0,0,3927,range_in,range_out,range_recv,range_send,-,-,range_typanalyze,d,x,false,0,-1,0,0,,,
2249,record,11,10,-1,false,p,P,false,true,",",0,0,2287,record_in,record_out,record_recv,record_send,-,-,-,d,x,false,0,-1,0,0,,,
2287,_record,11,10,-1,false,p,P,false,true,",",0,2249,0,array_in,array_out,array_recv,array_send,-,-,array_typanalyze,d,x,false,0,-1,0,0,,,
2275,cstring,11,10,-2,false,p,P,false,true,",",0,0,1263,cstring_in,cstring_out,cstring_recv,cstring_send,-,-,-,c,p,false,0,-1,0,0,,,
2276,any,11,10,4,true,p,P,false,true,",",0,0,0,any_in,any_out,-,-,-,-,-,i,p,false,0,-1,0,0,,,
2277,anyarray,11,10,-1,false,p,P,false,true,",",0,0,0,anyarray_in,anyarray_out,anyarray_recv,anyarray_send,-,-,-,d,x,false,0,-1,0,0,,,
2278,void,11,10,4,true,p,P,false,true,",",0,0,0,void_in,void_out,void_recv,void_send,-,-,-,i,p,false,0,-1,0,0,,,
2279,trigger,11,10,4,true,p,P,false,true,",",0,0,0,trigger_in,trigger_out,-,-,-,-,-,i,p,false,0,-1,0,0,,,
3838,event_trigger,11,10,4,true,p,P,false,true,",",0,0,0,event_trigger_in,event_trigger_out,-,-,-,-,-,i,p,false,0,-1,0,0,,,
2280,language_handler,11,10,4,true,p,P,false,true,",",0,0,0,language_handler_in,language_handler_out,-,-,-,-,-,i,p,false,0,-1,0,0,,,
2281,internal,11,10,8,true,p,P,false,true,",",0,0,0,internal_in,internal_out,-,-,-,-,-,d,p,false,0,-1,0,0,,,
2283,anyelement,11,10,4,true,p,P,false,true,",",0,0,0,anyelement_in,anyelement_out,-,-,-,-,-,i,p,false,0,-1,0,0,,,
2776,anynonarray,11,10,4,true,p,P,false,true,",",0,0,0,anynonarray_in,anynonarray_out,-,-,-,-,-,i,p,false,0,-1,0,0,,,
3500,anyenum,11,10,4,true,p,P,false,true,",",0,0,0,anyenum_in,anyenum_out,-,-,-,-,-,i,p,false,0,-1,0,0,,,
3115,fdw_handler,11,10,4,true,p,P,false,true,",",0,0,0,fdw_handler_in,fdw_handler_out,-,-,-,-,-,i,p,false,0,-1,0,0,,,
325,index_am_handler,11,10,4,true,p,P,false,true,",",0,0,0,index_am_handler_in,index_am_handler_out,-,-,-,-,-,i,p,false,0,-1,0,0,,,
3310,tsm_handler,11,10,4,true,p,P,false,true,",",0,0,0,tsm_handler_in,tsm_handler_out,-,-,-,-,-,i,p,false,0,-1,0,0,,,
269,table_am_handler,11,10,4,true,p,P,false,true,",",0,0,0,table_am_handler_in,table_am_handler_out,-,-,-,-,-,i,p,false,0,-1,0,0,,,
3831,anyrange,11,10,-1,false,p,P,false,true,",",0,0,0,anyrange_in,anyrange_out,-,-,-,-,-,d,x,false,0,-1,0,0,,,
5077,anycompatible,11,10,4,true,p,P,false,true,",",0,0,0,anycompatible_in,anycompatible_out,-,-,-,-,-,i,p,false,0,-1,0,0,,,
5078,anycompatiblearray,11,10,-1,false,p,P,false,true,",",0,0,0,anycompatiblearray_in,anycompatiblearray_out,anycompatiblearray_recv,anycompatiblearray_send,-,-,-,d,x,false,0,-1,0,0,,,
5079,anycompatiblenonarray,11,10,4,true,p,P,false,true,",",0,0,0,anycompatiblenonarray_in,anycompatiblenonarray_out,-,-,-,-,-,i,p,false,0,-1,0,0,,,
5080,anycompatiblerange,11,10,-1,false,p,P,false,true,",",0,0,0,anycompatiblerange_in,anycompatiblerange_out,-,-,-,-,-,d,x,false,0,-1,0,0,,,
1000,_bool,11,10,-1,false,b,A,false,true,",",0,16,0,array_in,array_out,array_recv,array_send,-,-,array_typanalyze,i,x,false,0,-1,0,0,,,
1001,_bytea,11,10,-1,false,b,A,false,true,",",0,17,0,array_in,array_out,array_recv,array_send,-,-,array_typanalyze,i,x,false,0,-1,0,0,,,
1002,_char,11,10,-1,false,b,A,false,true,",",0,18,0,array_in,array_out,array_recv,array_send,-,-,array_typanalyze,i,x,false,0,-1,0,0,,,
1003,_name,11,10,-1,false,b,A,false,true,",",0,19,0,array_in,array_out,array_recv,array_send,-,-,array_typanalyze,i,x,false,0,-1,0,950,,,
1016,_int8,11,10,-1,false,b,A,false,true,",",0,20,0,array_in,array_out,array_recv,array_send,-,-,array_typanalyze,d,x,false,0,-1,0,0,,,
1005,_int2,11,10,-1,false,b,A,false,true,",",0,21,0,array_in,array_out,array_recv,array_send,-,-,array_typanalyze,i,x,false,0,-1,0,0,,,
1006,_int2vector,11,10,-1,false,b,A,false,true,",",0,22,0,array_in,array_out,array_recv,array_send,-,-,array_typanalyze,i,x,false,0,-1,0,0,,,
1007,_int4,11,10,-1,false,b,A,false,true,",",0,23,0,array_in,array_out,array_recv,array_send,-,-,array_typanalyze,i,x,false,0,-1,0,0,,,
1008,_regproc,11,10,-1,false,b,A,false,true,",",0,24,0,array_in,array_out,array_recv,array_send,-,-,array_typanalyze,i,x,false,0,-1,0,0,,,
1009,_text,11,10,-1,false,b,A,false,true,",",0,25,0,array_in,array_out,array_recv,array_send,-,-,array_typanalyze,i,x,false,0,-1,0,100,,,
1028,_oid,11,10,-1,false,b,A,false,true,",",0,26,0,array_in,array_out,array_recv,array_send,-,-,array_typanalyze,i,x,false,0,-1,0,0,,,
1010,_tid,11,10,-1,false,b,A,false,true,",",0,27,0,array_in,array_out,array_recv,array_send,-,-,array_typanalyze,i,x,false,0,-1,0,0,,,
1011,_xid,11,10,-1,false,b,A,false,true,",",0,28,0,array_in,array_out,array_recv,array_send,-,-,array_typanalyze,i,x,false,0,-1,0,0,,,
1012,_cid,11,10,-1,false,b,A,false,true,",",0,29,0,array_in,array_out,array_recv,array_send,-,-,array_typanalyze,i,x,false,0,-1,0,0,,,
1013,_oidvector,11,10,-1,false,b,A,false,true,",",0,30,0,array_in,array_out,array_recv,array_send,-,-,array_typanalyze,i,x,false,0,-1,0,0,,,
199,_json,11,10,-1,false,b,A,false,true,",",0,114,0,array_in,array_out,array_recv,array_send,-,-,array_typanalyze,i,x,false,0,-1,0,0,,,
143,_xml,11,10,-1,false,b,A,false,true,",",0,142,0,array_in,array_out,array_recv,array_send,-,-,array_typanalyze,i,x,false,0,-1,0,0,,,
271,_xid8,11,10,-1,false,b,A,false,true,",",0,5069,0,array_in,array_out,array_recv,array_send,-,-,array_typanalyze,d,x,false,0,-1,0,0,,,
1017,_point,11,10,-1,false,b,A,false,true,",",0,600,0,array_in,array_out,array_recv,array_send,-,-,array_typanalyze,d,x,false,0,-1,0,0,,,
1018,_lseg,11,10,-1,false,b,A,false,true,",",0,601,0,array_in,array_out,array_recv,array_send,-,-,array_typanalyze,d,x,false,0,-1,0,0,,,
1019,_path,11,10,-1,false,b,A,false,true,",",0,602,0,array_in,array_out,array_recv,array_send,-,-,array_typanalyze,d,x,false,0,-1,0,0,,,
1020,_box,11,10,-1,false,b,A,false,true,;,0,603,0,array_in,array_out,array_recv,array_send,-,-,array_typanalyze,d,x,false,0,-1,0,0,,,
1027,_polygon,11,10,-1,false,b,A,false,true,",",0,604,0,array_in,array_out,array_recv,array_send,-,-,array_typanalyze,d,x,false,0,-1,0,0,,,
629,_line,11,10,-1,false,b,A,false,true,",",0,628,0,array_in,array_out,array_recv,array_send,-,-,array_typanalyze,d,x,false,0,-1,0,0,,,
1021,_float4,11,10,-1,false,b,A,false,true,",",0,700,0,array_in,array_out,array_recv,array_send,-,-,array_typanalyze,i,x,false,0,-1,0,0,,,
1022,_float8,11,10,-1,false,b,A,false,true,",",0,701,0,array_in,array_out,array_recv,array_send,-,-,array_typanalyze,d,x,false,0,-1,0,0,,,
719,_circle,11,10,-1,false,b,A,false,true,",",0,718,0,array_in,array_out,array_recv,array_send,-,-,array_typanalyze,d,x,false,0,-1,0,0,,,
791,_money,11,10,-1,false,b,A,false,true,",",0,790,0,array_in,array_out,array_recv,array_send,-,-,array_typanalyze,d,x,false,0,-1,0,0,,,
1040,_macaddr,11,10,-1,false,b,A,false,true,",",0,829,0,array_in,array_out,array_recv,array_send,-,-,array_typanalyze,i,x,false,0,-1,0,0,,,
1041,_inet,11,10,-1,false,b,A,false,true,",",0,869,0,array_in,array_out,array_recv,array_send,-,-,array_typanalyze,i,x,false,0,-1,0,0,,,
651,_cidr,11,10,-1,false,b,A,false,true,",",0,650,0,array_in,array_out,array_recv,array_send,-,-,array_typanalyze,i,x,false,0,-1,0,0,,,
775,_macaddr8,11,10,-1,false,b,A,false,true,",",0,774,0,array_in,array_out,array_recv,array_send,-,-,array_typanalyze,i,x,false,0,-1,0,0,,,
1034,_aclitem,11,10,-1,false,b,A,false,true,",",0,1033,0,array_in,array_out,array_recv,array_send,-,-,array_typanalyze,i,x,false,0,-1,0,0,,,
1014,_bpchar,11,10,-1,false,b,A,false,true,",",0,1042,0,array_in,array_out,array_recv,array_send,bpchartypmodin,bpchartypmodout,array_typanalyze,i,x,false,0,-1,0,100,,,
1015,_varchar,11,10,-1,false,b,A,false,true,",",0,1043,0,array_in,array_out,array_recv,array_send,varchartypmodin,varchartypmodout,array_typanalyze,i,x,false,0,-1,0,100,,,
1182,_date,11,10,-1,false,b,A,false,true,",",0,1082,0,array_in,array_out,array_recv,array_send,-,-,array_typanalyze,i,x,false,0,-1,0,0,,,
1183,_time,11,10,-1,false,b,A,false,true,",",0,1083,0,array_in,array_out,array_recv,array_send,timetypmodin,timetypmodout,array_typanalyze,d,x,false,0,-1,0,0,,,
1115,_timestamp,11,10,-1,false,b,A,false,true,",",0,1114,0,array_in,array_out,array_recv,array_send,timestamptypmodin,timestamptypmodout,array_typanalyze,d,x,false,0,-1,0,0,,,
1185,_timestamptz,11,10,-1,false,b,A,false,true,",",0,1184,0,array_in,array_out,array_recv,array_send,timestamptztypmodin,timestamptztypmodout,array_typanalyze,d,x,false,0,-1,0,0,,,
1187,_interval,11,10,-1,false,b,A,false,true,",",0,1186,0,array_in,array_out,array_recv,array_send,intervaltypmodin,intervaltypmodout,array_typanalyze,d,x,false,0,-1,0,0,,,
1270,_timetz,11,10,-1,false,b,A,false,true,",",0,1266,0,array_in,array_out,array_recv,array_send,timetztypmodin,timetztypmodout,array_typanalyze,d,x,false,0,-1,0,0,,,
1561,_bit,11,10,-1,false,b,A,false,true,",",0,1560,0,array_in,array_out,array_recv,array_send,bittypmodin,bittypmodout,array_typanalyze,i,x,false,0,-1,0,0,,,
1563,_varbit,11,10,-1,false,b,A,false,true,",",0,1562,0,array_in,array_out,array_recv,array_send,varbittypmodin,varbittypmodout,array_typanalyze,i,x,false,0,-1,0,0,,,
1231,_numeric,11,10,-1,false,b,A,false,true,",",0,1700,0,array_in,array_out,array_recv,array_send,numerictypmodin,numerictypmodout,array_typanalyze,i,x,false,0,-1,0,0,,,
2201,_refcursor,11,10,-1,false,b,A,false,true,",",0,1790,0,array_in,array_out,array_recv,array_send,-,-,array_typanalyze,i,x,false,0,-1,0,0,,,
2207,_regprocedure,11,10,-1,false,b,A,false,true,",",0,2202,0,array_in,array_out,array_recv,array_send,-,-,array_typanalyze,i,x,false,0,-1,0,0,,,
2208,_regoper,11,10,-1,false,b,A,false,true,",",0,2203,0,array_in,array_out,array_recv,array_send,-,-,array_typanalyze,i,x,false,0,-1,0,0,,,
2209,_regoperator,11,10,-1,false,b,A,false,true,",",0,2204,0,array_in,array_out,array_recv,array_send,-,-,array_typanalyze,i,x,false,0,-1,0,0,,,
2210,_regclass,11,10,-1,false,b,A,false,true,",",0,2205,0,array_in,array_out,array_recv,array_send,-,-,array_typanalyze,i,x,false,0,-1,0,0,,,
4192,_regcollation,11,10,-1,false,b,A,false,true,",",0,4191,0,array_in,array_out,array_recv,array_send,-,-,array_typanalyze,i,x,false,0,-1,0,0,,,
2211,_regtype,11,10,-1,false,b,A,false,true,",",0,2206,0,array_in,array_out,array_recv,array_send,-,-,array_typanalyze,i,x,false,0,-1,0,0,,,
4097,_regrole,11,10,-1,false,b,A,false,true,",",0,4096,0,array_in,array_out,array_recv,array_send,-,-,array_typanalyze,i,x,false,0,-1,0,0,,,
4090,_regnamespace,11,10,-1,false,b,A,false,true,",",0,4089,0,array_in,array_out,array_recv,array_send,-,-,array_typanalyze,i,x,false,0,-1,0,0,,,
2951,_uuid,11,10,-1,false,b,A,false,true,",",0,2950,0,array_in,array_out,array_recv,array_send,-,-,array_typanalyze,i,x,false,0,-1,0,0,,,
3221,_pg_lsn,11,10,-1,false,b,A,false,true,",",0,3220,0,array_in,array_out,array_recv,array_send,-,-,array_typanalyze,d,x,false,0,-1,0,0,,,
3643,_tsvector,11,10,-1,false,b,A,false,true,",",0,3614,0,array_in,array_out,array_recv,array_send,-,-,array_typanalyze,i,x,false,0,-1,0,0,,,
3644,_gtsvector,11,10,-1,false,b,A,false,true,",",0,3642,0,array_in,array_out,array_recv,array_send,-,-,array_typanalyze,i,x,false,0,-1,0,0,,,
3645,_tsquery,11,10,-1,false,b,A,false,true,",",0,3615,0,array_in,array_out,array_recv,array_send,-,-,array_typanalyze,i,x,false,0,-1,0,0,,,
3735,_regconfig,11,10,-1,false,b,A,false,true,",",0,3734,0,array_in,array_out,array_recv,array_send,-,-,array_typanalyze,i,x,false,0,-1,0,0,,,
3770,_regdictionary,11,10,-1,false,b,A,false,true,",",0,3769,0,array_in,array_out,array_recv,array_send,-,-,array_typanalyze,i,x,false,0,-1,0,0,,,
3807,_jsonb,11,10,-1,false,b,A,false,true,",",0,3802,0,array_in,array_out,array_recv,array_send,-,-,array_typanalyze,i,x,false,0,-1,0,0,,,
4073,_jsonpath,11,10,-1,false,b,A,false,true,",",0,4072,0,array_in,array_out,array_recv,array_send,-,-,array_typanalyze,i,x,false,0,-1,0,0,,,
2949,_txid_snapshot,11,10,-1,false,b,A,false,true,",",0,2970,0,array_in,array_out,array_recv,array_send,-,-,array_typanalyze,d,x,false,0,-1,0,0,,,
5039,_pg_snapshot,11,10,-1,false,b,A,false,true,",",0,5038,0,array_in,array_out,array_recv,array_send,-,-,array_typanalyze,d,x,false,0,-1,0,0,,,
3905,_int4range,11,10,-1,false,b,A,false,true,",",0,3904,0,array_in,array_out,array_recv,array_send,-,-,array_typanalyze,i,x,false,0,-1,0,0,,,
3907,_numrange,11,10,-1,false,b,A,false,true,",",0,3906,0,array_in,array_out,array_recv,array_send,-,-,array_typanalyze,i,x,false,0,-1,0,0,,,
3909,_tsrange,11,10,-1,false,b,A,false,true,",",0,3908,0,array_in,array_out,array_recv,array_send,-,-,array_typanalyze,d,x,false,0,-1,0,0,,,
3911,_tstzrange,11,10,-1,false,b,A,false,true,",",0,3910,0,array_in,array_out,array_recv,array_send,-,-,array_typanalyze,d,x,false,0,-1,0,0,,,
3913,_daterange,11,10,-1,false,b,A,false,true,",",0,3912,0,array_in,array_out,array_recv,array_send,-,-,array_typanalyze,i,x,false,0,-1,0,0,,,
3927,_int8range,11,10,-1,false,b,A,false,true,",",0,3926,0,array_in,array_out,array_recv,array_send,-,-,array_typanalyze,d,x,false,0,-1,0,0,,,
1263,_cstring,11,10,-1,false,b,A,false,true,",",0,2275,0,array_in,array_out,array_recv,array_send,-,-,array_typanalyze,i,x,false,0,-1,0,0,,,
12000,pg_attrdef,11,10,-1,false,c,C,false,true,",",2604,0,0,record_in,record_out,record_recv,record_send,-,-,-,d,x,false,0,-1,0,0,,,
12001,pg_constraint,11,10,-1,false,c,C,false,true,",",2606,0,0,record_in,record_out,record_recv,record_send,-,-,-,d,x,false,0,-1,0,0,,,
12002,pg_inherits,11,10,-1,false,c,C,false,true,",",2611,0,0,record_in,record_out,record_recv,record_send,-,-,-,d,x,false,0,-1,0,0,,,
12003,pg_index,11,10,-1,false,c,C,false,true,",",2610,0,0,record_in,record_out,record_recv,record_send,-,-,-,d,x,false,0,-1,0,0,,,
12004,pg_operator,11,10,-1,false,c,C,false,true,",",2617,0,0,record_in,record_out,record_recv,record_send,-,-,-,d,x,false,0,-1,0,0,,,
12005,pg_opfamily,11,10,-1,false,c,C,false,true,",",2753,0,0,record_in,record_out,record_recv,record_send,-,-,-,d,x,false,0,-1,0,0,,,
12006,pg_opclass,11,10,-1,false,c,C,false,true,",",2616,0,0,record_in,record_out,record_recv,record_send,-,-,-,d,x,false,0,-1,0,0,,,
12007,pg_am,11,10,-1,false,c,C,false,true,",",2601,0,0,record_in,record_out,record_recv,record_send,-,-,-,d,x,false,0,-1,0,0,,,
12008,pg_amop,11,10,-1,false,c,C,false,true,",",2602,0,0,record_in,record_out,record_recv,record_send,-,-,-,d,x,false,0,-1,0,0,,,
12009,pg_amproc,11,10,-1,false,c,C,false,true,",",2603,0,0,record_in,record_out,record_recv,record_send,-,-,-,d,x,false,0,-1,0,0,,,
12010,pg_language,11,10,-1,false,c,C,false,true,",",2612,0,0,record_in,record_out,record_recv,record_send,-,-,-,d,x,false,0,-1,0,0,,,
12011,pg_largeobject_metadata,11,10,-1,false,c,C,false,true,",",2995,0,0,record_in,record_out,record_recv,record_send,-,-,-,d,x,false,0,-1,0,0,,,
12012,pg_largeobject,11,10,-1,false,c,C,false,true,",",2613,0,0,record_in,record_out,record_recv,record_send,-,-,-,d,x,false,0,-1,0,0,,,
12013,pg_aggregate,11,10,-1,false,c,C,false,true,",",2600,0,0,record_in,record_out,record_recv,record_send,-,-,-,d,x,false,0,-1,0,0,,,
12014,pg_statistic_ext,11,10,-1,false,c,C,false,true,",",3381,0,0,record_in,record_out,record_recv,record_send,-,-,-,d,x,false,0,-1,0,0,,,
12015,pg_statistic_ext_data,11,10,-1,false,c,C,false,true,",",3429,0,0,record_in,record_out,record_recv,record_send,-,-,-,d,x,false,0,-1,0,0,,,
12016,pg_statistic,11,10,-1,false,c,C,false,true,",",2619,0,0,record_in,record_out,record_recv,record_send,-,-,-,d,x,false,0,-1,0,0,,,
12017,pg_rewrite,11,10,-1,false,c,C,false,true,",",2618,0,0,record_in,record_out,record_recv,record_send,-,-,-,d,x,false,0,-1,0,0,,,
12018,pg_trigger,11,10,-1,false,c,C,false,true,",",2620,0,0,record_in,record_out,record_recv,record_send,-,-,-,d,x,false,0,-1,0,0,,,
12019,pg_event_trigger,11,10,-1,false,c,C,false,true,",",3466,0,0,record_in,record_out,record_recv,record_send,-,-,-,d,x,false,0,-1,0,0,,,
12020,pg_description,11,10,-1,false,c,C,false,true,",",2609,0,0,record_in,record_out,record_recv,record_send,-,-,-,d,x,false,0,-1,0,0,,,
12021,pg_cast,11,10,-1,false,c,C,false,true,",",2605,0,0,record_in,record_out,record_recv,record_send,-,-,-,d,x,false,0,-1,0,0,,,
12022,pg_enum,11,10,-1,false,c,C,false,true,",",3501,0,0,record_in,record_out,record_recv,record_send,-,-,-,d,x,false,0,-1,0,0,,,
12023,pg_namespace,11,10,-1,false,c,C,false,true,",",2615,0,0,record_in,record_out,record_recv,record_send,-,-,-,d,x,false,0,-1,0,0,,,
12024,pg_conversion,11,10,-1,false,c,C,false,true,",",2607,0,0,record_in,record_out,record_recv,record_send,-,-,-,d,x,false,0,-1,0,0,,,
12025,pg_depend,11,10,-1,false,c,C,false,true,",",2608,0,0,record_in,record_out,record_recv,record_send,-,-,-,d,x,false,0,-1,0,0,,,
1248,pg_database,11,10,-1,false,c,C,false,true,",",1262,0,0,record_in,record_out,record_recv,record_send,-,-,-,d,x,false,0,-1,0,0,,,
12026,pg_db_role_setting,11,10,-1,false,c,C,false,true,",",2964,0,0,record_in,record_out,record_recv,record_send,-,-,-,d,x,false,0,-1,0,0,,,
12027,pg_tablespace,11,10,-1,false,c,C,false,true,",",1213,0,0,record_in,record_out,record_recv,record_send,-,-,-,d,x,false,0,-1,0,0,,,
2842,pg_authid,11,10,-1,false,c,C,false,true,",",1260,0,0,record_in,record_out,record_recv,record_send,-,-,-,d,x,false,0,-1,0,0,,,
2843,pg_auth_members,11,10,-1,false,c,C,false,true,",",1261,0,0,record_in,record_out,record_recv,record_send,-,-,-,d,x,false,0,-1,0,0,,,
12028,pg_shdepend,11,10,-1,false,c,C,false,true,",",1214,0,0,record_in,record_out,record_recv,record_send,-,-,-,d,x,false,0,-1,0,0,,,
12029,pg_shdescription,11,10,-1,false,c,C,false,true,",",2396,0,0,record_in,record_out,record_recv,record_send,-,-,-,d,x,false,0,-1,0,0,,,
12030,pg_ts_config,11,10,-1,false,c,C,false,true,",",3602,0,0,record_in,record_out,record_recv,record_send,-,-,-,d,x,false,0,-1,0,0,,,
12031,pg_ts_config_map,11,10,-1,false,c,C,false,true,",",3603,0,0,record_in,record_out,record_recv,record_send,-,-,-,d,x,false,0,-1,0,0,,,
12032,pg_ts_dict,11,10,-1,false,c,C,false,true,",",3600,0,0,record_in,record_out,record_recv,record_send,-,-,-,d,x,false,0,-1,0,0,,,
12033,pg_ts_parser,11,10,-1,false,c,C,false,true,",",3601,0,0,record_in,record_out,record_recv,record_send,-,-,-,d,x,false,0,-1,0,0,,,
12034,pg_ts_template,11,10,-1,false,c,C,false,true,",",3764,0,0,record_in,record_out,record_recv,record_send,-,-,-,d,x,false,0,-1,0,0,,,
12035,pg_extension,11,10,-1,false,c,C,false,true,",",3079,0,0,record_in,record_out,record_recv,record_send,-,-,-,d,x,false,0,-1,0,0,,,
12036,pg_foreign_data_wrapper,11,10,-1,false,c,C,false,true,",",2328,0,0,record_in,record_out,record_recv,record_send,-,-,-,d,x,false,0,-1,0,0,,,
12037,pg_foreign_server,11,10,-1,false,c,C,false,true,",",1417,0,0,record_in,record_out,record_recv,record_send,-,-,-,d,x,false,0,-1,0,0,,,
12038,pg_user_mapping,11,10,-1,false,c,C,false,true,",",1418,0,0,record_in,record_out,record_recv,record_send,-,-,-,d,x,false,0,-1,0,0,,,
12039,pg_foreign_table,11,10,-1,false,c,C,false,true,",",3118,0,0,record_in,record_out,record_recv,record_send,-,-,-,d,x,false,0,-1,0,0,,,
12040,pg_policy,11,10,-1,false,c,C,false,true,",",3256,0,0,record_in,record_out,record_recv,record_send,-,-,-,d,x,false,0,-1,0,0,,,
12041,pg_replication_origin,11,10,-1,false,c,C,false,true,",",6000,0,0,record_in,record_out,record_recv,record_send,-,-,-,d,x,false,0,-1,0,0,,,
12042,pg_default_acl,11,10,-1,false,c,C,false,true,",",826,0,0,record_in,record_out,record_recv,record_send,-,-,-,d,x,false,0,-1,0,0,,,
12043,pg_init_privs,11,10,-1,false,c,C,false,true,",",3394,0,0,record_in,record_out,record_recv,record_send,-,-,-,d,x,false,0,-1,0,0,,,
12044,pg_seclabel,11,10,-1,false,c,C,false,true,",",3596,0,0,record_in,record_out,record_recv,record_send,-,-,-,d,x,false,0,-1,0,0,,,
4066,pg_shseclabel,11,10,-1,false,c,C,false,true,",",3592,0,0,record_in,record_out,record_recv,record_send,-,-,-,d,x,false,0,-1,0,0,,,
12045,pg_collation,11,10,-1,false,c,C,false,true,",",3456,0,0,record_in,record_out,record_recv,record_send,-,-,-,d,x,false,0,-1,0,0,,,
12046,pg_partitioned_table,11,10,-1,false,c,C,false,true,",",3350,0,0,record_in,record_out,record_recv,record_send,-,-,-,d,x,false,0,-1,0,0,,,
12047,pg_range,11,10,-1,false,c,C,false,true,",",3541,0,0,record_in,record_out,record_recv,record_send,-,-,-,d,x,false,0,-1,0,0,,,
12048,pg_transform,11,10,-1,false,c,C,false,true,",",3576,0,0,record_in,record_out,record_recv,record_send,-,-,-,d,x,false,0,-1,0,0,,,
12049,pg_sequence,11,10,-1,false,c,C,false,true,",",2224,0,0,record_in,record_out,record_recv,record_send,-,-,-,d,x,false,0,-1,0,0,,,
12050,pg_publication,11,10,-1,false,c,C,false,true,",",6104,0,0,record_in,record_out,record_recv,record_send,-,-,-,d,x,false,0,-1,0,0,,,
12051,pg_publication_rel,11,10,-1,false,c,C,false,true,",",6106,0,0,record_in,record_out,record_recv,record_send,-,-,-,d,x,false,0,-1,0,0,,,
6101,pg_subscription,11,10,-1,false,c,C,false,true,",",6100,0,0,record_in,record_out,record_recv,record_send,-,-,-,d,x,false,0,-1,0,0,,,
12052,pg_subscription_rel,11,10,-1,false,c,C,false,true,",",6102,0,0,record_in,record_out,record_recv,record_send,-,-,-,d,x,false,0,-1,0,0,,,
12053,pg_toast_2600,99,10,-1,false,c,C,false,true,",",4159,0,0,record_in,record_out,record_recv,record_send,-,-,-,d,x,false,0,-1,0,0,,,
12054,pg_toast_2604,99,10,-1,false,c,C,false,true,",",2830,0,0,record_in,record_out,record_recv,record_send,-,-,-,d,x,false,0,-1,0,0,,,
12055,pg_toast_3456,99,10,-1,false,c,C,false,true,",",4161,0,0,record_in,record_out,record_recv,record_send,-,-,-,d,x,false,0,-1,0,0,,,
12056,pg_toast_2606,99,10,-1,false,c,C,false,true,",",2832,0,0,record_in,record_out,record_recv,record_send,-,-,-,d,x,false,0,-1,0,0,,,
12057,pg_toast_826,99,10,-1,false,c,C,false,true,",",4143,0,0,record_in,record_out,record_recv,record_send,-,-,-,d,x,false,0,-1,0,0,,,
12058,pg_toast_2609,99,10,-1,false,c,C,false,true,",",2834,0,0,record_in,record_out,record_recv,record_send,-,-,-,d,x,false,0,-1,0,0,,,
12059,pg_toast_3466,99,10,-1,false,c,C,false,true,",",4145,0,0,record_in,record_out,record_recv,record_send,-,-,-,d,x,false,0,-1,0,0,,,
12060,pg_toast_3079,99,10,-1,false,c,C,false,true,",",4147,0,0,record_in,record_out,record_recv,record_send,-,-,-,d,x,false,0,-1,0,0,,,
12061,pg_toast_2328,99,10,-1,false,c,C,false,true,",",4149,0,0,record_in,record_out,record_recv,record_send,-,-,-,d,x,false,0,-1,0,0,,,
12062,pg_toast_1417,99,10,-1,false,c,C,false,true,",",4151,0,0,record_in,record_out,record_recv,record_send,-,-,-,d,x,false,0,-1,0,0,,,
12063,pg_toast_3118,99,10,-1,false,c,C,false,true,",",4153,0,0,record_in,record_out,record_recv,record_send,-,-,-,d,x,false,0,-1,0,0,,,
12064,pg_toast_3394,99,10,-1,false,c,C,false,true,",",4155,0,0,record_in,record_out,record_recv,record_send,-,-,-,d,x,false,0,-1,0,0,,,
12065,pg_toast_2612,99,10,-1,false,c,C,false,true,",",4157,0,0,record_in,record_out,record_recv,record_send,-,-,-,d,x,false,0,-1,0,0,,,
12066,pg_toast_2615,99,10,-1,false,c,C,false,true,",",4163,0,0,record_in,record_out,record_recv,record_send,-,-,-,d,x,false,0,-1,0,0,,,
12067,pg_toast_3350,99,10,-1,false,c,C,false,true,",",4165,0,0,record_in,record_out,record_recv,record_send,-,-,-,d,x,false,0,-1,0,0,,,
12068,pg_toast_3256,99,10,-1,false,c,C,false,true,",",4167,0,0,record_in,record_out,record_recv,record_send,-,-,-,d,x,false,0,-1,0,0,,,
12069,pg_toast_1255,99,10,-1,false,c,C,false,true,",",2836,0,0,record_in,record_out,record_recv,record_send,-,-,-,d,x,false,0,-1,0,0,,,
12070,pg_toast_2618,99,10,-1,false,c,C,false,true,",",2838,0,0,record_in,record_out,record_recv,record_send,-,-,-,d,x,false,0,-1,0,0,,,
12071,pg_toast_3596,99,10,-1,false,c,C,false,true,",",3598,0,0,record_in,record_out,record_recv,record_send,-,-,-,d,x,false,0,-1,0,0,,,
12072,pg_toast_2619,99,10,-1,false,c,C,false,true,",",2840,0,0,record_in,record_out,record_recv,record_send,-,-,-,d,x,false,0,-1,0,0,,,
12073,pg_toast_3381,99,10,-1,false,c,C,false,true,",",3439,0,0,record_in,record_out,record_recv,record_send,-,-,-,d,x,false,0,-1,0,0,,,
12074,pg_toast_3429,99,10,-1,false,c,C,false,true,",",3430,0,0,record_in,record_out,record_recv,record_send,-,-,-,d,x,false,0,-1,0,0,,,
12075,pg_toast_2620,99,10,-1,false,c,C,false,true,",",2336,0,0,record_in,record_out,record_recv,record_send,-,-,-,d,x,false,0,-1,0,0,,,
12076,pg_toast_3600,99,10,-1,false,c,C,false,true,",",4169,0,0,record_in,record_out,record_recv,record_send,-,-,-,d,x,false,0,-1,0,0,,,
12077,pg_toast_1247,99,10,-1,false,c,C,false,true,",",4171,0,0,record_in,record_out,record_recv,record_send,-,-,-,d,x,false,0,-1,0,0,,,
12078,pg_toast_1418,99,10,-1,false,c,C,false,true,",",4173,0,0,record_in,record_out,record_recv,record_send,-,-,-,d,x,false,0,-1,0,0,,,
12079,pg_toast_1260,99,10,-1,false,c,C,false,true,",",4175,0,0,record_in,record_out,record_recv,record_send,-,-,-,d,x,false,0,-1,0,0,,,
12080,pg_toast_1262,99,10,-1,false,c,C,false,true,",",4177,0,0,record_in,record_out,record_recv,record_send,-,-,-,d,x,false,0,-1,0,0,,,
12081,pg_toast_2964,99,10,-1,false,c,C,false,true,",",2966,0,0,record_in,record_out,record_recv,record_send,-,-,-,d,x,false,0,-1,0,0,,,
12082,pg_toast_6000,99,10,-1,false,c,C,false,true,",",4181,0,0,record_in,record_out,record_recv,record_send,-,-,-,d,x,false,0,-1,0,0,,,
12083,pg_toast_2396,99,10,-1,false,c,C,false,true,",",2846,0,0,record_in,record_out,record_recv,record_send,-,-,-,d,x,false,0,-1,0,0,,,
12084,pg_toast_3592,99,10,-1,false,c,C,false,true,",",4060,0,0,record_in,record_out,record_recv,record_send,-,-,-,d,x,false,0,-1,0,0,,,
12085,pg_toast_6100,99,10,-1,false,c,C,false,true,",",4183,0,0,record_in,record_out,record_recv,record_send,-,-,-,d,x,false,0,-1,0,0,,,
12086,pg_toast_1213,99,10,-1,false,c,C,false,true,",",4185,0,0,record_in,record_out,record_recv,record_send,-,-,-,d,x,false,0,-1,0,0,,,
12088,pg_roles,11,10,-1,false,c,C,false,true,",",12087,0,0,record_in,record_out,record_recv,record_send,-,-,-,d,x,false,0,-1,0,0,,,
12092,pg_shadow,11,10,-1,false,c,C,false,true,",",12091,0,0,record_in,record_out,record_recv,record_send,-,-,-,d,x,false,0,-1,0,0,,,
12096,pg_group,11,10,-1,false,c,C,false,true,",",12095,0,0,record_in,record_out,record_recv,record_send,-,-,-,d,x,false,0,-1,0,0,,,
12099,pg_user,11,10,-1,false,c,C,false,true,",",12098,0,0,record_in,record_out,record_recv,record_send,-,-,-,d,x,false,0,-1,0,0,,,
12102,pg_policies,11,10,-1,false,c,C,false,true,",",12101,0,0,record_in,record_out,record_recv,record_send,-,-,-,d,x,false,0,-1,0,0,,,
12106,pg_rules,11,10,-1,false,c,C,false,true,",",12105,0,0,record_in,record_out,record_recv,record_send,-,-,-,d,x,false,0,-1,0,0,,,
12110,pg_views,11,10,-1,false,c,C,false,true,",",12109,0,0,record_in,record_out,record_recv,record_send,-,-,-,d,x,false,0,-1,0,0,,,
12114,pg_tables,11,10,-1,false,c,C,false,true,",",12113,0,0,record_in,record_out,record_recv,record_send,-,-,-,d,x,false,0,-1,0,0,,,
12118,pg_matviews,11,10,-1,false,c,C,false,true,",",12117,0,0,record_in,record_out,record_recv,record_send,-,-,-,d,x,false,0,-1,0,0,,,
12122,pg_indexes,11,10,-1,false,c,C,false,true,",",12121,0,0,record_in,record_out,record_recv,record_send,-,-,-,d,x,false,0,-1,0,0,,,
12126,pg_sequences,11,10,-1,false,c,C,false,true,",",12125,0,0,record_in,record_out,record_recv,record_send,-,-,-,d,x,false,0,-1,0,0,,,
12130,pg_stats,11,10,-1,false,c,C,false,true,",",12129,0,0,record_in,record_out,record_recv,record_send,-,-,-,d,x,false,0,-1,0,0,,,
12134,pg_stats_ext,11,10,-1,false,c,C,false,true,",",12133,0,0,record_in,record_out,record_recv,record_send,-,-,-,d,x,false,0,-1,0,0,,,
12138,pg_publication_tables,11,10,-1,false,c,C,false,true,",",12137,0,0,record_in,record_out,record_recv,record_send,-,-,-,d,x,false,0,-1,0,0,,,
12142,pg_locks,11,10,-1,false,c,C,false,true,",",12141,0,0,record_in,record_out,record_recv,record_send,-,-,-,d,x,false,0,-1,0,0,,,
12145,pg_cursors,11,10,-1,false,c,C,false,true,",",12144,0,0,record_in,record_out,record_recv,record_send,-,-,-,d,x,false,0,-1,0,0,,,
12148,pg_available_extensions,11,10,-1,false,c,C,false,true,",",12147,0,0,record_in,record_out,record_recv,record_send,-,-,-,d,x,false,0,-1,0,0,,,
12151,pg_available_extension_versions,11,10,-1,false,c,C,false,true,",",12150,0,0,record_in,record_out,record_recv,record_send,-,-,-,d,x,false,0,-1,0,0,,,
12155,pg_prepared_xacts,11,10,-1,false,c,C,false,true,",",12154,0,0,record_in,record_out,record_recv,record_send,-,-,-,d,x,false,0,-1,0,0,,,
12159,pg_prepared_statements,11,10,-1,false,c,C,false,true,",",12158,0,0,record_in,record_out,record_recv,record_send,-,-,-,d,x,false,0,-1,0,0,,,
12162,pg_seclabels,11,10,-1,false,c,C,false,true,",",12161,0,0,record_in,record_out,record_recv,record_send,-,-,-,d,x,false,0,-1,0,0,,,
12166,pg_settings,11,10,-1,false,c,C,false,true,",",12165,0,0,record_in,record_out,record_recv,record_send,-,-,-,d,x,false,0,-1,0,0,,,
12171,pg_file_settings,11,10,-1,false,c,C,false,true,",",12170,0,0,record_in,record_out,record_recv,record_send,-,-,-,d,x,false,0,-1,0,0,,,
12174,pg_hba_file_rules,11,10,-1,false,c,C,false,true,",",12173,0,0,record_in,record_out,record_recv,record_send,-,-,-,d,x,false,0,-1,0,0,,,
12177,pg_timezone_abbrevs,11,10,-1,false,c,C,false,true,",",12176,0,0,record_in,record_out,record_recv,record_send,-,-,-,d,x,false,0,-1,0,0,,,
12180,pg_timezone_names,11,10,-1,false,c,C,false,true,",",12179,0,0,record_in,record_out,record_recv,record_send,-,-,-,d,x,false,0,-1,0,0,,,
12183,pg_config,11,10,-1,false,c,C,false,true,",",12182,0,0,record_in,record_out,record_recv,record_send,-,-,-,d,x,false,0,-1,0,0,,,
12186,pg_shmem_allocations,11,10,-1,false,c,C,false,true,",",12185,0,0,record_in,record_out,record_recv,record_send,-,-,-,d,x,false,0,-1,0,0,,,
12189,pg_stat_all_tables,11,10,-1,false,c,C,false,true,",",12188,0,0,record_in,record_out,record_recv,record_send,-,-,-,d,x,false,0,-1,0,0,,,
12193,pg_stat_xact_all_tables,11,10,-1,false,c,C,false,true,",",12192,0,0,record_in,record_out,record_recv,record_send,-,-,-,d,x,false,0,-1,0,0,,,
12197,pg_stat_sys_tables,11,10,-1,false,c,C,false,true,",",12196,0,0,record_in,record_out,record_recv,record_send,-,-,-,d,x,false,0,-1,0,0,,,
12201,pg_stat_xact_sys_tables,11,10,-1,false,c,C,false,true,",",12200,0,0,record_in,record_out,record_recv,record_send,-,-,-,d,x,false,0,-1,0,0,,,
12204,pg_stat_user_tables,11,10,-1,false,c,C,false,true,",",12203,0,0,record_in,record_out,record_recv,record_send,-,-,-,d,x,false,0,-1,0,0,,,
12208,pg_stat_xact_user_tables,11,10,-1,false,c,C,false,true,",",12207,0,0,record_in,record_out,record_recv,record_send,-,-,-,d,x,false,0,-1,0,0,,,
12211,pg_statio_all_tables,11,10,-1,false,c,C,false,true,",",12210,0,0,record_in,record_out,record_recv,record_send,-,-,-,d,x,false,0,-1,0,0,,,
12215,pg_statio_sys_tables,11,10,-1,false,c,C,false,true,",",12214,0,0,record_in,record_out,record_recv,record_send,-,-,-,d,x,false,0,-1,0,0,,,
12218,pg_statio_user_tables,11,10,-1,false,c,C,false,true,",",12217,0,0,record_in,record_out,record_recv,record_send,-,-,-,d,x,false,0,-1,0,0,,,
12221,pg_stat_all_indexes,11,10,-1,false,c,C,false,true,",",12220,0,0,record_in,record_out,record_recv,record_send,-,-,-,d,x,false,0,-1,0,0,,,
12225,pg_stat_sys_indexes,11,10,-1,false,c,C,false,true,",",12224,0,0,record_in,record_out,record_recv,record_send,-,-,-,d,x,false,0,-1,0,0,,,
12228,pg_stat_user_indexes,11,10,-1,false,c,C,false,true,",",12227,0,0,record_in,record_out,record_recv,record_send,-,-,-,d,x,false,0,-1,0,0,,,
12231,pg_statio_all_indexes,11,10,-1,false,c,C,false,true,",",12230,0,0,record_in,record_out,record_recv,record_send,-,-,-,d,x,false,0,-1,0,0,,,
12235,pg_statio_sys_indexes,11,10,-1,false,c,C,false,true,",",12234,0,0,record_in,record_out,record_recv,record_send,-,-,-,d,x,false,0,-1,0,0,,,
12238,pg_statio_user_indexes,11,10,-1,false,c,C,false,true,",",12237,0,0,record_in,record_out,record_recv,record_send,-,-,-,d,x,false,0,-1,0,0,,,
12241,pg_statio_all_sequences,11,10,-1,false,c,C,false,true,",",12240,0,0,record_in,record_out,record_recv,record_send,-,-,-,d,x,false,0,-1,0,0,,,
12245,pg_statio_sys_sequences,11,10,-1,false,c,C,false,true,",",12244,0,0,record_in,record_out,record_recv,record_send,-,-,-,d,x,false,0,-1,0,0,,,
12248,pg_statio_user_sequences,11,10,-1,false,c,C,false,true,",",12247,0,0,record_in,record_out,record_recv,record_send,-,-,-,d,x,false,0,-1,0,0,,,
12251,pg_stat_activity,11,10,-1,false,c,C,false,true,",",12250,0,0,record_in,record_out,record_recv,record_send,-,-,-,d,x,false,0,-1,0,0,,,
12255,pg_stat_replication,11,10,-1,false,c,C,false,true,",",12254,0,0,record_in,record_out,record_recv,record_send,-,-,-,d,x,false,0,-1,0,0,,,
12259,pg_stat_slru,11,10,-1,false,c,C,false,true,",",12258,0,0,record_in,record_out,record_recv,record_send,-,-,-,d,x,false,0,-1,0,0,,,
12262,pg_stat_wal_receiver,11,10,-1,false,c,C,false,true,",",12261,0,0,record_in,record_out,record_recv,record_send,-,-,-,d,x,false,0,-1,0,0,,,
12265,pg_stat_subscription,11,10,-1,false,c,C,false,true,",",12264,0,0,record_in,record_out,record_recv,record_send,-,-,-,d,x,false,0,-1,0,0,,,
12268,pg_stat_ssl,11,10,-1,false,c,C,false,true,",",12267,0,0,record_in,record_out,record_recv,record_send,-,-,-,d,x,false,0,-1,0,0,,,
12271,pg_stat_gssapi,11,10,-1,false,c,C,false,true,",",12270,0,0,record_in,record_out,record_recv,record_send,-,-,-,d,x,false,0,-1,0,0,,,
12274,pg_replication_slots,11,10,-1,false,c,C,false,true,",",12273,0,0,record_in,record_out,record_recv,record_send,-,-,-,d,x,false,0,-1,0,0,,,
12278,pg_stat_database,11,10,-1,false,c,C,false,true,",",12277,0,0,record_in,record_out,record_recv,record_send,-,-,-,d,x,false,0,-1,0,0,,,
12282,pg_stat_database_conflicts,11,10,-1,false,c,C,false,true,",",12281,0,0,record_in,record_out,record_recv,record_send,-,-,-,d,x,false,0,-1,0,0,,,
12285,pg_stat_user_functions,11,10,-1,false,c,C,false,true,",",12284,0,0,record_in,record_out,record_recv,record_send,-,-,-,d,x,false,0,-1,0,0,,,
12289,pg_stat_xact_user_functions,11,10,-1,false,c,C,false,true,",",12288,0,0,record_in,record_out,record_recv,record_send,-,-,-,d,x,false,0,-1,0,0,,,
12293,pg_stat_archiver,11,10,-1,false,c,C,false,true,",",12292,0,0,record_in,record_out,record_recv,record_send,-,-,-,d,x,false,0,-1,0,0,,,
12296,pg_stat_bgwriter,11,10,-1,false,c,C,false,true,",",12295,0,0,record_in,record_out,record_recv,record_send,-,-,-,d,x,false,0,-1,0,0,,,
12299,pg_stat_progress_analyze,11,10,-1,false,c,C,false,true,",",12298,0,0,record_in,record_out,record_recv,record_send,-,-,-,d,x,false,0,-1,0,0,,,
12303,pg_stat_progress_vacuum,11,10,-1,false,c,C,false,true,",",12302,0,0,record_in,record_out,record_recv,record_send,-,-,-,d,x,false,0,-1,0,0,,,
12307,pg_stat_progress_cluster,11,10,-1,false,c,C,false,true,",",12306,0,0,record_in,record_out,record_recv,record_send,-,-,-,d,x,false,0,-1,0,0,,,
12311,pg_stat_progress_create_index,11,10,-1,false,c,C,false,true,",",12310,0,0,record_in,record_out,record_recv,record_send,-,-,-,d,x,false,0,-1,0,0,,,
12315,pg_stat_progress_basebackup,11,10,-1,false,c,C,false,true,",",12314,0,0,record_in,record_out,record_recv,record_send,-,-,-,d,x,false,0,-1,0,0,,,
12319,pg_user_mappings,11,10,-1,false,c,C,false,true,",",12318,0,0,record_in,record_out,record_recv,record_send,-,-,-,d,x,false,0,-1,0,0,,,
12323,pg_replication_origin_status,11,10,-1,false,c,C,false,true,",",12322,0,0,record_in,record_out,record_recv,record_send,-,-,-,d,x,false,0,-1,0,0,,,
13171,cardinal_number,13158,10,4,true,d,N,false,true,",",0,0,13170,domain_in,int4out,domain_recv,int4send,-,-,-,i,p,false,23,-1,0,0,,,
13170,_cardinal_number,13158,10,-1,false,b,A,false,true,",",0,13171,0,array_in,array_out,array_recv,array_send,-,-,array_typanalyze,i,x,false,0,-1,0,0,,,
13174,character_data,13158,10,-1,false,d,S,false,true,",",0,0,13173,domain_in,varcharout,domain_recv,varcharsend,-,-,-,i,x,false,1043,-1,0,950,,,
13173,_character_data,13158,10,-1,false,b,A,false,true,",",0,13174,0,array_in,array_out,array_recv,array_send,-,-,array_typanalyze,i,x,false,0,-1,0,950,,,
13176,sql_identifier,13158,10,64,false,d,S,false,true,",",0,0,13175,domain_in,nameout,domain_recv,namesend,-,-,-,c,p,false,19,-1,0,950,,,
13175,_sql_identifier,13158,10,-1,false,b,A,false,true,",",0,13176,0,array_in,array_out,array_recv,array_send,-,-,array_typanalyze,i,x,false,0,-1,0,950,,,
13178,information_schema_catalog_name,13158,10,-1,false,c,C,false,true,",",13177,0,0,record_in,record_out,record_recv,record_send,-,-,-,d,x,false,0,-1,0,0,,,
13181,time_stamp,13158,10,8,true,d,D,false,true,",",0,0,13180,domain_in,timestamptz_out,domain_recv,timestamptz_send,-,-,-,d,p,false,1184,2,0,0,{SQLVALUEFUNCTION :op 4 :type 1184 :typmod 2 :location 105},CURRENT_TIMESTAMP(2),
13180,_time_stamp,13158,10,-1,false,b,A,false,true,",",0,13181,0,array_in,array_out,array_recv,array_send,-,-,array_typanalyze,d,x,false,0,-1,0,0,,,
13183,yes_or_no,13158,10,-1,false,d,S,false,true,",",0,0,13182,domain_in,varcharout,domain_recv,varcharsend,-,-,-,i,x,false,1043,7,0,950,,,
13182,_yes_or_no,13158,10,-1,false,b,A,false,true,",",0,13183,0,array_in,array_out,array_recv,array_send,-,-,array_typanalyze,i,x,false,0,-1,0,950,,,
13186,applicable_roles,13158,10,-1,false,c,C,false,true,",",13185,0,0,record_in,record_out,record_recv,record_send,-,-,-,d,x,false,0,-1,0,0,,,
13190,administrable_role_authorizations,13158,10,-1,false,c,C,false,true,",",13189,0,0,record_in,record_out,record_recv,record_send,-,-,-,d,x,false,0,-1,0,0,,,
13193,attributes,13158,10,-1,false,c,C,false,true,",",13192,0,0,record_in,record_out,record_recv,record_send,-,-,-,d,x,false,0,-1,0,0,,,
13197,character_sets,13158,10,-1,false,c,C,false,true,",",13196,0,0,record_in,record_out,record_recv,record_send,-,-,-,d,x,false,0,-1,0,0,,,
13201,check_constraint_routine_usage,13158,10,-1,false,c,C,false,true,",",13200,0,0,record_in,record_out,record_recv,record_send,-,-,-,d,x,false,0,-1,0,0,,,
13205,check_constraints,13158,10,-1,false,c,C,false,true,",",13204,0,0,record_in,record_out,record_recv,record_send,-,-,-,d,x,false,0,-1,0,0,,,
13209,collations,13158,10,-1,false,c,C,false,true,",",13208,0,0,record_in,record_out,record_recv,record_send,-,-,-,d,x,false,0,-1,0,0,,,
13213,collation_character_set_applicability,13158,10,-1,false,c,C,false,true,",",13212,0,0,record_in,record_out,record_recv,record_send,-,-,-,d,x,false,0,-1,0,0,,,
13217,column_column_usage,13158,10,-1,false,c,C,false,true,",",13216,0,0,record_in,record_out,record_recv,record_send,-,-,-,d,x,false,0,-1,0,0,,,
13221,column_domain_usage,13158,10,-1,false,c,C,false,true,",",13220,0,0,record_in,record_out,record_recv,record_send,-,-,-,d,x,false,0,-1,0,0,,,
13225,column_privileges,13158,10,-1,false,c,C,false,true,",",13224,0,0,record_in,record_out,record_recv,record_send,-,-,-,d,x,false,0,-1,0,0,,,
13229,column_udt_usage,13158,10,-1,false,c,C,false,true,",",13228,0,0,record_in,record_out,record_recv,record_send,-,-,-,d,x,false,0,-1,0,0,,,
13233,columns,13158,10,-1,false,c,C,false,true,",",13232,0,0,record_in,record_out,record_recv,record_send,-,-,-,d,x,false,0,-1,0,0,,,
13237,constraint_column_usage,13158,10,-1,false,c,C,false,true,",",13236,0,0,record_in,record_out,record_recv,record_send,-,-,-,d,x,false,0,-1,0,0,,,
13241,constraint_table_usage,13158,10,-1,false,c,C,false,true,",",13240,0,0,record_in,record_out,record_recv,record_send,-,-,-,d,x,false,0,-1,0,0,,,
13245,domain_constraints,13158,10,-1,false,c,C,false,true,",",13244,0,0,record_in,record_out,record_recv,record_send,-,-,-,d,x,false,0,-1,0,0,,,
13249,domain_udt_usage,13158,10,-1,false,c,C,false,true,",",13248,0,0,record_in,record_out,record_recv,record_send,-,-,-,d,x,false,0,-1,0,0,,,
13253,domains,13158,10,-1,false,c,C,false,true,",",13252,0,0,record_in,record_out,record_recv,record_send,-,-,-,d,x,false,0,-1,0,0,,,
13257,enabled_roles,13158,10,-1,false,c,C,false,true,",",13256,0,0,record_in,record_out,record_recv,record_send,-,-,-,d,x,false,0,-1,0,0,,,
13260,key_column_usage,13158,10,-1,false,c,C,false,true,",",13259,0,0,record_in,record_out,record_recv,record_send,-,-,-,d,x,false,0,-1,0,0,,,
13264,parameters,13158,10,-1,false,c,C,false,true,",",13263,0,0,record_in,record_out,record_recv,record_send,-,-,-,d,x,false,0,-1,0,0,,,
13268,referential_constraints,13158,10,-1,false,c,C,false,true,",",13267,0,0,record_in,record_out,record_recv,record_send,-,-,-,d,x,false,0,-1,0,0,,,
13272,role_column_grants,13158,10,-1,false,c,C,false,true,",",13271,0,0,record_in,record_out,record_recv,record_send,-,-,-,d,x,false,0,-1,0,0,,,
13275,routine_privileges,13158,10,-1,false,c,C,false,true,",",13274,0,0,record_in,record_out,record_recv,record_send,-,-,-,d,x,false,0,-1,0,0,,,
13279,role_routine_grants,13158,10,-1,false,c,C,false,true,",",13278,0,0,record_in,record_out,record_recv,record_send,-,-,-,d,x,false,0,-1,0,0,,,
13282,routines,13158,10,-1,false,c,C,false,true,",",13281,0,0,record_in,record_out,record_recv,record_send,-,-,-,d,x,false,0,-1,0,0,,,
13286,schemata,13158,10,-1,false,c,C,false,true,",",13285,0,0,record_in,record_out,record_recv,record_send,-,-,-,d,x,false,0,-1,0,0,,,
13289,sequences,13158,10,-1,false,c,C,false,true,",",13288,0,0,record_in,record_out,record_recv,record_send,-,-,-,d,x,false,0,-1,0,0,,,
13293,sql_features,13158,10,-1,false,c,C,false,true,",",13292,0,0,record_in,record_out,record_recv,record_send,-,-,-,d,x,false,0,-1,0,0,,,
13295,pg_toast_13292,99,10,-1,false,c,C,false,true,",",13294,0,0,record_in,record_out,record_recv,record_send,-,-,-,d,x,false,0,-1,0,0,,,
13298,sql_implementation_info,13158,10,-1,false,c,C,false,true,",",13297,0,0,record_in,record_out,record_recv,record_send,-,-,-,d,x,false,0,-1,0,0,,,
13300,pg_toast_13297,99,10,-1,false,c,C,false,true,",",13299,0,0,record_in,record_out,record_recv,record_send,-,-,-,d,x,false,0,-1,0,0,,,
13303,sql_parts,13158,10,-1,false,c,C,false,true,",",13302,0,0,record_in,record_out,record_recv,record_send,-,-,-,d,x,false,0,-1,0,0,,,
13305,pg_toast_13302,99,10,-1,false,c,C,false,true,",",13304,0,0,record_in,record_out,record_recv,record_send,-,-,-,d,x,false,0,-1,0,0,,,
13308,sql_sizing,13158,10,-1,false,c,C,false,true,",",13307,0,0,record_in,record_out,record_recv,record_send,-,-,-,d,x,false,0,-1,0,0,,,
13310,pg_toast_13307,99,10,-1,false,c,C,false,true,",",13309,0,0,record_in,record_out,record_recv,record_send,-,-,-,d,x,false,0,-1,0,0,,,
13313,table_constraints,13158,10,-1,false,c,C,false,true,",",13312,0,0,record_in,record_out,record_recv,record_send,-,-,-,d,x,false,0,-1,0,0,,,
13317,table_privileges,13158,10,-1,false,c,C,false,true,",",13316,0,0,record_in,record_out,record_recv,record_send,-,-,-,d,x,false,0,-1,0,0,,,
13321,role_table_grants,13158,10,-1,false,c,C,false,true,",",13320,0,0,record_in,record_out,record_recv,record_send,-,-,-,d,x,false,0,-1,0,0,,,
13324,tables,13158,10,-1,false,c,C,false,true,",",13323,0,0,record_in,record_out,record_recv,record_send,-,-,-,d,x,false,0,-1,0,0,,,
13328,transforms,13158,10,-1,false,c,C,false,true,",",13327,0,0,record_in,record_out,record_recv,record_send,-,-,-,d,x,false,0,-1,0,0,,,
13332,triggered_update_columns,13158,10,-1,false,c,C,false,true,",",13331,0,0,record_in,record_out,record_recv,record_send,-,-,-,d,x,false,0,-1,0,0,,,
13336,triggers,13158,10,-1,false,c,C,false,true,",",13335,0,0,record_in,record_out,record_recv,record_send,-,-,-,d,x,false,0,-1,0,0,,,
13340,udt_privileges,13158,10,-1,false,c,C,false,true,",",13339,0,0,record_in,record_out,record_recv,record_send,-,-,-,d,x,false,0,-1,0,0,,,
13344,role_udt_grants,13158,10,-1,false,c,C,false,true,",",13343,0,0,record_in,record_out,record_recv,record_send,-,-,-,d,x,false,0,-1,0,0,,,
13347,usage_privileges,13158,10,-1,false,c,C,false,true,",",13346,0,0,record_in,record_out,record_recv,record_send,-,-,-,d,x,false,0,-1,0,0,,,
13351,role_usage_grants,13158,10,-1,false,c,C,false,true,",",13350,0,0,record_in,record_out,record_recv,record_send,-,-,-,d,x,false,0,-1,0,0,,,
13354,user_defined_types,13158,10,-1,false,c,C,false,true,",",13353,0,0,record_in,record_out,record_recv,record_send,-,-,-,d,x,false,0,-1,0,0,,,
13358,view_column_usage,13158,10,-1,false,c,C,false,true,",",13357,0,0,record_in,record_out,record_recv,record_send,-,-,-,d,x,false,0,-1,0,0,,,
13362,view_routine_usage,13158,10,-1,false,c,C,false,true,",",13361,0,0,record_in,record_out,record_recv,record_send,-,-,-,d,x,false,0,-1,0,0,,,
13366,view_table_usage,13158,10,-1,false,c,C,false,true,",",13365,0,0,record_in,record_out,record_recv,record_send,-,-,-,d,x,false,0,-1,0,0,,,
13370,views,13158,10,-1,false,c,C,false,true,",",13369,0,0,record_in,record_out,record_recv,record_send,-,-,-,d,x,false,0,-1,0,0,,,
13374,data_type_privileges,13158,10,-1,false,c,C,false,true,",",13373,0,0,record_in,record_out,record_recv,record_send,-,-,-,d,x,false,0,-1,0,0,,,
13378,element_types,13158,10,-1,false,c,C,false,true,",",13377,0,0,record_in,record_out,record_recv,record_send,-,-,-,d,x,false,0,-1,0,0,,,
13382,_pg_foreign_table_columns,13158,10,-1,false,c,C,false,true,",",13381,0,0,record_in,record_out,record_recv,record_send,-,-,-,d,x,false,0,-1,0,0,,,
13386,column_options,13158,10,-1,false,c,C,false,true,",",13385,0,0,record_in,record_out,record_recv,record_send,-,-,-,d,x,false,0,-1,0,0,,,
13389,_pg_foreign_data_wrappers,13158,10,-1,false,c,C,false,true,",",13388,0,0,record_in,record_out,record_recv,record_send,-,-,-,d,x,false,0,-1,0,0,,,
13392,foreign_data_wrapper_options,13158,10,-1,false,c,C,false,true,",",13391,0,0,record_in,record_out,record_recv,record_send,-,-,-,d,x,false,0,-1,0,0,,,
13395,foreign_data_wrappers,13158,10,-1,false,c,C,false,true,",",13394,0,0,record_in,record_out,record_recv,record_send,-,-,-,d,x,false,0,-1,0,0,,,
13398,_pg_foreign_servers,13158,10,-1,false,c,C,false,true,",",13397,0,0,record_in,record_out,record_recv,record_send,-,-,-,d,x,false,0,-1,0,0,,,
13402,foreign_server_options,13158,10,-1,false,c,C,false,true,",",13401,0,0,record_in,record_out,record_recv,record_send,-,-,-,d,x,false,0,-1,0,0,,,
13405,foreign_servers,13158,10,-1,false,c,C,false,true,",",13404,0,0,record_in,record_out,record_recv,record_send,-,-,-,d,x,false,0,-1,0,0,,,
13408,_pg_foreign_tables,13158,10,-1,false,c,C,false,true,",",13407,0,0,record_in,record_out,record_recv,record_send,-,-,-,d,x,false,0,-1,0,0,,,
13412,foreign_table_options,13158,10,-1,false,c,C,false,true,",",13411,0,0,record_in,record_out,record_recv,record_send,-,-,-,d,x,false,0,-1,0,0,,,
13415,foreign_tables,13158,10,-1,false,c,C,false,true,",",13414,0,0,record_in,record_out,record_recv,record_send,-,-,-,d,x,false,0,-1,0,0,,,
13418,_pg_user_mappings,13158,10,-1,false,c,C,false,true,",",13417,0,0,record_in,record_out,record_recv,record_send,-,-,-,d,x,false,0,-1,0,0,,,
13422,user_mapping_options,13158,10,-1,false,c,C,false,true,",",13421,0,0,record_in,record_out,record_recv,record_send,-,-,-,d,x,false,0,-1,0,0,,,
13426,user_mappings,13158,10,-1,false,c,C,false,true,",",13425,0,0,record_in,record_out,record_recv,record_send,-,-,-,d,x,false,0,-1,0,0,,,
16740,todolist,2200,16397,-1,false,c,C,false,true,",",16738,0,16739,record_in,record_out,record_recv,record_send,-,-,-,d,x,false,0,-1,0,0,,,
16739,_todolist,2200,16397,-1,false,b,A,false,true,",",0,16740,0,array_in,array_out,array_recv,array_send,-,-,array_typanalyze,d,x,false,0,-1,0,0,,,
16742,todolist_id_seq,2200,16397,-1,false,c,C,false,true,",",16741,0,0,record_in,record_out,record_recv,record_send,-,-,-,d,x,false,0,-1,0,0,,,
16751,pg_toast_16738,99,16397,-1,false,c,C,false,true,",",16750,0,0,record_in,record_out,record_recv,record_send,-,-,-,d,x,false,0,-1,0,0,,,
