,,8244,,10,postgres,"",,,,2020-12-20 13:01:21.468411,,,,Activity,LogicalLauncherMain,,,,"",logical replication launcher
,,6756,,,,"",,,,2020-12-20 13:01:21.451202,,,,Activity,AutoVacuumMain,,,,"",autovacuum launcher
16737,todo,2784,,16397,mohit,PostgreSQL JDBC Driver,127.0.0.1,,55225,2020-12-20 16:18:39.324296,,2020-12-20 16:19:59.624750,2020-12-20 16:19:59.624770,Client,ClientRead,idle,,,SHOW TRANSACTION ISOLATION LEVEL,client backend
16737,todo,2764,,16397,mohit,PostgreSQL JDBC Driver,127.0.0.1,,55572,2020-12-20 16:49:15.889800,2020-12-20 16:49:16.015432,2020-12-20 16:49:16.018954,2020-12-20 16:49:16.018954,,,active,,821,SELECT t.* FROM pg_catalog.pg_stat_activity t,client backend
16737,todo,12564,,16397,mohit,PostgreSQL JDBC Driver,127.0.0.1,,54007,2020-12-20 13:06:04.446065,,2020-12-20 13:07:43.804621,2020-12-20 13:07:43.804640,Client,ClientRead,idle,,,SHOW TRANSACTION ISOLATION LEVEL,client backend
16737,todo,9416,,16397,mohit,PostgreSQL JDBC Driver,127.0.0.1,,54038,2020-12-20 13:07:46.267291,,2020-12-20 16:43:23.071268,2020-12-20 16:43:23.071288,Client,ClientRead,idle,,,SHOW TRANSACTION ISOLATION LEVEL,client backend
,,4092,,,,"",,,,2020-12-20 13:01:21.442973,,,,Activity,BgWriterHibernate,,,,"",background writer
,,10400,,,,"",,,,2020-12-20 13:01:21.429971,,,,Activity,CheckpointerMain,,,,"",checkpointer
,,12804,,,,"",,,,2020-12-20 13:01:21.444009,,,,Activity,WalWriterMain,,,,"",walwriter
