Buffer IO Locks,140644096,524288,524288
Buffer Descriptors,5377792,1048576,1048576
Backend SSL Status Buffer,146569600,42312,42368
Async Queue Control,147103872,2492,2560
Wal Sender Ctl,147097472,1040,1152
AutoVacuum Data,147088896,5368,5376
PROCLOCK hash,143119488,2624,2688
FinishedSerializableTransactions,146080128,16,128
XLOG Ctl,37504,4208288,4208384
Shared MultiXact State,5376640,1028,1152
Proc Header,146214016,104,128
Backend Client Host Name Buffer,146429184,8256,8320
ReplicationSlot Ctl,147094272,2480,2560
CommitTs,4775424,133568,133632
KnownAssignedXids,146326400,31720,31744
Prepared Transaction Table,146611968,16,128
BTree Vacuum State,147101568,1476,1536
Checkpoint BufferIds,141168384,327680,327680
Wal Receiver Ctl,147098624,2248,2304
PREDICATELOCKTARGET hash,143818624,2624,2688
Backend Status Array,146366080,54696,54784
KnownAssignedXidsValid,146358144,7930,7936
Shared Buffer Lookup Table,141496064,2624,2688
CommitTs shared,4909056,32,128
Backend Application Name Buffer,146420864,8256,8320
ProcSignal,146687232,8264,8320
Logical Replication Launcher Data,147100928,424,512
MultiXactMember,5243008,133568,133632
Buffer Blocks,6426368,134217728,134217728
Proc Array,146325760,528,640
OldSnapshotControlData,147101440,68,128
PMSignalState,146686208,1020,1024
PREDICATELOCK hash,144263680,2624,2688
PredXactList,145523840,88,128
Notify,147106432,66816,66816
Fast Path Strong Relation Lock Data,143814400,4100,4224
RWConflictPool,145787136,24,128
Xact,4246272,529152,529152
Buffer Strategy Status,142424448,28,128
Serial,146080256,133568,133632
SerialControlData,146213888,12,128
shmInvalBuffer,146616704,69464,69504
Subtrans,4909184,267008,267008
Sync Scan Locations List,147103104,656,768
Control File,4245888,296,384
ReplicationOriginState,147096832,568,640
SERIALIZABLEXID hash,145729024,2624,2688
Backend Activity Buffer,146437504,132096,132096
Background Worker Data,146612096,4496,4608
MultiXactOffset,5176192,66816,66816
LOCK hash,142424576,2624,2688
Checkpointer Data,146695552,393280,393344
<anonymous>,,4722304,4722304
,147183104,1919488,1919488
