2830,pg_toast,pg_toast_2604,0,0,0,0,0,0,0,0
826,pg_catalog,pg_default_acl,0,0,0,0,0,0,0,0
3501,pg_catalog,pg_enum,0,0,0,0,0,0,0,0
2224,pg_catalog,pg_sequence,0,0,0,0,0,0,0,0
4157,pg_toast,pg_toast_2612,0,0,0,0,0,0,0,0
4155,pg_toast,pg_toast_3394,0,0,0,0,0,0,0,0
3118,pg_catalog,pg_foreign_table,0,0,0,0,0,0,0,0
1417,pg_catalog,pg_foreign_server,0,0,0,0,0,0,0,0
2616,pg_catalog,pg_opclass,0,0,4,46,0,0,0,0
2600,pg_catalog,pg_aggregate,0,0,1,1,0,0,0,0
1247,pg_catalog,pg_type,0,0,53,52,0,0,0,0
4181,pg_toast,pg_toast_6000,0,0,0,0,0,0,0,0
13299,pg_toast,pg_toast_13297,0,0,0,0,0,0,0,0
3256,pg_catalog,pg_policy,0,0,0,0,0,0,0,0
4147,pg_toast,pg_toast_3079,0,0,0,0,0,0,0,0
6104,pg_catalog,pg_publication,0,0,0,0,0,0,0,0
3601,pg_catalog,pg_ts_parser,0,0,0,0,0,0,0,0
2964,pg_catalog,pg_db_role_setting,0,0,0,0,0,0,0,0
2328,pg_catalog,pg_foreign_data_wrapper,0,0,0,0,0,0,0,0
2613,pg_catalog,pg_largeobject,0,0,0,0,0,0,0,0
2753,pg_catalog,pg_opfamily,0,0,0,0,0,0,0,0
2396,pg_catalog,pg_shdescription,0,0,0,0,0,0,0,0
16738,public,todolist,0,0,0,0,0,0,0,0
13304,pg_toast,pg_toast_13302,0,0,0,0,0,0,0,0
2606,pg_catalog,pg_constraint,0,0,1,0,0,0,0,0
4173,pg_toast,pg_toast_1418,0,0,0,0,0,0,0,0
13297,information_schema,sql_implementation_info,0,0,,,0,0,0,0
3602,pg_catalog,pg_ts_config,0,0,0,0,0,0,0,0
3394,pg_catalog,pg_init_privs,0,0,0,0,0,0,0,0
2602,pg_catalog,pg_amop,0,0,10,16,0,0,0,0
16750,pg_toast,pg_toast_16738,0,0,0,0,0,0,0,0
2838,pg_toast,pg_toast_2618,0,0,1,3,0,0,0,0
2615,pg_catalog,pg_namespace,1,4,6,3,0,0,0,0
4165,pg_toast,pg_toast_3350,0,0,0,0,0,0,0,0
2840,pg_toast,pg_toast_2619,0,0,0,0,0,0,0,0
3598,pg_toast,pg_toast_3596,0,0,0,0,0,0,0,0
13307,information_schema,sql_sizing,0,0,,,0,0,0,0
2966,pg_toast,pg_toast_2964,0,0,0,0,0,0,0,0
3541,pg_catalog,pg_range,0,0,0,0,0,0,0,0
1214,pg_catalog,pg_shdepend,0,0,0,0,0,0,0,0
3600,pg_catalog,pg_ts_dict,0,0,0,0,0,0,0,0
3764,pg_catalog,pg_ts_template,0,0,0,0,0,0,0,0
1255,pg_catalog,pg_proc,0,0,20,20,0,0,0,0
2610,pg_catalog,pg_index,1,157,12,16,0,0,0,0
1213,pg_catalog,pg_tablespace,0,0,1,1,0,0,0,0
1262,pg_catalog,pg_database,0,0,0,0,0,0,0,0
1259,pg_catalog,pg_class,1,392,14,14,0,0,0,0
3430,pg_toast,pg_toast_3429,0,0,0,0,0,0,0,0
2617,pg_catalog,pg_operator,0,0,8,68,0,0,0,0
2603,pg_catalog,pg_amproc,0,0,4,9,0,0,0,0
2336,pg_toast,pg_toast_2620,0,0,0,0,0,0,0,0
3429,pg_catalog,pg_statistic_ext_data,0,0,0,0,0,0,0,0
2609,pg_catalog,pg_description,0,0,0,0,0,0,0,0
3576,pg_catalog,pg_transform,0,0,0,0,0,0,0,0
2601,pg_catalog,pg_am,0,0,0,0,0,0,0,0
4167,pg_toast,pg_toast_3256,0,0,0,0,0,0,0,0
1249,pg_catalog,pg_attribute,0,0,73,89,0,0,0,0
2611,pg_catalog,pg_inherits,0,0,0,0,0,0,0,0
3381,pg_catalog,pg_statistic_ext,0,0,4,0,0,0,0,0
2607,pg_catalog,pg_conversion,0,0,0,0,0,0,0,0
4163,pg_toast,pg_toast_2615,0,0,0,0,0,0,0,0
4143,pg_toast,pg_toast_826,0,0,0,0,0,0,0,0
2832,pg_toast,pg_toast_2606,0,0,0,0,0,0,0,0
2834,pg_toast,pg_toast_2609,0,0,0,0,0,0,0,0
4161,pg_toast,pg_toast_3456,0,0,0,0,0,0,0,0
1418,pg_catalog,pg_user_mapping,0,0,0,0,0,0,0,0
2836,pg_toast,pg_toast_1255,0,0,0,0,0,0,0,0
6106,pg_catalog,pg_publication_rel,0,0,0,0,0,0,0,0
2846,pg_toast,pg_toast_2396,0,0,0,0,0,0,0,0
6000,pg_catalog,pg_replication_origin,0,0,0,0,0,0,0,0
3456,pg_catalog,pg_collation,0,0,0,0,0,0,0,0
4145,pg_toast,pg_toast_3466,0,0,0,0,0,0,0,0
2605,pg_catalog,pg_cast,0,0,47,4,0,0,0,0
2619,pg_catalog,pg_statistic,0,0,11,11,0,0,0,0
13294,pg_toast,pg_toast_13292,0,0,0,0,0,0,0,0
2995,pg_catalog,pg_largeobject_metadata,0,0,0,0,0,0,0,0
4183,pg_toast,pg_toast_6100,0,0,0,0,0,0,0,0
3350,pg_catalog,pg_partitioned_table,0,0,0,0,0,0,0,0
4177,pg_toast,pg_toast_1262,0,0,0,0,0,0,0,0
3439,pg_toast,pg_toast_3381,0,0,0,0,0,0,0,0
4153,pg_toast,pg_toast_3118,0,0,0,0,0,0,0,0
13309,pg_toast,pg_toast_13307,0,0,0,0,0,0,0,0
2612,pg_catalog,pg_language,0,0,0,0,0,0,0,0
13302,information_schema,sql_parts,0,0,,,0,0,0,0
3466,pg_catalog,pg_event_trigger,0,0,0,0,0,0,0,0
2620,pg_catalog,pg_trigger,0,0,0,0,0,0,0,0
4185,pg_toast,pg_toast_1213,0,0,0,0,0,0,0,0
4175,pg_toast,pg_toast_1260,0,0,0,0,0,0,0,0
6102,pg_catalog,pg_subscription_rel,0,0,0,0,0,0,0,0
4169,pg_toast,pg_toast_3600,0,0,0,0,0,0,0,0
2618,pg_catalog,pg_rewrite,0,0,1,1,0,0,0,0
4060,pg_toast,pg_toast_3592,0,0,0,0,0,0,0,0
4149,pg_toast,pg_toast_2328,0,0,0,0,0,0,0,0
6100,pg_catalog,pg_subscription,0,0,0,0,0,0,0,0
2608,pg_catalog,pg_depend,0,0,0,0,0,0,0,0
1260,pg_catalog,pg_authid,0,0,1,1,0,0,0,0
3596,pg_catalog,pg_seclabel,0,0,0,0,0,0,0,0
2604,pg_catalog,pg_attrdef,0,0,0,0,0,0,0,0
1261,pg_catalog,pg_auth_members,0,0,0,0,0,0,0,0
4159,pg_toast,pg_toast_2600,0,0,0,0,0,0,0,0
4171,pg_toast,pg_toast_1247,0,0,0,0,0,0,0,0
4151,pg_toast,pg_toast_1417,0,0,0,0,0,0,0,0
13292,information_schema,sql_features,0,0,,,0,0,0,0
3592,pg_catalog,pg_shseclabel,0,0,0,0,0,0,0,0
3603,pg_catalog,pg_ts_config_map,0,0,0,0,0,0,0,0
3079,pg_catalog,pg_extension,0,0,0,0,0,0,0,0
