todo,information_schema,_pg_user_mappings,todo,information_schema,_pg_foreign_servers
todo,information_schema,administrable_role_authorizations,todo,information_schema,applicable_roles
todo,information_schema,column_options,todo,information_schema,_pg_foreign_table_columns
todo,information_schema,data_type_privileges,todo,information_schema,attributes
todo,information_schema,data_type_privileges,todo,information_schema,columns
todo,information_schema,data_type_privileges,todo,information_schema,domains
todo,information_schema,data_type_privileges,todo,information_schema,parameters
todo,information_schema,data_type_privileges,todo,information_schema,routines
todo,information_schema,element_types,todo,information_schema,data_type_privileges
todo,information_schema,foreign_data_wrapper_options,todo,information_schema,_pg_foreign_data_wrappers
todo,information_schema,foreign_data_wrappers,todo,information_schema,_pg_foreign_data_wrappers
todo,information_schema,foreign_server_options,todo,information_schema,_pg_foreign_servers
todo,information_schema,foreign_servers,todo,information_schema,_pg_foreign_servers
todo,information_schema,foreign_table_options,todo,information_schema,_pg_foreign_tables
todo,information_schema,foreign_tables,todo,information_schema,_pg_foreign_tables
todo,information_schema,role_column_grants,todo,information_schema,column_privileges
todo,information_schema,role_column_grants,todo,information_schema,enabled_roles
todo,information_schema,role_routine_grants,todo,information_schema,enabled_roles
todo,information_schema,role_routine_grants,todo,information_schema,routine_privileges
todo,information_schema,role_table_grants,todo,information_schema,enabled_roles
todo,information_schema,role_table_grants,todo,information_schema,table_privileges
todo,information_schema,role_udt_grants,todo,information_schema,enabled_roles
todo,information_schema,role_udt_grants,todo,information_schema,udt_privileges
todo,information_schema,role_usage_grants,todo,information_schema,enabled_roles
todo,information_schema,role_usage_grants,todo,information_schema,usage_privileges
todo,information_schema,user_mapping_options,todo,information_schema,_pg_user_mappings
todo,information_schema,user_mappings,todo,information_schema,_pg_user_mappings
todo,pg_catalog,pg_stat_sys_indexes,todo,pg_catalog,pg_stat_all_indexes
todo,pg_catalog,pg_stat_sys_tables,todo,pg_catalog,pg_stat_all_tables
todo,pg_catalog,pg_stat_user_indexes,todo,pg_catalog,pg_stat_all_indexes
todo,pg_catalog,pg_stat_user_tables,todo,pg_catalog,pg_stat_all_tables
todo,pg_catalog,pg_stat_xact_sys_tables,todo,pg_catalog,pg_stat_xact_all_tables
todo,pg_catalog,pg_stat_xact_user_tables,todo,pg_catalog,pg_stat_xact_all_tables
todo,pg_catalog,pg_statio_sys_indexes,todo,pg_catalog,pg_statio_all_indexes
todo,pg_catalog,pg_statio_sys_sequences,todo,pg_catalog,pg_statio_all_sequences
todo,pg_catalog,pg_statio_sys_tables,todo,pg_catalog,pg_statio_all_tables
todo,pg_catalog,pg_statio_user_indexes,todo,pg_catalog,pg_statio_all_indexes
todo,pg_catalog,pg_statio_user_sequences,todo,pg_catalog,pg_statio_all_sequences
todo,pg_catalog,pg_statio_user_tables,todo,pg_catalog,pg_statio_all_tables
todo,pg_catalog,pg_user,todo,pg_catalog,pg_shadow
