13309,pg_toast,pg_toast_13307,0,0,0,0,,,,
3381,pg_catalog,pg_statistic_ext,0,0,3,2996,0,0,0,0
2603,pg_catalog,pg_amproc,4,1566,4,3578,,,,
4165,pg_toast,pg_toast_3350,0,0,0,0,,,,
1214,pg_catalog,pg_shdepend,10,132,12,135,,,,
2611,pg_catalog,pg_inherits,0,0,2,1622,,,,
2609,pg_catalog,pg_description,43,3221,19,5226,0,0,0,0
4177,pg_toast,pg_toast_1262,0,0,0,0,,,,
3439,pg_toast,pg_toast_3381,0,0,0,0,,,,
2846,pg_toast,pg_toast_2396,0,0,0,0,,,,
2966,pg_toast,pg_toast_2964,0,0,0,0,,,,
13292,information_schema,sql_features,8,0,,,0,0,0,0
2601,pg_catalog,pg_am,1,505,2,28,,,,
3592,pg_catalog,pg_shseclabel,0,0,3,468,0,0,0,0
826,pg_catalog,pg_default_acl,0,0,2,38,0,0,0,0
13299,pg_toast,pg_toast_13297,0,0,0,0,,,,
2606,pg_catalog,pg_constraint,5,372,10,507,0,0,0,0
4185,pg_toast,pg_toast_1213,0,0,0,0,,,,
3394,pg_catalog,pg_init_privs,2,0,2,3,0,0,0,0
2224,pg_catalog,pg_sequence,1,12,2,55,,,,
4153,pg_toast,pg_toast_3118,0,0,0,0,,,,
2396,pg_catalog,pg_shdescription,3,363,4,49,0,0,0,0
3466,pg_catalog,pg_event_trigger,0,0,2,11,0,0,0,0
13307,information_schema,sql_sizing,1,0,,,0,0,0,0
4171,pg_toast,pg_toast_1247,0,0,0,0,,,,
1260,pg_catalog,pg_authid,9,17212,12,19850,0,0,0,0
1417,pg_catalog,pg_foreign_server,0,0,2,112,0,0,0,0
3501,pg_catalog,pg_enum,0,0,3,91,,,,
1262,pg_catalog,pg_database,6,200521,12,242762,0,0,0,0
2613,pg_catalog,pg_largeobject,0,0,1,0,,,,
2605,pg_catalog,pg_cast,2,1701,3,16469,,,,
6100,pg_catalog,pg_subscription,0,0,6,246,0,0,0,0
6104,pg_catalog,pg_publication,0,0,2,4,,,,
13302,information_schema,sql_parts,1,0,,,0,0,0,0
13304,pg_toast,pg_toast_13302,0,0,0,0,,,,
16750,pg_toast,pg_toast_16738,0,0,0,0,,,,
2617,pg_catalog,pg_operator,15,13812,10,9538,,,,
3079,pg_catalog,pg_extension,1,25,2,34,0,0,0,0
4181,pg_toast,pg_toast_6000,0,0,0,0,,,,
3118,pg_catalog,pg_foreign_table,0,0,1,33,0,0,0,0
4149,pg_toast,pg_toast_2328,0,0,0,0,,,,
4151,pg_toast,pg_toast_1417,0,0,0,0,,,,
4155,pg_toast,pg_toast_3394,0,0,0,0,,,,
4060,pg_toast,pg_toast_3592,0,0,0,0,,,,
2619,pg_catalog,pg_statistic,18,5440,2,7809,3,254,2,446
13297,information_schema,sql_implementation_info,1,0,,,0,0,0,0
2834,pg_toast,pg_toast_2609,0,0,0,0,,,,
2964,pg_catalog,pg_db_role_setting,0,0,3,339359,0,0,0,0
2838,pg_toast,pg_toast_2618,60,4089,2,2610,,,,
1247,pg_catalog,pg_type,14,14601,9,27324,0,0,0,0
3598,pg_toast,pg_toast_3596,0,0,0,0,,,,
3601,pg_catalog,pg_ts_parser,1,0,2,2,,,,
4157,pg_toast,pg_toast_2612,0,0,0,0,,,,
4159,pg_toast,pg_toast_2600,0,0,0,0,,,,
4173,pg_toast,pg_toast_1418,0,0,0,0,,,,
2602,pg_catalog,pg_amop,6,7989,9,10933,,,,
6000,pg_catalog,pg_replication_origin,0,0,2,0,0,0,0,0
1255,pg_catalog,pg_proc,82,27948,42,35186,0,0,0,0
2840,pg_toast,pg_toast_2619,3,254,2,446,,,,
1259,pg_catalog,pg_class,17,29854,13,23251,,,,
16738,public,todolist,1,43,4,62,0,0,0,0
4143,pg_toast,pg_toast_826,0,0,0,0,,,,
4167,pg_toast,pg_toast_3256,0,0,0,0,,,,
2832,pg_toast,pg_toast_2606,0,0,0,0,,,,
2836,pg_toast,pg_toast_1255,0,0,0,0,,,,
3429,pg_catalog,pg_statistic_ext_data,0,0,1,0,0,0,0,0
2615,pg_catalog,pg_namespace,2,22138,4,6327,0,0,0,0
2618,pg_catalog,pg_rewrite,13,4162,4,4005,60,4089,2,2610
3764,pg_catalog,pg_ts_template,2,7,3,9,,,,
1213,pg_catalog,pg_tablespace,5,875,9,932,0,0,0,0
4183,pg_toast,pg_toast_6100,0,0,0,0,,,,
6106,pg_catalog,pg_publication_rel,0,0,2,0,,,,
2600,pg_catalog,pg_aggregate,3,83,2,71,0,0,0,0
3256,pg_catalog,pg_policy,0,0,2,10,0,0,0,0
3576,pg_catalog,pg_transform,0,0,2,4,,,,
6102,pg_catalog,pg_subscription_rel,0,0,1,0,,,,
3350,pg_catalog,pg_partitioned_table,0,0,1,782,0,0,0,0
3541,pg_catalog,pg_range,1,0,2,121,,,,
2608,pg_catalog,pg_depend,61,1781,24,2552,,,,
3600,pg_catalog,pg_ts_dict,2,7,3,9,0,0,0,0
2328,pg_catalog,pg_foreign_data_wrapper,0,0,2,98,0,0,0,0
4163,pg_toast,pg_toast_2615,0,0,0,0,,,,
3430,pg_toast,pg_toast_3429,0,0,0,0,,,,
4175,pg_toast,pg_toast_1260,0,0,0,0,,,,
2612,pg_catalog,pg_language,2,58,3,63,0,0,0,0
2995,pg_catalog,pg_largeobject_metadata,0,0,1,1,,,,
4145,pg_toast,pg_toast_3466,0,0,0,0,,,,
2604,pg_catalog,pg_attrdef,1,40,4,4841,0,0,0,0
4161,pg_toast,pg_toast_3456,0,0,0,0,,,,
2610,pg_catalog,pg_index,8,4728,4,5003,,,,
2830,pg_toast,pg_toast_2604,0,0,0,0,,,,
2336,pg_toast,pg_toast_2620,0,0,0,0,,,,
1249,pg_catalog,pg_attribute,57,18092,13,31119,,,,
3456,pg_catalog,pg_collation,26,551,10,525,0,0,0,0
2753,pg_catalog,pg_opfamily,2,0,2,0,,,,
2607,pg_catalog,pg_conversion,2,0,3,0,,,,
3596,pg_catalog,pg_seclabel,0,0,1,22,0,0,0,0
1261,pg_catalog,pg_auth_members,4,104,8,62,,,,
3603,pg_catalog,pg_ts_config_map,3,0,1,0,,,,
4147,pg_toast,pg_toast_3079,0,0,0,0,,,,
3602,pg_catalog,pg_ts_config,2,9,4,12,,,,
13294,pg_toast,pg_toast_13292,0,0,0,0,,,,
2616,pg_catalog,pg_opclass,2,8374,4,2415,,,,
1418,pg_catalog,pg_user_mapping,0,0,2,24,0,0,0,0
4169,pg_toast,pg_toast_3600,0,0,0,0,,,,
2620,pg_catalog,pg_trigger,0,0,3,381,0,0,0,0
