16741,todolist_id_seq,2200,16742,0,16397,0,16741,0,1,1,0,0,false,false,p,S,3,0,false,false,false,false,false,true,n,false,0,0,0,,,
16747,todolist_id_uindex,2200,0,0,16397,403,16747,0,1,0,0,0,false,false,p,i,1,0,false,false,false,false,false,true,n,false,0,0,0,,,
16748,todolist_pk,2200,0,0,16397,403,16748,0,1,0,0,0,false,false,p,i,1,0,false,false,false,false,false,true,n,false,0,0,0,,,
16750,pg_toast_16738,99,16751,0,16397,2,16750,0,0,0,0,0,true,false,p,t,3,0,false,false,false,false,false,true,n,false,0,806,1,,,
16752,pg_toast_16738_index,99,0,0,16397,403,16752,0,1,0,0,0,false,false,p,i,2,0,false,false,false,false,false,true,n,false,0,0,0,,,
16738,todolist,2200,16740,0,16397,2,16744,0,0,0,0,16750,true,false,p,r,3,0,false,false,false,false,false,true,d,false,0,801,1,,,
2619,pg_statistic,11,12016,0,10,2,2619,0,18,402,18,2840,true,false,p,r,31,0,false,false,false,false,false,true,n,false,0,479,1,{postgres=arwdDxt/postgres},,
1247,pg_type,11,71,0,10,2,0,0,10,411,10,4171,true,false,p,r,31,0,false,false,false,false,false,true,n,false,0,479,1,"{postgres=arwdDxt/postgres,=r/postgres}",,
4159,pg_toast_2600,99,12053,0,10,2,4159,0,0,0,0,0,true,false,p,t,3,0,false,false,false,false,false,true,n,false,0,479,1,,,
4160,pg_toast_2600_index,99,0,0,10,403,4160,0,1,0,0,0,false,false,p,i,2,0,false,false,false,false,false,true,n,false,0,0,0,,,
2830,pg_toast_2604,99,12054,0,10,2,2830,0,0,0,0,0,true,false,p,t,3,0,false,false,false,false,false,true,n,false,0,479,1,,,
2831,pg_toast_2604_index,99,0,0,10,403,2831,0,1,0,0,0,false,false,p,i,2,0,false,false,false,false,false,true,n,false,0,0,0,,,
4161,pg_toast_3456,99,12055,0,10,2,4161,0,0,0,0,0,true,false,p,t,3,0,false,false,false,false,false,true,n,false,0,479,1,,,
4162,pg_toast_3456_index,99,0,0,10,403,4162,0,1,0,0,0,false,false,p,i,2,0,false,false,false,false,false,true,n,false,0,0,0,,,
2832,pg_toast_2606,99,12056,0,10,2,2832,0,0,0,0,0,true,false,p,t,3,0,false,false,false,false,false,true,n,false,0,479,1,,,
2833,pg_toast_2606_index,99,0,0,10,403,2833,0,1,0,0,0,false,false,p,i,2,0,false,false,false,false,false,true,n,false,0,0,0,,,
4143,pg_toast_826,99,12057,0,10,2,4143,0,0,0,0,0,true,false,p,t,3,0,false,false,false,false,false,true,n,false,0,479,1,,,
4144,pg_toast_826_index,99,0,0,10,403,4144,0,1,0,0,0,false,false,p,i,2,0,false,false,false,false,false,true,n,false,0,0,0,,,
2834,pg_toast_2609,99,12058,0,10,2,2834,0,0,0,0,0,true,false,p,t,3,0,false,false,false,false,false,true,n,false,0,479,1,,,
2835,pg_toast_2609_index,99,0,0,10,403,2835,0,1,0,0,0,false,false,p,i,2,0,false,false,false,false,false,true,n,false,0,0,0,,,
4145,pg_toast_3466,99,12059,0,10,2,4145,0,0,0,0,0,true,false,p,t,3,0,false,false,false,false,false,true,n,false,0,479,1,,,
4146,pg_toast_3466_index,99,0,0,10,403,4146,0,1,0,0,0,false,false,p,i,2,0,false,false,false,false,false,true,n,false,0,0,0,,,
4147,pg_toast_3079,99,12060,0,10,2,4147,0,0,0,0,0,true,false,p,t,3,0,false,false,false,false,false,true,n,false,0,479,1,,,
4148,pg_toast_3079_index,99,0,0,10,403,4148,0,1,0,0,0,false,false,p,i,2,0,false,false,false,false,false,true,n,false,0,0,0,,,
4149,pg_toast_2328,99,12061,0,10,2,4149,0,0,0,0,0,true,false,p,t,3,0,false,false,false,false,false,true,n,false,0,479,1,,,
4150,pg_toast_2328_index,99,0,0,10,403,4150,0,1,0,0,0,false,false,p,i,2,0,false,false,false,false,false,true,n,false,0,0,0,,,
4151,pg_toast_1417,99,12062,0,10,2,4151,0,0,0,0,0,true,false,p,t,3,0,false,false,false,false,false,true,n,false,0,479,1,,,
4152,pg_toast_1417_index,99,0,0,10,403,4152,0,1,0,0,0,false,false,p,i,2,0,false,false,false,false,false,true,n,false,0,0,0,,,
4153,pg_toast_3118,99,12063,0,10,2,4153,0,0,0,0,0,true,false,p,t,3,0,false,false,false,false,false,true,n,false,0,479,1,,,
4154,pg_toast_3118_index,99,0,0,10,403,4154,0,1,0,0,0,false,false,p,i,2,0,false,false,false,false,false,true,n,false,0,0,0,,,
4155,pg_toast_3394,99,12064,0,10,2,4155,0,0,0,0,0,true,false,p,t,3,0,false,false,false,false,false,true,n,false,0,479,1,,,
4156,pg_toast_3394_index,99,0,0,10,403,4156,0,1,0,0,0,false,false,p,i,2,0,false,false,false,false,false,true,n,false,0,0,0,,,
4157,pg_toast_2612,99,12065,0,10,2,4157,0,0,0,0,0,true,false,p,t,3,0,false,false,false,false,false,true,n,false,0,479,1,,,
4158,pg_toast_2612_index,99,0,0,10,403,4158,0,1,0,0,0,false,false,p,i,2,0,false,false,false,false,false,true,n,false,0,0,0,,,
4163,pg_toast_2615,99,12066,0,10,2,4163,0,0,0,0,0,true,false,p,t,3,0,false,false,false,false,false,true,n,false,0,479,1,,,
4164,pg_toast_2615_index,99,0,0,10,403,4164,0,1,0,0,0,false,false,p,i,2,0,false,false,false,false,false,true,n,false,0,0,0,,,
3118,pg_foreign_table,11,12039,0,10,2,3118,0,0,0,0,4153,true,false,p,r,3,0,false,false,false,false,false,true,n,false,0,479,1,"{postgres=arwdDxt/postgres,=r/postgres}",,
4165,pg_toast_3350,99,12067,0,10,2,4165,0,0,0,0,0,true,false,p,t,3,0,false,false,false,false,false,true,n,false,0,479,1,,,
4166,pg_toast_3350_index,99,0,0,10,403,4166,0,1,0,0,0,false,false,p,i,2,0,false,false,false,false,false,true,n,false,0,0,0,,,
4167,pg_toast_3256,99,12068,0,10,2,4167,0,0,0,0,0,true,false,p,t,3,0,false,false,false,false,false,true,n,false,0,479,1,,,
4168,pg_toast_3256_index,99,0,0,10,403,4168,0,1,0,0,0,false,false,p,i,2,0,false,false,false,false,false,true,n,false,0,0,0,,,
2836,pg_toast_1255,99,12069,0,10,2,0,0,0,0,0,0,true,false,p,t,3,0,false,false,false,false,false,true,n,false,0,479,1,,,
2837,pg_toast_1255_index,99,0,0,10,403,0,0,1,0,0,0,false,false,p,i,2,0,false,false,false,false,false,true,n,false,0,0,0,,,
2838,pg_toast_2618,99,12070,0,10,2,2838,0,60,261,60,0,true,false,p,t,3,0,false,false,false,false,false,true,n,false,0,479,1,,,
2839,pg_toast_2618_index,99,0,0,10,403,2839,0,2,0,0,0,false,false,p,i,2,0,false,false,false,false,false,true,n,false,0,0,0,,,
3598,pg_toast_3596,99,12071,0,10,2,3598,0,0,0,0,0,true,false,p,t,3,0,false,false,false,false,false,true,n,false,0,479,1,,,
3599,pg_toast_3596_index,99,0,0,10,403,3599,0,1,0,0,0,false,false,p,i,2,0,false,false,false,false,false,true,n,false,0,0,0,,,
2840,pg_toast_2619,99,12072,0,10,2,2840,0,3,12,3,0,true,false,p,t,3,0,false,false,false,false,false,true,n,false,0,479,1,,,
2841,pg_toast_2619_index,99,0,0,10,403,2841,0,2,0,0,0,false,false,p,i,2,0,false,false,false,false,false,true,n,false,0,0,0,,,
3439,pg_toast_3381,99,12073,0,10,2,3439,0,0,0,0,0,true,false,p,t,3,0,false,false,false,false,false,true,n,false,0,479,1,,,
3440,pg_toast_3381_index,99,0,0,10,403,3440,0,1,0,0,0,false,false,p,i,2,0,false,false,false,false,false,true,n,false,0,0,0,,,
3430,pg_toast_3429,99,12074,0,10,2,3430,0,0,0,0,0,true,false,p,t,3,0,false,false,false,false,false,true,n,false,0,479,1,,,
3431,pg_toast_3429_index,99,0,0,10,403,3431,0,1,0,0,0,false,false,p,i,2,0,false,false,false,false,false,true,n,false,0,0,0,,,
2336,pg_toast_2620,99,12075,0,10,2,2336,0,0,0,0,0,true,false,p,t,3,0,false,false,false,false,false,true,n,false,0,479,1,,,
2337,pg_toast_2620_index,99,0,0,10,403,2337,0,1,0,0,0,false,false,p,i,2,0,false,false,false,false,false,true,n,false,0,0,0,,,
4169,pg_toast_3600,99,12076,0,10,2,4169,0,0,0,0,0,true,false,p,t,3,0,false,false,false,false,false,true,n,false,0,479,1,,,
4170,pg_toast_3600_index,99,0,0,10,403,4170,0,1,0,0,0,false,false,p,i,2,0,false,false,false,false,false,true,n,false,0,0,0,,,
4171,pg_toast_1247,99,12077,0,10,2,0,0,0,0,0,0,true,false,p,t,3,0,false,false,false,false,false,true,n,false,0,479,1,,,
4172,pg_toast_1247_index,99,0,0,10,403,0,0,1,0,0,0,false,false,p,i,2,0,false,false,false,false,false,true,n,false,0,0,0,,,
4173,pg_toast_1418,99,12078,0,10,2,4173,0,0,0,0,0,true,false,p,t,3,0,false,false,false,false,false,true,n,false,0,479,1,,,
4174,pg_toast_1418_index,99,0,0,10,403,4174,0,1,0,0,0,false,false,p,i,2,0,false,false,false,false,false,true,n,false,0,0,0,,,
4175,pg_toast_1260,99,12079,0,10,2,0,1664,0,0,0,0,true,true,p,t,3,0,false,false,false,false,false,true,n,false,0,479,1,,,
4176,pg_toast_1260_index,99,0,0,10,403,0,1664,1,0,0,0,false,true,p,i,2,0,false,false,false,false,false,true,n,false,0,0,0,,,
4177,pg_toast_1262,99,12080,0,10,2,0,1664,0,0,0,0,true,true,p,t,3,0,false,false,false,false,false,true,n,false,0,479,1,,,
4178,pg_toast_1262_index,99,0,0,10,403,0,1664,1,0,0,0,false,true,p,i,2,0,false,false,false,false,false,true,n,false,0,0,0,,,
2966,pg_toast_2964,99,12081,0,10,2,0,1664,0,0,0,0,true,true,p,t,3,0,false,false,false,false,false,true,n,false,0,479,1,,,
2967,pg_toast_2964_index,99,0,0,10,403,0,1664,1,0,0,0,false,true,p,i,2,0,false,false,false,false,false,true,n,false,0,0,0,,,
4181,pg_toast_6000,99,12082,0,10,2,0,1664,0,0,0,0,true,true,p,t,3,0,false,false,false,false,false,true,n,false,0,479,1,,,
4182,pg_toast_6000_index,99,0,0,10,403,0,1664,1,0,0,0,false,true,p,i,2,0,false,false,false,false,false,true,n,false,0,0,0,,,
2846,pg_toast_2396,99,12083,0,10,2,0,1664,0,0,0,0,true,true,p,t,3,0,false,false,false,false,false,true,n,false,0,479,1,,,
2847,pg_toast_2396_index,99,0,0,10,403,0,1664,1,0,0,0,false,true,p,i,2,0,false,false,false,false,false,true,n,false,0,0,0,,,
4060,pg_toast_3592,99,12084,0,10,2,0,1664,0,0,0,0,true,true,p,t,3,0,false,false,false,false,false,true,n,false,0,479,1,,,
4061,pg_toast_3592_index,99,0,0,10,403,0,1664,1,0,0,0,false,true,p,i,2,0,false,false,false,false,false,true,n,false,0,0,0,,,
4183,pg_toast_6100,99,12085,0,10,2,0,1664,0,0,0,0,true,true,p,t,3,0,false,false,false,false,false,true,n,false,0,479,1,,,
4184,pg_toast_6100_index,99,0,0,10,403,0,1664,1,0,0,0,false,true,p,i,2,0,false,false,false,false,false,true,n,false,0,0,0,,,
4185,pg_toast_1213,99,12086,0,10,2,0,1664,0,0,0,0,true,true,p,t,3,0,false,false,false,false,false,true,n,false,0,479,1,,,
4186,pg_toast_1213_index,99,0,0,10,403,0,1664,1,0,0,0,false,true,p,i,2,0,false,false,false,false,false,true,n,false,0,0,0,,,
2650,pg_aggregate_fnoid_index,11,0,0,10,403,2650,0,2,0,0,0,false,false,p,i,1,0,false,false,false,false,false,true,n,false,0,0,0,,,
2651,pg_am_name_index,11,0,0,10,403,2651,0,2,0,0,0,false,false,p,i,1,0,false,false,false,false,false,true,n,false,0,0,0,,,
2652,pg_am_oid_index,11,0,0,10,403,2652,0,2,0,0,0,false,false,p,i,1,0,false,false,false,false,false,true,n,false,0,0,0,,,
2653,pg_amop_fam_strat_index,11,0,0,10,403,2653,0,5,0,0,0,false,false,p,i,4,0,false,false,false,false,false,true,n,false,0,0,0,,,
2654,pg_amop_opr_fam_index,11,0,0,10,403,2654,0,5,0,0,0,false,false,p,i,3,0,false,false,false,false,false,true,n,false,0,0,0,,,
2756,pg_amop_oid_index,11,0,0,10,403,2756,0,4,0,0,0,false,false,p,i,1,0,false,false,false,false,false,true,n,false,0,0,0,,,
2655,pg_amproc_fam_proc_index,11,0,0,10,403,2655,0,4,0,0,0,false,false,p,i,4,0,false,false,false,false,false,true,n,false,0,0,0,,,
2757,pg_amproc_oid_index,11,0,0,10,403,2757,0,4,0,0,0,false,false,p,i,1,0,false,false,false,false,false,true,n,false,0,0,0,,,
2656,pg_attrdef_adrelid_adnum_index,11,0,0,10,403,2656,0,1,0,0,0,false,false,p,i,2,0,false,false,false,false,false,true,n,false,0,0,0,,,
2657,pg_attrdef_oid_index,11,0,0,10,403,2657,0,1,0,0,0,false,false,p,i,1,0,false,false,false,false,false,true,n,false,0,0,0,,,
2658,pg_attribute_relid_attnam_index,11,0,0,10,403,0,0,15,2861,0,0,false,false,p,i,2,0,false,false,false,false,false,true,n,false,0,0,0,,,
2659,pg_attribute_relid_attnum_index,11,0,0,10,403,0,0,10,2861,0,0,false,false,p,i,2,0,false,false,false,false,false,true,n,false,0,0,0,,,
2676,pg_authid_rolname_index,11,0,0,10,403,0,1664,2,0,0,0,false,true,p,i,1,0,false,false,false,false,false,true,n,false,0,0,0,,,
2677,pg_authid_oid_index,11,0,0,10,403,0,1664,2,0,0,0,false,true,p,i,1,0,false,false,false,false,false,true,n,false,0,0,0,,,
2694,pg_auth_members_role_member_index,11,0,0,10,403,0,1664,2,0,0,0,false,true,p,i,2,0,false,false,false,false,false,true,n,false,0,0,0,,,
2695,pg_auth_members_member_role_index,11,0,0,10,403,0,1664,2,0,0,0,false,true,p,i,2,0,false,false,false,false,false,true,n,false,0,0,0,,,
2660,pg_cast_oid_index,11,0,0,10,403,2660,0,2,0,0,0,false,false,p,i,1,0,false,false,false,false,false,true,n,false,0,0,0,,,
2661,pg_cast_source_target_index,11,0,0,10,403,2661,0,2,0,0,0,false,false,p,i,2,0,false,false,false,false,false,true,n,false,0,0,0,,,
2662,pg_class_oid_index,11,0,0,10,403,0,0,4,386,0,0,false,false,p,i,1,0,false,false,false,false,false,true,n,false,0,0,0,,,
2663,pg_class_relname_nsp_index,11,0,0,10,403,0,0,6,386,0,0,false,false,p,i,2,0,false,false,false,false,false,true,n,false,0,0,0,,,
3455,pg_class_tblspc_relfilenode_index,11,0,0,10,403,0,0,5,386,0,0,false,false,p,i,2,0,false,false,false,false,false,true,n,false,0,0,0,,,
3164,pg_collation_name_enc_nsp_index,11,0,0,10,403,3164,0,6,0,0,0,false,false,p,i,3,0,false,false,false,false,false,true,n,false,0,0,0,,,
3085,pg_collation_oid_index,11,0,0,10,403,3085,0,5,0,0,0,false,false,p,i,1,0,false,false,false,false,false,true,n,false,0,0,0,,,
2664,pg_constraint_conname_nsp_index,11,0,0,10,403,2664,0,2,0,0,0,false,false,p,i,2,0,false,false,false,false,false,true,n,false,0,0,0,,,
2665,pg_constraint_conrelid_contypid_conname_index,11,0,0,10,403,2665,0,2,0,0,0,false,false,p,i,3,0,false,false,false,false,false,true,n,false,0,0,0,,,
2666,pg_constraint_contypid_index,11,0,0,10,403,2666,0,2,0,0,0,false,false,p,i,1,0,false,false,false,false,false,true,n,false,0,0,0,,,
2667,pg_constraint_oid_index,11,0,0,10,403,2667,0,2,0,0,0,false,false,p,i,1,0,false,false,false,false,false,true,n,false,0,0,0,,,
2579,pg_constraint_conparentid_index,11,0,0,10,403,2579,0,2,0,0,0,false,false,p,i,1,0,false,false,false,false,false,true,n,false,0,0,0,,,
2668,pg_conversion_default_index,11,0,0,10,403,2668,0,2,0,0,0,false,false,p,i,4,0,false,false,false,false,false,true,n,false,0,0,0,,,
2669,pg_conversion_name_nsp_index,11,0,0,10,403,2669,0,2,0,0,0,false,false,p,i,2,0,false,false,false,false,false,true,n,false,0,0,0,,,
2670,pg_conversion_oid_index,11,0,0,10,403,2670,0,2,0,0,0,false,false,p,i,1,0,false,false,false,false,false,true,n,false,0,0,0,,,
2671,pg_database_datname_index,11,0,0,10,403,0,1664,2,0,0,0,false,true,p,i,1,0,false,false,false,false,false,true,n,false,0,0,0,,,
2672,pg_database_oid_index,11,0,0,10,403,0,1664,2,0,0,0,false,true,p,i,1,0,false,false,false,false,false,true,n,false,0,0,0,,,
2673,pg_depend_depender_index,11,0,0,10,403,2673,0,34,7725,0,0,false,false,p,i,3,0,false,false,false,false,false,true,n,false,0,0,0,,,
2674,pg_depend_reference_index,11,0,0,10,403,2674,0,43,7725,0,0,false,false,p,i,3,0,false,false,false,false,false,true,n,false,0,0,0,,,
2675,pg_description_o_c_o_index,11,0,0,10,403,2675,0,24,0,0,0,false,false,p,i,3,0,false,false,false,false,false,true,n,false,0,0,0,,,
2397,pg_shdescription_o_c_index,11,0,0,10,403,0,1664,2,0,0,0,false,true,p,i,2,0,false,false,false,false,false,true,n,false,0,0,0,,,
3502,pg_enum_oid_index,11,0,0,10,403,3502,0,1,0,0,0,false,false,p,i,1,0,false,false,false,false,false,true,n,false,0,0,0,,,
3503,pg_enum_typid_label_index,11,0,0,10,403,3503,0,1,0,0,0,false,false,p,i,2,0,false,false,false,false,false,true,n,false,0,0,0,,,
3534,pg_enum_typid_sortorder_index,11,0,0,10,403,3534,0,1,0,0,0,false,false,p,i,2,0,false,false,false,false,false,true,n,false,0,0,0,,,
2678,pg_index_indrelid_index,11,0,0,10,403,2678,0,2,0,0,0,false,false,p,i,1,0,false,false,false,false,false,true,n,false,0,0,0,,,
2679,pg_index_indexrelid_index,11,0,0,10,403,2679,0,2,0,0,0,false,false,p,i,1,0,false,false,false,false,false,true,n,false,0,0,0,,,
2680,pg_inherits_relid_seqno_index,11,0,0,10,403,2680,0,1,0,0,0,false,false,p,i,2,0,false,false,false,false,false,true,n,false,0,0,0,,,
2187,pg_inherits_parent_index,11,0,0,10,403,2187,0,1,0,0,0,false,false,p,i,1,0,false,false,false,false,false,true,n,false,0,0,0,,,
3395,pg_init_privs_o_c_o_index,11,0,0,10,403,3395,0,2,0,0,0,false,false,p,i,3,0,false,false,false,false,false,true,n,false,0,0,0,,,
2681,pg_language_name_index,11,0,0,10,403,2681,0,2,0,0,0,false,false,p,i,1,0,false,false,false,false,false,true,n,false,0,0,0,,,
2682,pg_language_oid_index,11,0,0,10,403,2682,0,2,0,0,0,false,false,p,i,1,0,false,false,false,false,false,true,n,false,0,0,0,,,
2683,pg_largeobject_loid_pn_index,11,0,0,10,403,2683,0,1,0,0,0,false,false,p,i,2,0,false,false,false,false,false,true,n,false,0,0,0,,,
2996,pg_largeobject_metadata_oid_index,11,0,0,10,403,2996,0,1,0,0,0,false,false,p,i,1,0,false,false,false,false,false,true,n,false,0,0,0,,,
2684,pg_namespace_nspname_index,11,0,0,10,403,2684,0,2,0,0,0,false,false,p,i,1,0,false,false,false,false,false,true,n,false,0,0,0,,,
2685,pg_namespace_oid_index,11,0,0,10,403,2685,0,2,0,0,0,false,false,p,i,1,0,false,false,false,false,false,true,n,false,0,0,0,,,
2686,pg_opclass_am_name_nsp_index,11,0,0,10,403,2686,0,2,0,0,0,false,false,p,i,3,0,false,false,false,false,false,true,n,false,0,0,0,,,
2687,pg_opclass_oid_index,11,0,0,10,403,2687,0,2,0,0,0,false,false,p,i,1,0,false,false,false,false,false,true,n,false,0,0,0,,,
2688,pg_operator_oid_index,11,0,0,10,403,2688,0,5,0,0,0,false,false,p,i,1,0,false,false,false,false,false,true,n,false,0,0,0,,,
2689,pg_operator_oprname_l_r_n_index,11,0,0,10,403,2689,0,6,0,0,0,false,false,p,i,4,0,false,false,false,false,false,true,n,false,0,0,0,,,
2754,pg_opfamily_am_name_nsp_index,11,0,0,10,403,2754,0,2,0,0,0,false,false,p,i,3,0,false,false,false,false,false,true,n,false,0,0,0,,,
2755,pg_opfamily_oid_index,11,0,0,10,403,2755,0,2,0,0,0,false,false,p,i,1,0,false,false,false,false,false,true,n,false,0,0,0,,,
2690,pg_proc_oid_index,11,0,0,10,403,0,0,11,3034,0,0,false,false,p,i,1,0,false,false,false,false,false,true,n,false,0,0,0,,,
2691,pg_proc_proname_args_nsp_index,11,0,0,10,403,0,0,31,3034,0,0,false,false,p,i,3,0,false,false,false,false,false,true,n,false,0,0,0,,,
2692,pg_rewrite_oid_index,11,0,0,10,403,2692,0,2,0,0,0,false,false,p,i,1,0,false,false,false,false,false,true,n,false,0,0,0,,,
2693,pg_rewrite_rel_rulename_index,11,0,0,10,403,2693,0,2,0,0,0,false,false,p,i,2,0,false,false,false,false,false,true,n,false,0,0,0,,,
5002,pg_sequence_seqrelid_index,11,0,0,10,403,5002,0,1,0,0,0,false,false,p,i,1,0,false,false,false,false,false,true,n,false,0,0,0,,,
1232,pg_shdepend_depender_index,11,0,0,10,403,0,1664,2,0,0,0,false,true,p,i,4,0,false,false,false,false,false,true,n,false,0,0,0,,,
1233,pg_shdepend_reference_index,11,0,0,10,403,0,1664,2,0,0,0,false,true,p,i,2,0,false,false,false,false,false,true,n,false,0,0,0,,,
2696,pg_statistic_relid_att_inh_index,11,0,0,10,403,2696,0,2,0,0,0,false,false,p,i,3,0,false,false,false,false,false,true,n,false,0,0,0,,,
3380,pg_statistic_ext_oid_index,11,0,0,10,403,3380,0,1,0,0,0,false,false,p,i,1,0,false,false,false,false,false,true,n,false,0,0,0,,,
3997,pg_statistic_ext_name_index,11,0,0,10,403,3997,0,1,0,0,0,false,false,p,i,2,0,false,false,false,false,false,true,n,false,0,0,0,,,
3379,pg_statistic_ext_relid_index,11,0,0,10,403,3379,0,1,0,0,0,false,false,p,i,1,0,false,false,false,false,false,true,n,false,0,0,0,,,
3433,pg_statistic_ext_data_stxoid_index,11,0,0,10,403,3433,0,1,0,0,0,false,false,p,i,1,0,false,false,false,false,false,true,n,false,0,0,0,,,
2697,pg_tablespace_oid_index,11,0,0,10,403,0,1664,2,0,0,0,false,true,p,i,1,0,false,false,false,false,false,true,n,false,0,0,0,,,
2698,pg_tablespace_spcname_index,11,0,0,10,403,0,1664,2,0,0,0,false,true,p,i,1,0,false,false,false,false,false,true,n,false,0,0,0,,,
3574,pg_transform_oid_index,11,0,0,10,403,3574,0,1,0,0,0,false,false,p,i,1,0,false,false,false,false,false,true,n,false,0,0,0,,,
3575,pg_transform_type_lang_index,11,0,0,10,403,3575,0,1,0,0,0,false,false,p,i,2,0,false,false,false,false,false,true,n,false,0,0,0,,,
2699,pg_trigger_tgconstraint_index,11,0,0,10,403,2699,0,1,0,0,0,false,false,p,i,1,0,false,false,false,false,false,true,n,false,0,0,0,,,
2701,pg_trigger_tgrelid_tgname_index,11,0,0,10,403,2701,0,1,0,0,0,false,false,p,i,2,0,false,false,false,false,false,true,n,false,0,0,0,,,
2702,pg_trigger_oid_index,11,0,0,10,403,2702,0,1,0,0,0,false,false,p,i,1,0,false,false,false,false,false,true,n,false,0,0,0,,,
3467,pg_event_trigger_evtname_index,11,0,0,10,403,3467,0,1,0,0,0,false,false,p,i,1,0,false,false,false,false,false,true,n,false,0,0,0,,,
3468,pg_event_trigger_oid_index,11,0,0,10,403,3468,0,1,0,0,0,false,false,p,i,1,0,false,false,false,false,false,true,n,false,0,0,0,,,
3608,pg_ts_config_cfgname_index,11,0,0,10,403,3608,0,2,0,0,0,false,false,p,i,2,0,false,false,false,false,false,true,n,false,0,0,0,,,
3712,pg_ts_config_oid_index,11,0,0,10,403,3712,0,2,0,0,0,false,false,p,i,1,0,false,false,false,false,false,true,n,false,0,0,0,,,
3609,pg_ts_config_map_index,11,0,0,10,403,3609,0,4,0,0,0,false,false,p,i,3,0,false,false,false,false,false,true,n,false,0,0,0,,,
3604,pg_ts_dict_dictname_index,11,0,0,10,403,3604,0,2,0,0,0,false,false,p,i,2,0,false,false,false,false,false,true,n,false,0,0,0,,,
3605,pg_ts_dict_oid_index,11,0,0,10,403,3605,0,2,0,0,0,false,false,p,i,1,0,false,false,false,false,false,true,n,false,0,0,0,,,
3606,pg_ts_parser_prsname_index,11,0,0,10,403,3606,0,2,0,0,0,false,false,p,i,2,0,false,false,false,false,false,true,n,false,0,0,0,,,
3607,pg_ts_parser_oid_index,11,0,0,10,403,3607,0,2,0,0,0,false,false,p,i,1,0,false,false,false,false,false,true,n,false,0,0,0,,,
3766,pg_ts_template_tmplname_index,11,0,0,10,403,3766,0,2,0,0,0,false,false,p,i,2,0,false,false,false,false,false,true,n,false,0,0,0,,,
3767,pg_ts_template_oid_index,11,0,0,10,403,3767,0,2,0,0,0,false,false,p,i,1,0,false,false,false,false,false,true,n,false,0,0,0,,,
2703,pg_type_oid_index,11,0,0,10,403,0,0,4,0,0,0,false,false,p,i,1,0,false,false,false,false,false,true,n,false,0,0,0,,,
2704,pg_type_typname_nsp_index,11,0,0,10,403,0,0,5,0,0,0,false,false,p,i,2,0,false,false,false,false,false,true,n,false,0,0,0,,,
112,pg_foreign_data_wrapper_oid_index,11,0,0,10,403,112,0,1,0,0,0,false,false,p,i,1,0,false,false,false,false,false,true,n,false,0,0,0,,,
548,pg_foreign_data_wrapper_name_index,11,0,0,10,403,548,0,1,0,0,0,false,false,p,i,1,0,false,false,false,false,false,true,n,false,0,0,0,,,
113,pg_foreign_server_oid_index,11,0,0,10,403,113,0,1,0,0,0,false,false,p,i,1,0,false,false,false,false,false,true,n,false,0,0,0,,,
549,pg_foreign_server_name_index,11,0,0,10,403,549,0,1,0,0,0,false,false,p,i,1,0,false,false,false,false,false,true,n,false,0,0,0,,,
174,pg_user_mapping_oid_index,11,0,0,10,403,174,0,1,0,0,0,false,false,p,i,1,0,false,false,false,false,false,true,n,false,0,0,0,,,
175,pg_user_mapping_user_server_index,11,0,0,10,403,175,0,1,0,0,0,false,false,p,i,2,0,false,false,false,false,false,true,n,false,0,0,0,,,
3119,pg_foreign_table_relid_index,11,0,0,10,403,3119,0,1,0,0,0,false,false,p,i,1,0,false,false,false,false,false,true,n,false,0,0,0,,,
827,pg_default_acl_role_nsp_obj_index,11,0,0,10,403,827,0,1,0,0,0,false,false,p,i,3,0,false,false,false,false,false,true,n,false,0,0,0,,,
828,pg_default_acl_oid_index,11,0,0,10,403,828,0,1,0,0,0,false,false,p,i,1,0,false,false,false,false,false,true,n,false,0,0,0,,,
2965,pg_db_role_setting_databaseid_rol_index,11,0,0,10,403,0,1664,1,0,0,0,false,true,p,i,2,0,false,false,false,false,false,true,n,false,0,0,0,,,
3597,pg_seclabel_object_index,11,0,0,10,403,3597,0,1,0,0,0,false,false,p,i,4,0,false,false,false,false,false,true,n,false,0,0,0,,,
3593,pg_shseclabel_object_index,11,0,0,10,403,0,1664,1,0,0,0,false,true,p,i,3,0,false,false,false,false,false,true,n,false,0,0,0,,,
3080,pg_extension_oid_index,11,0,0,10,403,3080,0,2,0,0,0,false,false,p,i,1,0,false,false,false,false,false,true,n,false,0,0,0,,,
3081,pg_extension_name_index,11,0,0,10,403,3081,0,2,0,0,0,false,false,p,i,1,0,false,false,false,false,false,true,n,false,0,0,0,,,
3542,pg_range_rngtypid_index,11,0,0,10,403,3542,0,2,0,0,0,false,false,p,i,1,0,false,false,false,false,false,true,n,false,0,0,0,,,
3257,pg_policy_oid_index,11,0,0,10,403,3257,0,1,0,0,0,false,false,p,i,1,0,false,false,false,false,false,true,n,false,0,0,0,,,
3258,pg_policy_polrelid_polname_index,11,0,0,10,403,3258,0,1,0,0,0,false,false,p,i,2,0,false,false,false,false,false,true,n,false,0,0,0,,,
6001,pg_replication_origin_roiident_index,11,0,0,10,403,0,1664,1,0,0,0,false,true,p,i,1,0,false,false,false,false,false,true,n,false,0,0,0,,,
6002,pg_replication_origin_roname_index,11,0,0,10,403,0,1664,1,0,0,0,false,true,p,i,1,0,false,false,false,false,false,true,n,false,0,0,0,,,
3351,pg_partitioned_table_partrelid_index,11,0,0,10,403,3351,0,1,0,0,0,false,false,p,i,1,0,false,false,false,false,false,true,n,false,0,0,0,,,
6110,pg_publication_oid_index,11,0,0,10,403,6110,0,1,0,0,0,false,false,p,i,1,0,false,false,false,false,false,true,n,false,0,0,0,,,
6111,pg_publication_pubname_index,11,0,0,10,403,6111,0,1,0,0,0,false,false,p,i,1,0,false,false,false,false,false,true,n,false,0,0,0,,,
6112,pg_publication_rel_oid_index,11,0,0,10,403,6112,0,1,0,0,0,false,false,p,i,1,0,false,false,false,false,false,true,n,false,0,0,0,,,
6113,pg_publication_rel_prrelid_prpubid_index,11,0,0,10,403,6113,0,1,0,0,0,false,false,p,i,2,0,false,false,false,false,false,true,n,false,0,0,0,,,
6114,pg_subscription_oid_index,11,0,0,10,403,0,1664,1,0,0,0,false,true,p,i,1,0,false,false,false,false,false,true,n,false,0,0,0,,,
6115,pg_subscription_subname_index,11,0,0,10,403,0,1664,1,0,0,0,false,true,p,i,2,0,false,false,false,false,false,true,n,false,0,0,0,,,
6117,pg_subscription_rel_srrelid_srsubid_index,11,0,0,10,403,6117,0,1,0,0,0,false,false,p,i,2,0,false,false,false,false,false,true,n,false,0,0,0,,,
1260,pg_authid,11,2842,0,10,2,0,1664,1,9,1,4175,true,true,p,r,12,0,false,false,false,false,false,true,n,false,0,479,1,{postgres=arwdDxt/postgres},,
12091,pg_shadow,11,12092,0,10,0,0,0,0,0,0,0,false,false,p,v,9,0,true,false,false,false,false,true,n,false,0,0,0,{postgres=arwdDxt/postgres},,
3429,pg_statistic_ext_data,11,12015,0,10,2,3429,0,0,0,0,3430,true,false,p,r,4,0,false,false,false,false,false,true,n,false,0,479,1,{postgres=arwdDxt/postgres},,
12087,pg_roles,11,12088,0,10,0,0,0,0,0,0,0,false,false,p,v,13,0,true,false,false,false,false,true,n,false,0,0,0,"{postgres=arwdDxt/postgres,=r/postgres}",,
12165,pg_settings,11,12166,0,10,0,0,0,0,0,0,0,false,false,p,v,17,0,true,false,false,false,false,true,n,false,0,0,0,"{postgres=arwdDxt/postgres,=rw/postgres}",,
12170,pg_file_settings,11,12171,0,10,0,0,0,0,0,0,0,false,false,p,v,7,0,true,false,false,false,false,true,n,false,0,0,0,{postgres=arwdDxt/postgres},,
12173,pg_hba_file_rules,11,12174,0,10,0,0,0,0,0,0,0,false,false,p,v,9,0,true,false,false,false,false,true,n,false,0,0,0,{postgres=arwdDxt/postgres},,
12182,pg_config,11,12183,0,10,0,0,0,0,0,0,0,false,false,p,v,2,0,true,false,false,false,false,true,n,false,0,0,0,{postgres=arwdDxt/postgres},,
12185,pg_shmem_allocations,11,12186,0,10,0,0,0,0,0,0,0,false,false,p,v,4,0,true,false,false,false,false,true,n,false,0,0,0,{postgres=arwdDxt/postgres},,
12158,pg_prepared_statements,11,12159,0,10,0,0,0,0,0,0,0,false,false,p,v,5,0,true,false,false,false,false,true,n,false,0,0,0,"{postgres=arwdDxt/postgres,=r/postgres}",,
2613,pg_largeobject,11,12012,0,10,2,2613,0,0,0,0,0,true,false,p,r,3,0,false,false,false,false,false,true,n,false,0,479,1,{postgres=arwdDxt/postgres},,
1418,pg_user_mapping,11,12038,0,10,2,1418,0,0,0,0,4173,true,false,p,r,4,0,false,false,false,false,false,true,n,false,0,479,1,{postgres=arwdDxt/postgres},,
12302,pg_stat_progress_vacuum,11,12303,0,10,0,0,0,0,0,0,0,false,false,p,v,11,0,true,false,false,false,false,true,n,false,0,0,0,"{postgres=arwdDxt/postgres,=r/postgres}",,
12322,pg_replication_origin_status,11,12323,0,10,0,0,0,0,0,0,0,false,false,p,v,4,0,true,false,false,false,false,true,n,false,0,0,0,{postgres=arwdDxt/postgres},,
6100,pg_subscription,11,6101,0,10,2,0,1664,0,0,0,4183,true,true,p,r,9,0,false,false,false,false,false,true,n,false,0,479,1,{postgres=arwdDxt/postgres},,
1249,pg_attribute,11,75,0,10,2,0,0,53,2861,53,0,true,false,p,r,25,0,false,false,false,false,false,true,n,false,0,479,1,"{postgres=arwdDxt/postgres,=r/postgres}",,
1255,pg_proc,11,81,0,10,2,0,0,81,3034,81,2836,true,false,p,r,29,0,false,false,false,false,false,true,n,false,0,479,1,"{postgres=arwdDxt/postgres,=r/postgres}",,
1259,pg_class,11,83,0,10,2,0,0,13,386,13,0,true,false,p,r,33,0,false,false,false,false,false,true,n,false,0,479,1,"{postgres=arwdDxt/postgres,=r/postgres}",,
2604,pg_attrdef,11,12000,0,10,2,2604,0,0,0,0,2830,true,false,p,r,4,0,false,false,false,false,false,true,n,false,0,479,1,"{postgres=arwdDxt/postgres,=r/postgres}",,
2606,pg_constraint,11,12001,0,10,2,2606,0,1,2,1,2832,true,false,p,r,25,0,false,false,false,false,false,true,n,false,0,479,1,"{postgres=arwdDxt/postgres,=r/postgres}",,
2611,pg_inherits,11,12002,0,10,2,2611,0,0,0,0,0,true,false,p,r,3,0,false,false,false,false,false,true,n,false,0,479,1,"{postgres=arwdDxt/postgres,=r/postgres}",,
2610,pg_index,11,12003,0,10,2,2610,0,4,154,4,0,true,false,p,r,20,0,false,false,false,false,false,true,n,false,0,479,1,"{postgres=arwdDxt/postgres,=r/postgres}",,
2617,pg_operator,11,12004,0,10,2,2617,0,14,784,14,0,true,false,p,r,15,0,false,false,false,false,false,true,n,false,0,479,1,"{postgres=arwdDxt/postgres,=r/postgres}",,
2753,pg_opfamily,11,12005,0,10,2,2753,0,2,109,2,0,true,false,p,r,5,0,false,false,false,false,false,true,n,false,0,479,1,"{postgres=arwdDxt/postgres,=r/postgres}",,
2616,pg_opclass,11,12006,0,10,2,2616,0,2,130,2,0,true,false,p,r,9,0,false,false,false,false,false,true,n,false,0,479,1,"{postgres=arwdDxt/postgres,=r/postgres}",,
2601,pg_am,11,12007,0,10,2,2601,0,1,7,1,0,true,false,p,r,4,0,false,false,false,false,false,true,n,false,0,479,1,"{postgres=arwdDxt/postgres,=r/postgres}",,
2602,pg_amop,11,12008,0,10,2,2602,0,6,723,6,0,true,false,p,r,9,0,false,false,false,false,false,true,n,false,0,479,1,"{postgres=arwdDxt/postgres,=r/postgres}",,
2603,pg_amproc,11,12009,0,10,2,2603,0,4,483,4,0,true,false,p,r,6,0,false,false,false,false,false,true,n,false,0,479,1,"{postgres=arwdDxt/postgres,=r/postgres}",,
2612,pg_language,11,12010,0,10,2,2612,0,1,4,1,4157,true,false,p,r,9,0,false,false,false,false,false,true,n,false,0,479,1,"{postgres=arwdDxt/postgres,=r/postgres}",,
2995,pg_largeobject_metadata,11,12011,0,10,2,2995,0,0,0,0,0,true,false,p,r,3,0,false,false,false,false,false,true,n,false,0,479,1,"{postgres=arwdDxt/postgres,=r/postgres}",,
2600,pg_aggregate,11,12013,0,10,2,2600,0,2,138,2,4159,true,false,p,r,22,0,false,false,false,false,false,true,n,false,0,479,1,"{postgres=arwdDxt/postgres,=r/postgres}",,
3381,pg_statistic_ext,11,12014,0,10,2,3381,0,0,0,0,3439,true,false,p,r,8,0,false,false,false,false,false,true,n,false,0,479,1,"{postgres=arwdDxt/postgres,=r/postgres}",,
2618,pg_rewrite,11,12017,0,10,2,2618,0,12,130,12,2838,true,false,p,r,8,0,false,false,false,false,false,true,n,false,0,479,1,"{postgres=arwdDxt/postgres,=r/postgres}",,
2620,pg_trigger,11,12018,0,10,2,2620,0,0,0,0,2336,true,false,p,r,19,0,false,false,false,false,false,true,n,false,0,479,1,"{postgres=arwdDxt/postgres,=r/postgres}",,
3466,pg_event_trigger,11,12019,0,10,2,3466,0,0,0,0,4145,true,false,p,r,7,0,false,false,false,false,false,true,n,false,0,479,1,"{postgres=arwdDxt/postgres,=r/postgres}",,
2609,pg_description,11,12020,0,10,2,2609,0,42,4868,42,2834,true,false,p,r,4,0,false,false,false,false,false,true,n,false,0,479,1,"{postgres=arwdDxt/postgres,=r/postgres}",,
2605,pg_cast,11,12021,0,10,2,2605,0,2,224,2,0,true,false,p,r,6,0,false,false,false,false,false,true,n,false,0,479,1,"{postgres=arwdDxt/postgres,=r/postgres}",,
12306,pg_stat_progress_cluster,11,12307,0,10,0,0,0,0,0,0,0,false,false,p,v,12,0,true,false,false,false,false,true,n,false,0,0,0,"{postgres=arwdDxt/postgres,=r/postgres}",,
12310,pg_stat_progress_create_index,11,12311,0,10,0,0,0,0,0,0,0,false,false,p,v,16,0,true,false,false,false,false,true,n,false,0,0,0,"{postgres=arwdDxt/postgres,=r/postgres}",,
12314,pg_stat_progress_basebackup,11,12315,0,10,0,0,0,0,0,0,0,false,false,p,v,6,0,true,false,false,false,false,true,n,false,0,0,0,"{postgres=arwdDxt/postgres,=r/postgres}",,
12318,pg_user_mappings,11,12319,0,10,0,0,0,0,0,0,0,false,false,p,v,6,0,true,false,false,false,false,true,n,false,0,0,0,"{postgres=arwdDxt/postgres,=r/postgres}",,
3501,pg_enum,11,12022,0,10,2,3501,0,0,0,0,0,true,false,p,r,4,0,false,false,false,false,false,true,n,false,0,479,1,"{postgres=arwdDxt/postgres,=r/postgres}",,
2615,pg_namespace,11,12023,0,10,2,2615,0,1,4,1,4163,true,false,p,r,4,0,false,false,false,false,false,true,n,false,0,479,1,"{postgres=arwdDxt/postgres,=r/postgres}",,
2607,pg_conversion,11,12024,0,10,2,2607,0,2,128,2,0,true,false,p,r,8,0,false,false,false,false,false,true,n,false,0,479,1,"{postgres=arwdDxt/postgres,=r/postgres}",,
2608,pg_depend,11,12025,0,10,2,2608,0,57,7725,57,0,true,false,p,r,7,0,false,false,false,false,false,true,n,false,0,479,1,"{postgres=arwdDxt/postgres,=r/postgres}",,
1262,pg_database,11,1248,0,10,2,0,1664,1,2,1,4177,true,true,p,r,14,0,false,false,false,false,false,true,n,false,0,479,1,"{postgres=arwdDxt/postgres,=r/postgres}",,
2964,pg_db_role_setting,11,12026,0,10,2,0,1664,0,0,0,2966,true,true,p,r,3,0,false,false,false,false,false,true,n,false,0,479,1,"{postgres=arwdDxt/postgres,=r/postgres}",,
1213,pg_tablespace,11,12027,0,10,2,0,1664,1,2,1,4185,true,true,p,r,5,0,false,false,false,false,false,true,n,false,0,479,1,"{postgres=arwdDxt/postgres,=r/postgres}",,
1261,pg_auth_members,11,2843,0,10,2,0,1664,1,3,1,0,true,true,p,r,4,0,false,false,false,false,false,true,n,false,0,479,1,"{postgres=arwdDxt/postgres,=r/postgres}",,
1214,pg_shdepend,11,12028,0,10,2,0,1664,1,9,1,0,true,true,p,r,7,0,false,false,false,false,false,true,n,false,0,479,1,"{postgres=arwdDxt/postgres,=r/postgres}",,
2396,pg_shdescription,11,12029,0,10,2,0,1664,1,1,1,2846,true,true,p,r,3,0,false,false,false,false,false,true,n,false,0,479,1,"{postgres=arwdDxt/postgres,=r/postgres}",,
3602,pg_ts_config,11,12030,0,10,2,3602,0,1,23,1,0,true,false,p,r,5,0,false,false,false,false,false,true,n,false,0,479,1,"{postgres=arwdDxt/postgres,=r/postgres}",,
3603,pg_ts_config_map,11,12031,0,10,2,3603,0,3,437,3,0,true,false,p,r,4,0,false,false,false,false,false,true,n,false,0,479,1,"{postgres=arwdDxt/postgres,=r/postgres}",,
3600,pg_ts_dict,11,12032,0,10,2,3600,0,1,23,1,4169,true,false,p,r,6,0,false,false,false,false,false,true,n,false,0,479,1,"{postgres=arwdDxt/postgres,=r/postgres}",,
3601,pg_ts_parser,11,12033,0,10,2,3601,0,1,1,1,0,true,false,p,r,8,0,false,false,false,false,false,true,n,false,0,479,1,"{postgres=arwdDxt/postgres,=r/postgres}",,
3764,pg_ts_template,11,12034,0,10,2,3764,0,1,5,1,0,true,false,p,r,5,0,false,false,false,false,false,true,n,false,0,479,1,"{postgres=arwdDxt/postgres,=r/postgres}",,
3079,pg_extension,11,12035,0,10,2,3079,0,1,1,1,4147,true,false,p,r,8,0,false,false,false,false,false,true,n,false,0,479,1,"{postgres=arwdDxt/postgres,=r/postgres}",,
2328,pg_foreign_data_wrapper,11,12036,0,10,2,2328,0,0,0,0,4149,true,false,p,r,7,0,false,false,false,false,false,true,n,false,0,479,1,"{postgres=arwdDxt/postgres,=r/postgres}",,
1417,pg_foreign_server,11,12037,0,10,2,1417,0,0,0,0,4151,true,false,p,r,8,0,false,false,false,false,false,true,n,false,0,479,1,"{postgres=arwdDxt/postgres,=r/postgres}",,
3256,pg_policy,11,12040,0,10,2,3256,0,0,0,0,4167,true,false,p,r,8,0,false,false,false,false,false,true,n,false,0,479,1,"{postgres=arwdDxt/postgres,=r/postgres}",,
6000,pg_replication_origin,11,12041,0,10,2,0,1664,0,0,0,4181,true,true,p,r,2,0,false,false,false,false,false,true,n,false,0,479,1,"{postgres=arwdDxt/postgres,=r/postgres}",,
826,pg_default_acl,11,12042,0,10,2,826,0,0,0,0,4143,true,false,p,r,5,0,false,false,false,false,false,true,n,false,0,479,1,"{postgres=arwdDxt/postgres,=r/postgres}",,
3394,pg_init_privs,11,12043,0,10,2,3394,0,2,176,2,4155,true,false,p,r,5,0,false,false,false,false,false,true,n,false,0,479,1,"{postgres=arwdDxt/postgres,=r/postgres}",,
3596,pg_seclabel,11,12044,0,10,2,3596,0,0,0,0,3598,true,false,p,r,5,0,false,false,false,false,false,true,n,false,0,479,1,"{postgres=arwdDxt/postgres,=r/postgres}",,
3592,pg_shseclabel,11,4066,0,10,2,0,1664,0,0,0,4060,true,true,p,r,4,0,false,false,false,false,false,true,n,false,0,479,1,"{postgres=arwdDxt/postgres,=r/postgres}",,
3456,pg_collation,11,12045,0,10,2,3456,0,25,787,25,4161,true,false,p,r,10,0,false,false,false,false,false,true,n,false,0,479,1,"{postgres=arwdDxt/postgres,=r/postgres}",,
3350,pg_partitioned_table,11,12046,0,10,2,3350,0,0,0,0,4165,true,false,p,r,8,0,false,false,false,false,false,true,n,false,0,479,1,"{postgres=arwdDxt/postgres,=r/postgres}",,
3541,pg_range,11,12047,0,10,2,3541,0,1,6,1,0,true,false,p,r,6,0,false,false,false,false,false,true,n,false,0,479,1,"{postgres=arwdDxt/postgres,=r/postgres}",,
3576,pg_transform,11,12048,0,10,2,3576,0,0,0,0,0,true,false,p,r,5,0,false,false,false,false,false,true,n,false,0,479,1,"{postgres=arwdDxt/postgres,=r/postgres}",,
2224,pg_sequence,11,12049,0,10,2,2224,0,0,0,0,0,true,false,p,r,8,0,false,false,false,false,false,true,n,false,0,479,1,"{postgres=arwdDxt/postgres,=r/postgres}",,
6104,pg_publication,11,12050,0,10,2,6104,0,0,0,0,0,true,false,p,r,9,0,false,false,false,false,false,true,n,false,0,479,1,"{postgres=arwdDxt/postgres,=r/postgres}",,
6106,pg_publication_rel,11,12051,0,10,2,6106,0,0,0,0,0,true,false,p,r,3,0,false,false,false,false,false,true,n,false,0,479,1,"{postgres=arwdDxt/postgres,=r/postgres}",,
6102,pg_subscription_rel,11,12052,0,10,2,6102,0,0,0,0,0,true,false,p,r,4,0,false,false,false,false,false,true,n,false,0,479,1,"{postgres=arwdDxt/postgres,=r/postgres}",,
12095,pg_group,11,12096,0,10,0,0,0,0,0,0,0,false,false,p,v,3,0,true,false,false,false,false,true,n,false,0,0,0,"{postgres=arwdDxt/postgres,=r/postgres}",,
12098,pg_user,11,12099,0,10,0,0,0,0,0,0,0,false,false,p,v,9,0,true,false,false,false,false,true,n,false,0,0,0,"{postgres=arwdDxt/postgres,=r/postgres}",,
12101,pg_policies,11,12102,0,10,0,0,0,0,0,0,0,false,false,p,v,8,0,true,false,false,false,false,true,n,false,0,0,0,"{postgres=arwdDxt/postgres,=r/postgres}",,
12105,pg_rules,11,12106,0,10,0,0,0,0,0,0,0,false,false,p,v,4,0,true,false,false,false,false,true,n,false,0,0,0,"{postgres=arwdDxt/postgres,=r/postgres}",,
12109,pg_views,11,12110,0,10,0,0,0,0,0,0,0,false,false,p,v,4,0,true,false,false,false,false,true,n,false,0,0,0,"{postgres=arwdDxt/postgres,=r/postgres}",,
12113,pg_tables,11,12114,0,10,0,0,0,0,0,0,0,false,false,p,v,8,0,true,false,false,false,false,true,n,false,0,0,0,"{postgres=arwdDxt/postgres,=r/postgres}",,
12117,pg_matviews,11,12118,0,10,0,0,0,0,0,0,0,false,false,p,v,7,0,true,false,false,false,false,true,n,false,0,0,0,"{postgres=arwdDxt/postgres,=r/postgres}",,
12121,pg_indexes,11,12122,0,10,0,0,0,0,0,0,0,false,false,p,v,5,0,true,false,false,false,false,true,n,false,0,0,0,"{postgres=arwdDxt/postgres,=r/postgres}",,
12125,pg_sequences,11,12126,0,10,0,0,0,0,0,0,0,false,false,p,v,11,0,true,false,false,false,false,true,n,false,0,0,0,"{postgres=arwdDxt/postgres,=r/postgres}",,
12129,pg_stats,11,12130,0,10,0,0,0,0,0,0,0,false,false,p,v,14,0,true,false,false,false,false,true,n,false,0,0,0,"{postgres=arwdDxt/postgres,=r/postgres}",{security_barrier=true},
12133,pg_stats_ext,11,12134,0,10,0,0,0,0,0,0,0,false,false,p,v,13,0,true,false,false,false,false,true,n,false,0,0,0,"{postgres=arwdDxt/postgres,=r/postgres}",{security_barrier=true},
12137,pg_publication_tables,11,12138,0,10,0,0,0,0,0,0,0,false,false,p,v,3,0,true,false,false,false,false,true,n,false,0,0,0,"{postgres=arwdDxt/postgres,=r/postgres}",,
12141,pg_locks,11,12142,0,10,0,0,0,0,0,0,0,false,false,p,v,15,0,true,false,false,false,false,true,n,false,0,0,0,"{postgres=arwdDxt/postgres,=r/postgres}",,
12144,pg_cursors,11,12145,0,10,0,0,0,0,0,0,0,false,false,p,v,6,0,true,false,false,false,false,true,n,false,0,0,0,"{postgres=arwdDxt/postgres,=r/postgres}",,
12147,pg_available_extensions,11,12148,0,10,0,0,0,0,0,0,0,false,false,p,v,4,0,true,false,false,false,false,true,n,false,0,0,0,"{postgres=arwdDxt/postgres,=r/postgres}",,
12150,pg_available_extension_versions,11,12151,0,10,0,0,0,0,0,0,0,false,false,p,v,9,0,true,false,false,false,false,true,n,false,0,0,0,"{postgres=arwdDxt/postgres,=r/postgres}",,
12154,pg_prepared_xacts,11,12155,0,10,0,0,0,0,0,0,0,false,false,p,v,5,0,true,false,false,false,false,true,n,false,0,0,0,"{postgres=arwdDxt/postgres,=r/postgres}",,
12161,pg_seclabels,11,12162,0,10,0,0,0,0,0,0,0,false,false,p,v,8,0,true,false,false,false,false,true,n,false,0,0,0,"{postgres=arwdDxt/postgres,=r/postgres}",,
12217,pg_statio_user_tables,11,12218,0,10,0,0,0,0,0,0,0,false,false,p,v,11,0,true,false,false,false,false,true,n,false,0,0,0,"{postgres=arwdDxt/postgres,=r/postgres}",,
12220,pg_stat_all_indexes,11,12221,0,10,0,0,0,0,0,0,0,false,false,p,v,8,0,true,false,false,false,false,true,n,false,0,0,0,"{postgres=arwdDxt/postgres,=r/postgres}",,
12176,pg_timezone_abbrevs,11,12177,0,10,0,0,0,0,0,0,0,false,false,p,v,3,0,true,false,false,false,false,true,n,false,0,0,0,"{postgres=arwdDxt/postgres,=r/postgres}",,
12179,pg_timezone_names,11,12180,0,10,0,0,0,0,0,0,0,false,false,p,v,4,0,true,false,false,false,false,true,n,false,0,0,0,"{postgres=arwdDxt/postgres,=r/postgres}",,
12224,pg_stat_sys_indexes,11,12225,0,10,0,0,0,0,0,0,0,false,false,p,v,8,0,true,false,false,false,false,true,n,false,0,0,0,"{postgres=arwdDxt/postgres,=r/postgres}",,
12188,pg_stat_all_tables,11,12189,0,10,0,0,0,0,0,0,0,false,false,p,v,23,0,true,false,false,false,false,true,n,false,0,0,0,"{postgres=arwdDxt/postgres,=r/postgres}",,
12192,pg_stat_xact_all_tables,11,12193,0,10,0,0,0,0,0,0,0,false,false,p,v,11,0,true,false,false,false,false,true,n,false,0,0,0,"{postgres=arwdDxt/postgres,=r/postgres}",,
12196,pg_stat_sys_tables,11,12197,0,10,0,0,0,0,0,0,0,false,false,p,v,23,0,true,false,false,false,false,true,n,false,0,0,0,"{postgres=arwdDxt/postgres,=r/postgres}",,
12200,pg_stat_xact_sys_tables,11,12201,0,10,0,0,0,0,0,0,0,false,false,p,v,11,0,true,false,false,false,false,true,n,false,0,0,0,"{postgres=arwdDxt/postgres,=r/postgres}",,
12203,pg_stat_user_tables,11,12204,0,10,0,0,0,0,0,0,0,false,false,p,v,23,0,true,false,false,false,false,true,n,false,0,0,0,"{postgres=arwdDxt/postgres,=r/postgres}",,
12207,pg_stat_xact_user_tables,11,12208,0,10,0,0,0,0,0,0,0,false,false,p,v,11,0,true,false,false,false,false,true,n,false,0,0,0,"{postgres=arwdDxt/postgres,=r/postgres}",,
12210,pg_statio_all_tables,11,12211,0,10,0,0,0,0,0,0,0,false,false,p,v,11,0,true,false,false,false,false,true,n,false,0,0,0,"{postgres=arwdDxt/postgres,=r/postgres}",,
12214,pg_statio_sys_tables,11,12215,0,10,0,0,0,0,0,0,0,false,false,p,v,11,0,true,false,false,false,false,true,n,false,0,0,0,"{postgres=arwdDxt/postgres,=r/postgres}",,
12227,pg_stat_user_indexes,11,12228,0,10,0,0,0,0,0,0,0,false,false,p,v,8,0,true,false,false,false,false,true,n,false,0,0,0,"{postgres=arwdDxt/postgres,=r/postgres}",,
12230,pg_statio_all_indexes,11,12231,0,10,0,0,0,0,0,0,0,false,false,p,v,7,0,true,false,false,false,false,true,n,false,0,0,0,"{postgres=arwdDxt/postgres,=r/postgres}",,
12234,pg_statio_sys_indexes,11,12235,0,10,0,0,0,0,0,0,0,false,false,p,v,7,0,true,false,false,false,false,true,n,false,0,0,0,"{postgres=arwdDxt/postgres,=r/postgres}",,
12237,pg_statio_user_indexes,11,12238,0,10,0,0,0,0,0,0,0,false,false,p,v,7,0,true,false,false,false,false,true,n,false,0,0,0,"{postgres=arwdDxt/postgres,=r/postgres}",,
12240,pg_statio_all_sequences,11,12241,0,10,0,0,0,0,0,0,0,false,false,p,v,5,0,true,false,false,false,false,true,n,false,0,0,0,"{postgres=arwdDxt/postgres,=r/postgres}",,
12244,pg_statio_sys_sequences,11,12245,0,10,0,0,0,0,0,0,0,false,false,p,v,5,0,true,false,false,false,false,true,n,false,0,0,0,"{postgres=arwdDxt/postgres,=r/postgres}",,
12247,pg_statio_user_sequences,11,12248,0,10,0,0,0,0,0,0,0,false,false,p,v,5,0,true,false,false,false,false,true,n,false,0,0,0,"{postgres=arwdDxt/postgres,=r/postgres}",,
12250,pg_stat_activity,11,12251,0,10,0,0,0,0,0,0,0,false,false,p,v,21,0,true,false,false,false,false,true,n,false,0,0,0,"{postgres=arwdDxt/postgres,=r/postgres}",,
12254,pg_stat_replication,11,12255,0,10,0,0,0,0,0,0,0,false,false,p,v,20,0,true,false,false,false,false,true,n,false,0,0,0,"{postgres=arwdDxt/postgres,=r/postgres}",,
12258,pg_stat_slru,11,12259,0,10,0,0,0,0,0,0,0,false,false,p,v,9,0,true,false,false,false,false,true,n,false,0,0,0,"{postgres=arwdDxt/postgres,=r/postgres}",,
12261,pg_stat_wal_receiver,11,12262,0,10,0,0,0,0,0,0,0,false,false,p,v,15,0,true,false,false,false,false,true,n,false,0,0,0,"{postgres=arwdDxt/postgres,=r/postgres}",,
12264,pg_stat_subscription,11,12265,0,10,0,0,0,0,0,0,0,false,false,p,v,9,0,true,false,false,false,false,true,n,false,0,0,0,"{postgres=arwdDxt/postgres,=r/postgres}",,
12267,pg_stat_ssl,11,12268,0,10,0,0,0,0,0,0,0,false,false,p,v,9,0,true,false,false,false,false,true,n,false,0,0,0,"{postgres=arwdDxt/postgres,=r/postgres}",,
12270,pg_stat_gssapi,11,12271,0,10,0,0,0,0,0,0,0,false,false,p,v,4,0,true,false,false,false,false,true,n,false,0,0,0,"{postgres=arwdDxt/postgres,=r/postgres}",,
12273,pg_replication_slots,11,12274,0,10,0,0,0,0,0,0,0,false,false,p,v,14,0,true,false,false,false,false,true,n,false,0,0,0,"{postgres=arwdDxt/postgres,=r/postgres}",,
12277,pg_stat_database,11,12278,0,10,0,0,0,0,0,0,0,false,false,p,v,21,0,true,false,false,false,false,true,n,false,0,0,0,"{postgres=arwdDxt/postgres,=r/postgres}",,
12281,pg_stat_database_conflicts,11,12282,0,10,0,0,0,0,0,0,0,false,false,p,v,7,0,true,false,false,false,false,true,n,false,0,0,0,"{postgres=arwdDxt/postgres,=r/postgres}",,
12284,pg_stat_user_functions,11,12285,0,10,0,0,0,0,0,0,0,false,false,p,v,6,0,true,false,false,false,false,true,n,false,0,0,0,"{postgres=arwdDxt/postgres,=r/postgres}",,
12288,pg_stat_xact_user_functions,11,12289,0,10,0,0,0,0,0,0,0,false,false,p,v,6,0,true,false,false,false,false,true,n,false,0,0,0,"{postgres=arwdDxt/postgres,=r/postgres}",,
12292,pg_stat_archiver,11,12293,0,10,0,0,0,0,0,0,0,false,false,p,v,7,0,true,false,false,false,false,true,n,false,0,0,0,"{postgres=arwdDxt/postgres,=r/postgres}",,
12295,pg_stat_bgwriter,11,12296,0,10,0,0,0,0,0,0,0,false,false,p,v,11,0,true,false,false,false,false,true,n,false,0,0,0,"{postgres=arwdDxt/postgres,=r/postgres}",,
12298,pg_stat_progress_analyze,11,12299,0,10,0,0,0,0,0,0,0,false,false,p,v,12,0,true,false,false,false,false,true,n,false,0,0,0,"{postgres=arwdDxt/postgres,=r/postgres}",,
13232,columns,13158,13233,0,10,0,0,0,0,0,0,0,false,false,p,v,44,0,true,false,false,false,false,true,n,false,0,0,0,"{postgres=arwdDxt/postgres,=r/postgres}",,
13177,information_schema_catalog_name,13158,13178,0,10,0,0,0,0,0,0,0,false,false,p,v,1,0,true,false,false,false,false,true,n,false,0,0,0,"{postgres=arwdDxt/postgres,=r/postgres}",,
13208,collations,13158,13209,0,10,0,0,0,0,0,0,0,false,false,p,v,4,0,true,false,false,false,false,true,n,false,0,0,0,"{postgres=arwdDxt/postgres,=r/postgres}",,
13185,applicable_roles,13158,13186,0,10,0,0,0,0,0,0,0,false,false,p,v,3,0,true,false,false,false,false,true,n,false,0,0,0,"{postgres=arwdDxt/postgres,=r/postgres}",,
13189,administrable_role_authorizations,13158,13190,0,10,0,0,0,0,0,0,0,false,false,p,v,3,0,true,false,false,false,false,true,n,false,0,0,0,"{postgres=arwdDxt/postgres,=r/postgres}",,
13224,column_privileges,13158,13225,0,10,0,0,0,0,0,0,0,false,false,p,v,8,0,true,false,false,false,false,true,n,false,0,0,0,"{postgres=arwdDxt/postgres,=r/postgres}",,
13192,attributes,13158,13193,0,10,0,0,0,0,0,0,0,false,false,p,v,31,0,true,false,false,false,false,true,n,false,0,0,0,"{postgres=arwdDxt/postgres,=r/postgres}",,
13212,collation_character_set_applicability,13158,13213,0,10,0,0,0,0,0,0,0,false,false,p,v,6,0,true,false,false,false,false,true,n,false,0,0,0,"{postgres=arwdDxt/postgres,=r/postgres}",,
13196,character_sets,13158,13197,0,10,0,0,0,0,0,0,0,false,false,p,v,8,0,true,false,false,false,false,true,n,false,0,0,0,"{postgres=arwdDxt/postgres,=r/postgres}",,
13200,check_constraint_routine_usage,13158,13201,0,10,0,0,0,0,0,0,0,false,false,p,v,6,0,true,false,false,false,false,true,n,false,0,0,0,"{postgres=arwdDxt/postgres,=r/postgres}",,
13204,check_constraints,13158,13205,0,10,0,0,0,0,0,0,0,false,false,p,v,4,0,true,false,false,false,false,true,n,false,0,0,0,"{postgres=arwdDxt/postgres,=r/postgres}",,
13216,column_column_usage,13158,13217,0,10,0,0,0,0,0,0,0,false,false,p,v,5,0,true,false,false,false,false,true,n,false,0,0,0,"{postgres=arwdDxt/postgres,=r/postgres}",,
13220,column_domain_usage,13158,13221,0,10,0,0,0,0,0,0,0,false,false,p,v,7,0,true,false,false,false,false,true,n,false,0,0,0,"{postgres=arwdDxt/postgres,=r/postgres}",,
13228,column_udt_usage,13158,13229,0,10,0,0,0,0,0,0,0,false,false,p,v,7,0,true,false,false,false,false,true,n,false,0,0,0,"{postgres=arwdDxt/postgres,=r/postgres}",,
13236,constraint_column_usage,13158,13237,0,10,0,0,0,0,0,0,0,false,false,p,v,7,0,true,false,false,false,false,true,n,false,0,0,0,"{postgres=arwdDxt/postgres,=r/postgres}",,
13240,constraint_table_usage,13158,13241,0,10,0,0,0,0,0,0,0,false,false,p,v,6,0,true,false,false,false,false,true,n,false,0,0,0,"{postgres=arwdDxt/postgres,=r/postgres}",,
13244,domain_constraints,13158,13245,0,10,0,0,0,0,0,0,0,false,false,p,v,8,0,true,false,false,false,false,true,n,false,0,0,0,"{postgres=arwdDxt/postgres,=r/postgres}",,
13248,domain_udt_usage,13158,13249,0,10,0,0,0,0,0,0,0,false,false,p,v,6,0,true,false,false,false,false,true,n,false,0,0,0,"{postgres=arwdDxt/postgres,=r/postgres}",,
13252,domains,13158,13253,0,10,0,0,0,0,0,0,0,false,false,p,v,27,0,true,false,false,false,false,true,n,false,0,0,0,"{postgres=arwdDxt/postgres,=r/postgres}",,
13256,enabled_roles,13158,13257,0,10,0,0,0,0,0,0,0,false,false,p,v,1,0,true,false,false,false,false,true,n,false,0,0,0,"{postgres=arwdDxt/postgres,=r/postgres}",,
13297,sql_implementation_info,13158,13298,0,10,2,13297,0,1,12,1,13299,false,false,p,r,5,0,false,false,false,false,false,true,d,false,0,479,1,"{postgres=arwdDxt/postgres,=r/postgres}",,
13259,key_column_usage,13158,13260,0,10,0,0,0,0,0,0,0,false,false,p,v,9,0,true,false,false,false,false,true,n,false,0,0,0,"{postgres=arwdDxt/postgres,=r/postgres}",,
13263,parameters,13158,13264,0,10,0,0,0,0,0,0,0,false,false,p,v,32,0,true,false,false,false,false,true,n,false,0,0,0,"{postgres=arwdDxt/postgres,=r/postgres}",,
13304,pg_toast_13302,99,13305,0,10,2,13304,0,0,0,0,0,true,false,p,t,3,0,false,false,false,false,false,true,n,false,0,479,1,,,
13267,referential_constraints,13158,13268,0,10,0,0,0,0,0,0,0,false,false,p,v,9,0,true,false,false,false,false,true,n,false,0,0,0,"{postgres=arwdDxt/postgres,=r/postgres}",,
13306,pg_toast_13302_index,99,0,0,10,403,13306,0,1,0,0,0,false,false,p,i,2,0,false,false,false,false,false,true,n,false,0,0,0,,,
13271,role_column_grants,13158,13272,0,10,0,0,0,0,0,0,0,false,false,p,v,8,0,true,false,false,false,false,true,n,false,0,0,0,"{postgres=arwdDxt/postgres,=r/postgres}",,
13302,sql_parts,13158,13303,0,10,2,13302,0,1,10,1,13304,false,false,p,r,5,0,false,false,false,false,false,true,d,false,0,479,1,,,
13274,routine_privileges,13158,13275,0,10,0,0,0,0,0,0,0,false,false,p,v,10,0,true,false,false,false,false,true,n,false,0,0,0,"{postgres=arwdDxt/postgres,=r/postgres}",,
13278,role_routine_grants,13158,13279,0,10,0,0,0,0,0,0,0,false,false,p,v,10,0,true,false,false,false,false,true,n,false,0,0,0,"{postgres=arwdDxt/postgres,=r/postgres}",,
13309,pg_toast_13307,99,13310,0,10,2,13309,0,0,0,0,0,true,false,p,t,3,0,false,false,false,false,false,true,n,false,0,479,1,,,
13281,routines,13158,13282,0,10,0,0,0,0,0,0,0,false,false,p,v,82,0,true,false,false,false,false,true,n,false,0,0,0,"{postgres=arwdDxt/postgres,=r/postgres}",,
13311,pg_toast_13307_index,99,0,0,10,403,13311,0,1,0,0,0,false,false,p,i,2,0,false,false,false,false,false,true,n,false,0,0,0,,,
13285,schemata,13158,13286,0,10,0,0,0,0,0,0,0,false,false,p,v,7,0,true,false,false,false,false,true,n,false,0,0,0,"{postgres=arwdDxt/postgres,=r/postgres}",,
13323,tables,13158,13324,0,10,0,0,0,0,0,0,0,false,false,p,v,12,0,true,false,false,false,false,true,n,false,0,0,0,"{postgres=arwdDxt/postgres,=r/postgres}",,
13288,sequences,13158,13289,0,10,0,0,0,0,0,0,0,false,false,p,v,12,0,true,false,false,false,false,true,n,false,0,0,0,"{postgres=arwdDxt/postgres,=r/postgres}",,
13294,pg_toast_13292,99,13295,0,10,2,13294,0,0,0,0,0,true,false,p,t,3,0,false,false,false,false,false,true,n,false,0,479,1,,,
13296,pg_toast_13292_index,99,0,0,10,403,13296,0,1,0,0,0,false,false,p,i,2,0,false,false,false,false,false,true,n,false,0,0,0,,,
13307,sql_sizing,13158,13308,0,10,2,13307,0,1,23,1,13309,false,false,p,r,4,0,false,false,false,false,false,true,d,false,0,479,1,"{postgres=arwdDxt/postgres,=r/postgres}",,
13292,sql_features,13158,13293,0,10,2,13292,0,8,712,8,13294,false,false,p,r,7,0,false,false,false,false,false,true,d,false,0,479,1,"{postgres=arwdDxt/postgres,=r/postgres}",,
13299,pg_toast_13297,99,13300,0,10,2,13299,0,0,0,0,0,true,false,p,t,3,0,false,false,false,false,false,true,n,false,0,479,1,,,
13301,pg_toast_13297_index,99,0,0,10,403,13301,0,1,0,0,0,false,false,p,i,2,0,false,false,false,false,false,true,n,false,0,0,0,,,
13312,table_constraints,13158,13313,0,10,0,0,0,0,0,0,0,false,false,p,v,10,0,true,false,false,false,false,true,n,false,0,0,0,"{postgres=arwdDxt/postgres,=r/postgres}",,
13327,transforms,13158,13328,0,10,0,0,0,0,0,0,0,false,false,p,v,8,0,true,false,false,false,false,true,n,false,0,0,0,,,
13316,table_privileges,13158,13317,0,10,0,0,0,0,0,0,0,false,false,p,v,8,0,true,false,false,false,false,true,n,false,0,0,0,"{postgres=arwdDxt/postgres,=r/postgres}",,
13320,role_table_grants,13158,13321,0,10,0,0,0,0,0,0,0,false,false,p,v,8,0,true,false,false,false,false,true,n,false,0,0,0,"{postgres=arwdDxt/postgres,=r/postgres}",,
13339,udt_privileges,13158,13340,0,10,0,0,0,0,0,0,0,false,false,p,v,7,0,true,false,false,false,false,true,n,false,0,0,0,"{postgres=arwdDxt/postgres,=r/postgres}",,
13331,triggered_update_columns,13158,13332,0,10,0,0,0,0,0,0,0,false,false,p,v,7,0,true,false,false,false,false,true,n,false,0,0,0,"{postgres=arwdDxt/postgres,=r/postgres}",,
13335,triggers,13158,13336,0,10,0,0,0,0,0,0,0,false,false,p,v,17,0,true,false,false,false,false,true,n,false,0,0,0,"{postgres=arwdDxt/postgres,=r/postgres}",,
13346,usage_privileges,13158,13347,0,10,0,0,0,0,0,0,0,false,false,p,v,8,0,true,false,false,false,false,true,n,false,0,0,0,"{postgres=arwdDxt/postgres,=r/postgres}",,
13343,role_udt_grants,13158,13344,0,10,0,0,0,0,0,0,0,false,false,p,v,7,0,true,false,false,false,false,true,n,false,0,0,0,"{postgres=arwdDxt/postgres,=r/postgres}",,
13350,role_usage_grants,13158,13351,0,10,0,0,0,0,0,0,0,false,false,p,v,8,0,true,false,false,false,false,true,n,false,0,0,0,"{postgres=arwdDxt/postgres,=r/postgres}",,
13353,user_defined_types,13158,13354,0,10,0,0,0,0,0,0,0,false,false,p,v,29,0,true,false,false,false,false,true,n,false,0,0,0,"{postgres=arwdDxt/postgres,=r/postgres}",,
13357,view_column_usage,13158,13358,0,10,0,0,0,0,0,0,0,false,false,p,v,7,0,true,false,false,false,false,true,n,false,0,0,0,"{postgres=arwdDxt/postgres,=r/postgres}",,
13361,view_routine_usage,13158,13362,0,10,0,0,0,0,0,0,0,false,false,p,v,6,0,true,false,false,false,false,true,n,false,0,0,0,"{postgres=arwdDxt/postgres,=r/postgres}",,
13365,view_table_usage,13158,13366,0,10,0,0,0,0,0,0,0,false,false,p,v,6,0,true,false,false,false,false,true,n,false,0,0,0,"{postgres=arwdDxt/postgres,=r/postgres}",,
13414,foreign_tables,13158,13415,0,10,0,0,0,0,0,0,0,false,false,p,v,5,0,true,false,false,false,false,true,n,false,0,0,0,"{postgres=arwdDxt/postgres,=r/postgres}",,
13369,views,13158,13370,0,10,0,0,0,0,0,0,0,false,false,p,v,10,0,true,false,false,false,false,true,n,false,0,0,0,"{postgres=arwdDxt/postgres,=r/postgres}",,
13373,data_type_privileges,13158,13374,0,10,0,0,0,0,0,0,0,false,false,p,v,5,0,true,false,false,false,false,true,n,false,0,0,0,"{postgres=arwdDxt/postgres,=r/postgres}",,
13417,_pg_user_mappings,13158,13418,0,10,0,0,0,0,0,0,0,false,false,p,v,7,0,true,false,false,false,false,true,n,false,0,0,0,,,
13377,element_types,13158,13378,0,10,0,0,0,0,0,0,0,false,false,p,v,29,0,true,false,false,false,false,true,n,false,0,0,0,"{postgres=arwdDxt/postgres,=r/postgres}",,
13381,_pg_foreign_table_columns,13158,13382,0,10,0,0,0,0,0,0,0,false,false,p,v,4,0,true,false,false,false,false,true,n,false,0,0,0,,,
13385,column_options,13158,13386,0,10,0,0,0,0,0,0,0,false,false,p,v,6,0,true,false,false,false,false,true,n,false,0,0,0,"{postgres=arwdDxt/postgres,=r/postgres}",,
13388,_pg_foreign_data_wrappers,13158,13389,0,10,0,0,0,0,0,0,0,false,false,p,v,7,0,true,false,false,false,false,true,n,false,0,0,0,,,
13391,foreign_data_wrapper_options,13158,13392,0,10,0,0,0,0,0,0,0,false,false,p,v,4,0,true,false,false,false,false,true,n,false,0,0,0,"{postgres=arwdDxt/postgres,=r/postgres}",,
13421,user_mapping_options,13158,13422,0,10,0,0,0,0,0,0,0,false,false,p,v,5,0,true,false,false,false,false,true,n,false,0,0,0,"{postgres=arwdDxt/postgres,=r/postgres}",,
13394,foreign_data_wrappers,13158,13395,0,10,0,0,0,0,0,0,0,false,false,p,v,5,0,true,false,false,false,false,true,n,false,0,0,0,"{postgres=arwdDxt/postgres,=r/postgres}",,
13397,_pg_foreign_servers,13158,13398,0,10,0,0,0,0,0,0,0,false,false,p,v,9,0,true,false,false,false,false,true,n,false,0,0,0,,,
13401,foreign_server_options,13158,13402,0,10,0,0,0,0,0,0,0,false,false,p,v,4,0,true,false,false,false,false,true,n,false,0,0,0,"{postgres=arwdDxt/postgres,=r/postgres}",,
13404,foreign_servers,13158,13405,0,10,0,0,0,0,0,0,0,false,false,p,v,7,0,true,false,false,false,false,true,n,false,0,0,0,"{postgres=arwdDxt/postgres,=r/postgres}",,
13407,_pg_foreign_tables,13158,13408,0,10,0,0,0,0,0,0,0,false,false,p,v,7,0,true,false,false,false,false,true,n,false,0,0,0,,,
13425,user_mappings,13158,13426,0,10,0,0,0,0,0,0,0,false,false,p,v,3,0,true,false,false,false,false,true,n,false,0,0,0,"{postgres=arwdDxt/postgres,=r/postgres}",,
13411,foreign_table_options,13158,13412,0,10,0,0,0,0,0,0,0,false,false,p,v,5,0,true,false,false,false,false,true,n,false,0,0,0,"{postgres=arwdDxt/postgres,=r/postgres}",,
