BINDIR,C:/PROGRA~1/PostgreSQL/13/bin
DOCDIR,C:/PROGRA~1/PostgreSQL/13/doc
HTMLDIR,C:/PROGRA~1/PostgreSQL/13/doc
INCLUDEDIR,C:/PROGRA~1/PostgreSQL/13/include
PKGINCLUDEDIR,C:/PROGRA~1/PostgreSQL/13/include
INCLUDEDIR-SERVER,C:/PROGRA~1/PostgreSQL/13/include/server
LIBDIR,C:/PROGRA~1/PostgreSQL/13/lib
PKGLIBDIR,C:/PROGRA~1/PostgreSQL/13/lib
LOCALEDIR,C:/PROGRA~1/PostgreSQL/13/share/locale
MANDIR,C:/Program Files/PostgreSQL/13/man
SHAREDIR,C:/PROGRA~1/PostgreSQL/13/share
SYSCONFDIR,C:/Program Files/PostgreSQL/13/etc
PGXS,C:/Program Files/PostgreSQL/13/lib/pgxs/src/makefiles/pgxs.mk
CONFIGURE,--enable-thread-safety --enable-nls --with-ldap --with-openssl --with-uuid --with-libxml --with-libxslt --with-icu --with-tcl --with-perl --with-python
CC,not recorded
CPPFLAGS,not recorded
CFLAGS,not recorded
CFLAGS_SL,not recorded
LDFLAGS,not recorded
LDFLAGS_EX,not recorded
LDFLAGS_SL,not recorded
LIBS,not recorded
VERSION,PostgreSQL 13.0
