4402,koi8_r_to_mic,11,10,22,7,koi8r_to_mic,true
4403,mic_to_koi8_r,11,10,7,22,mic_to_koi8r,true
4404,iso_8859_5_to_mic,11,10,25,7,iso_to_mic,true
4405,mic_to_iso_8859_5,11,10,7,25,mic_to_iso,true
4406,windows_1251_to_mic,11,10,23,7,win1251_to_mic,true
4407,mic_to_windows_1251,11,10,7,23,mic_to_win1251,true
4408,windows_866_to_mic,11,10,20,7,win866_to_mic,true
4409,mic_to_windows_866,11,10,7,20,mic_to_win866,true
4410,koi8_r_to_windows_1251,11,10,22,23,koi8r_to_win1251,true
4411,windows_1251_to_koi8_r,11,10,23,22,win1251_to_koi8r,true
4412,koi8_r_to_windows_866,11,10,22,20,koi8r_to_win866,true
4413,windows_866_to_koi8_r,11,10,20,22,win866_to_koi8r,true
4414,windows_866_to_windows_1251,11,10,20,23,win866_to_win1251,true
4415,windows_1251_to_windows_866,11,10,23,20,win1251_to_win866,true
4416,iso_8859_5_to_koi8_r,11,10,25,22,iso_to_koi8r,true
4417,koi8_r_to_iso_8859_5,11,10,22,25,koi8r_to_iso,true
4418,iso_8859_5_to_windows_1251,11,10,25,23,iso_to_win1251,true
4419,windows_1251_to_iso_8859_5,11,10,23,25,win1251_to_iso,true
4420,iso_8859_5_to_windows_866,11,10,25,20,iso_to_win866,true
4421,windows_866_to_iso_8859_5,11,10,20,25,win866_to_iso,true
4422,euc_cn_to_mic,11,10,2,7,euc_cn_to_mic,true
4423,mic_to_euc_cn,11,10,7,2,mic_to_euc_cn,true
4424,euc_jp_to_sjis,11,10,1,35,euc_jp_to_sjis,true
4425,sjis_to_euc_jp,11,10,35,1,sjis_to_euc_jp,true
4426,euc_jp_to_mic,11,10,1,7,euc_jp_to_mic,true
4427,sjis_to_mic,11,10,35,7,sjis_to_mic,true
4428,mic_to_euc_jp,11,10,7,1,mic_to_euc_jp,true
4429,mic_to_sjis,11,10,7,35,mic_to_sjis,true
4430,euc_kr_to_mic,11,10,3,7,euc_kr_to_mic,true
4431,mic_to_euc_kr,11,10,7,3,mic_to_euc_kr,true
4432,euc_tw_to_big5,11,10,4,36,euc_tw_to_big5,true
4433,big5_to_euc_tw,11,10,36,4,big5_to_euc_tw,true
4434,euc_tw_to_mic,11,10,4,7,euc_tw_to_mic,true
4435,big5_to_mic,11,10,36,7,big5_to_mic,true
4436,mic_to_euc_tw,11,10,7,4,mic_to_euc_tw,true
4437,mic_to_big5,11,10,7,36,mic_to_big5,true
4438,iso_8859_2_to_mic,11,10,9,7,latin2_to_mic,true
4439,mic_to_iso_8859_2,11,10,7,9,mic_to_latin2,true
4440,windows_1250_to_mic,11,10,29,7,win1250_to_mic,true
4441,mic_to_windows_1250,11,10,7,29,mic_to_win1250,true
4442,iso_8859_2_to_windows_1250,11,10,9,29,latin2_to_win1250,true
4443,windows_1250_to_iso_8859_2,11,10,29,9,win1250_to_latin2,true
4444,iso_8859_1_to_mic,11,10,8,7,latin1_to_mic,true
4445,mic_to_iso_8859_1,11,10,7,8,mic_to_latin1,true
4446,iso_8859_3_to_mic,11,10,10,7,latin3_to_mic,true
4447,mic_to_iso_8859_3,11,10,7,10,mic_to_latin3,true
4448,iso_8859_4_to_mic,11,10,11,7,latin4_to_mic,true
4449,mic_to_iso_8859_4,11,10,7,11,mic_to_latin4,true
4452,big5_to_utf8,11,10,36,6,big5_to_utf8,true
4453,utf8_to_big5,11,10,6,36,utf8_to_big5,true
4454,utf8_to_koi8_r,11,10,6,22,utf8_to_koi8r,true
4455,koi8_r_to_utf8,11,10,22,6,koi8r_to_utf8,true
4456,utf8_to_koi8_u,11,10,6,34,utf8_to_koi8u,true
4457,koi8_u_to_utf8,11,10,34,6,koi8u_to_utf8,true
4458,utf8_to_windows_866,11,10,6,20,utf8_to_win,true
4459,windows_866_to_utf8,11,10,20,6,win_to_utf8,true
4460,utf8_to_windows_874,11,10,6,21,utf8_to_win,true
4461,windows_874_to_utf8,11,10,21,6,win_to_utf8,true
4462,utf8_to_windows_1250,11,10,6,29,utf8_to_win,true
4463,windows_1250_to_utf8,11,10,29,6,win_to_utf8,true
4464,utf8_to_windows_1251,11,10,6,23,utf8_to_win,true
4465,windows_1251_to_utf8,11,10,23,6,win_to_utf8,true
4466,utf8_to_windows_1252,11,10,6,24,utf8_to_win,true
4467,windows_1252_to_utf8,11,10,24,6,win_to_utf8,true
4468,utf8_to_windows_1253,11,10,6,30,utf8_to_win,true
4469,windows_1253_to_utf8,11,10,30,6,win_to_utf8,true
4470,utf8_to_windows_1254,11,10,6,31,utf8_to_win,true
4471,windows_1254_to_utf8,11,10,31,6,win_to_utf8,true
4472,utf8_to_windows_1255,11,10,6,32,utf8_to_win,true
4473,windows_1255_to_utf8,11,10,32,6,win_to_utf8,true
4474,utf8_to_windows_1256,11,10,6,18,utf8_to_win,true
4475,windows_1256_to_utf8,11,10,18,6,win_to_utf8,true
4476,utf8_to_windows_1257,11,10,6,33,utf8_to_win,true
4477,windows_1257_to_utf8,11,10,33,6,win_to_utf8,true
4478,utf8_to_windows_1258,11,10,6,19,utf8_to_win,true
4479,windows_1258_to_utf8,11,10,19,6,win_to_utf8,true
4480,euc_cn_to_utf8,11,10,2,6,euc_cn_to_utf8,true
4481,utf8_to_euc_cn,11,10,6,2,utf8_to_euc_cn,true
4482,euc_jp_to_utf8,11,10,1,6,euc_jp_to_utf8,true
4483,utf8_to_euc_jp,11,10,6,1,utf8_to_euc_jp,true
4484,euc_kr_to_utf8,11,10,3,6,euc_kr_to_utf8,true
4485,utf8_to_euc_kr,11,10,6,3,utf8_to_euc_kr,true
4486,euc_tw_to_utf8,11,10,4,6,euc_tw_to_utf8,true
4487,utf8_to_euc_tw,11,10,6,4,utf8_to_euc_tw,true
4488,gb18030_to_utf8,11,10,39,6,gb18030_to_utf8,true
4489,utf8_to_gb18030,11,10,6,39,utf8_to_gb18030,true
4490,gbk_to_utf8,11,10,37,6,gbk_to_utf8,true
4491,utf8_to_gbk,11,10,6,37,utf8_to_gbk,true
4492,utf8_to_iso_8859_2,11,10,6,9,utf8_to_iso8859,true
4493,iso_8859_2_to_utf8,11,10,9,6,iso8859_to_utf8,true
4494,utf8_to_iso_8859_3,11,10,6,10,utf8_to_iso8859,true
4495,iso_8859_3_to_utf8,11,10,10,6,iso8859_to_utf8,true
4496,utf8_to_iso_8859_4,11,10,6,11,utf8_to_iso8859,true
4497,iso_8859_4_to_utf8,11,10,11,6,iso8859_to_utf8,true
4498,utf8_to_iso_8859_9,11,10,6,12,utf8_to_iso8859,true
4499,iso_8859_9_to_utf8,11,10,12,6,iso8859_to_utf8,true
4500,utf8_to_iso_8859_10,11,10,6,13,utf8_to_iso8859,true
4501,iso_8859_10_to_utf8,11,10,13,6,iso8859_to_utf8,true
4502,utf8_to_iso_8859_13,11,10,6,14,utf8_to_iso8859,true
4503,iso_8859_13_to_utf8,11,10,14,6,iso8859_to_utf8,true
4504,utf8_to_iso_8859_14,11,10,6,15,utf8_to_iso8859,true
4505,iso_8859_14_to_utf8,11,10,15,6,iso8859_to_utf8,true
4506,utf8_to_iso_8859_15,11,10,6,16,utf8_to_iso8859,true
4507,iso_8859_15_to_utf8,11,10,16,6,iso8859_to_utf8,true
4508,utf8_to_iso_8859_16,11,10,6,17,utf8_to_iso8859,true
4509,iso_8859_16_to_utf8,11,10,17,6,iso8859_to_utf8,true
4510,utf8_to_iso_8859_5,11,10,6,25,utf8_to_iso8859,true
4511,iso_8859_5_to_utf8,11,10,25,6,iso8859_to_utf8,true
4512,utf8_to_iso_8859_6,11,10,6,26,utf8_to_iso8859,true
4513,iso_8859_6_to_utf8,11,10,26,6,iso8859_to_utf8,true
4514,utf8_to_iso_8859_7,11,10,6,27,utf8_to_iso8859,true
4515,iso_8859_7_to_utf8,11,10,27,6,iso8859_to_utf8,true
4516,utf8_to_iso_8859_8,11,10,6,28,utf8_to_iso8859,true
4517,iso_8859_8_to_utf8,11,10,28,6,iso8859_to_utf8,true
4518,iso_8859_1_to_utf8,11,10,8,6,iso8859_1_to_utf8,true
4519,utf8_to_iso_8859_1,11,10,6,8,utf8_to_iso8859_1,true
4520,johab_to_utf8,11,10,40,6,johab_to_utf8,true
4521,utf8_to_johab,11,10,6,40,utf8_to_johab,true
4522,sjis_to_utf8,11,10,35,6,sjis_to_utf8,true
4523,utf8_to_sjis,11,10,6,35,utf8_to_sjis,true
4524,uhc_to_utf8,11,10,38,6,uhc_to_utf8,true
4525,utf8_to_uhc,11,10,6,38,utf8_to_uhc,true
4526,euc_jis_2004_to_utf8,11,10,5,6,euc_jis_2004_to_utf8,true
4527,utf8_to_euc_jis_2004,11,10,6,5,utf8_to_euc_jis_2004,true
4528,shift_jis_2004_to_utf8,11,10,41,6,shift_jis_2004_to_utf8,true
4529,utf8_to_shift_jis_2004,11,10,6,41,utf8_to_shift_jis_2004,true
4530,euc_jis_2004_to_shift_jis_2004,11,10,5,41,euc_jis_2004_to_shift_jis_2004,true
4531,shift_jis_2004_to_euc_jis_2004,11,10,41,5,shift_jis_2004_to_euc_jis_2004,true
