3765,simple,11,10,3727,
13114,arabic_stem,11,10,13113,language = 'arabic'
13116,danish_stem,11,10,13113,"language = 'danish', stopwords = 'danish'"
13118,dutch_stem,11,10,13113,"language = 'dutch', stopwords = 'dutch'"
13120,english_stem,11,10,13113,"language = 'english', stopwords = 'english'"
13122,finnish_stem,11,10,13113,"language = 'finnish', stopwords = 'finnish'"
13124,french_stem,11,10,13113,"language = 'french', stopwords = 'french'"
13126,german_stem,11,10,13113,"language = 'german', stopwords = 'german'"
13128,greek_stem,11,10,13113,language = 'greek'
13130,hungarian_stem,11,10,13113,"language = 'hungarian', stopwords = 'hungarian'"
13132,indonesian_stem,11,10,13113,language = 'indonesian'
13134,irish_stem,11,10,13113,language = 'irish'
13136,italian_stem,11,10,13113,"language = 'italian', stopwords = 'italian'"
13138,lithuanian_stem,11,10,13113,language = 'lithuanian'
13140,nepali_stem,11,10,13113,"language = 'nepali', stopwords = 'nepali'"
13142,norwegian_stem,11,10,13113,"language = 'norwegian', stopwords = 'norwegian'"
13144,portuguese_stem,11,10,13113,"language = 'portuguese', stopwords = 'portuguese'"
13146,romanian_stem,11,10,13113,language = 'romanian'
13148,russian_stem,11,10,13113,"language = 'russian', stopwords = 'russian'"
13150,spanish_stem,11,10,13113,"language = 'spanish', stopwords = 'spanish'"
13152,swedish_stem,11,10,13113,"language = 'swedish', stopwords = 'swedish'"
13154,tamil_stem,11,10,13113,language = 'tamil'
13156,turkish_stem,11,10,13113,"language = 'turkish', stopwords = 'turkish'"
