13442,postgres,10,6,English_United States.1252,English_United States.1252,false,true,-1,13441,479,1,1663,
16395,test_db,10,6,English_United States.1252,English_United States.1252,false,true,-1,13441,479,1,1663,
1,template1,10,6,English_United States.1252,English_United States.1252,true,true,-1,13441,479,1,1663,"{=c/postgres,postgres=CTc/postgres}"
13441,template0,10,6,English_United States.1252,English_United States.1252,true,false,-1,13441,479,1,1663,"{=c/postgres,postgres=CTc/postgres}"
16409,dvdrental,16397,6,English_United States.1252,English_United States.1252,false,true,-1,13441,479,1,1663,
16737,todo,10,6,English_United States.1252,English_United States.1252,false,true,-1,13441,479,1,1663,
