C:/Program Files/PostgreSQL/13/data/postgresql.conf,59,1,listen_addresses,*,true,
C:/Program Files/PostgreSQL/13/data/postgresql.conf,63,2,port,5432,true,
C:/Program Files/PostgreSQL/13/data/postgresql.conf,64,3,max_connections,100,true,
C:/Program Files/PostgreSQL/13/data/postgresql.conf,91,4,password_encryption,scram-sha-256,true,
C:/Program Files/PostgreSQL/13/data/postgresql.conf,121,5,shared_buffers,128MB,true,
C:/Program Files/PostgreSQL/13/data/postgresql.conf,142,6,dynamic_shared_memory_type,windows,true,
C:/Program Files/PostgreSQL/13/data/postgresql.conf,228,7,max_wal_size,1GB,true,
C:/Program Files/PostgreSQL/13/data/postgresql.conf,229,8,min_wal_size,80MB,true,
C:/Program Files/PostgreSQL/13/data/postgresql.conf,425,9,log_destination,stderr,true,
C:/Program Files/PostgreSQL/13/data/postgresql.conf,431,10,logging_collector,on,true,
C:/Program Files/PostgreSQL/13/data/postgresql.conf,441,11,log_file_mode,0640,true,
C:/Program Files/PostgreSQL/13/data/postgresql.conf,563,12,log_timezone,Asia/Katmandu,true,
C:/Program Files/PostgreSQL/13/data/postgresql.conf,678,13,datestyle,"iso, mdy",true,
C:/Program Files/PostgreSQL/13/data/postgresql.conf,680,14,timezone,Asia/Katmandu,true,
C:/Program Files/PostgreSQL/13/data/postgresql.conf,694,15,lc_messages,English_United States.1252,true,
C:/Program Files/PostgreSQL/13/data/postgresql.conf,696,16,lc_monetary,English_United States.1252,true,
C:/Program Files/PostgreSQL/13/data/postgresql.conf,697,17,lc_numeric,English_United States.1252,true,
C:/Program Files/PostgreSQL/13/data/postgresql.conf,698,18,lc_time,English_United States.1252,true,
C:/Program Files/PostgreSQL/13/data/postgresql.conf,701,19,default_text_search_config,pg_catalog.english,true,
