todo,information_schema,_pg_user_mappings,todo,information_schema,_pg_foreign_servers,authorization_identifier
todo,information_schema,_pg_user_mappings,todo,information_schema,_pg_foreign_servers,foreign_server_catalog
todo,information_schema,_pg_user_mappings,todo,information_schema,_pg_foreign_servers,foreign_server_name
todo,information_schema,_pg_user_mappings,todo,information_schema,_pg_foreign_servers,oid
todo,information_schema,administrable_role_authorizations,todo,information_schema,applicable_roles,grantee
todo,information_schema,administrable_role_authorizations,todo,information_schema,applicable_roles,is_grantable
todo,information_schema,administrable_role_authorizations,todo,information_schema,applicable_roles,role_name
todo,information_schema,column_options,todo,information_schema,_pg_foreign_table_columns,attfdwoptions
todo,information_schema,column_options,todo,information_schema,_pg_foreign_table_columns,attname
todo,information_schema,column_options,todo,information_schema,_pg_foreign_table_columns,nspname
todo,information_schema,column_options,todo,information_schema,_pg_foreign_table_columns,relname
todo,information_schema,data_type_privileges,todo,information_schema,attributes,dtd_identifier
todo,information_schema,data_type_privileges,todo,information_schema,attributes,udt_name
todo,information_schema,data_type_privileges,todo,information_schema,attributes,udt_schema
todo,information_schema,data_type_privileges,todo,information_schema,columns,dtd_identifier
todo,information_schema,data_type_privileges,todo,information_schema,columns,table_name
todo,information_schema,data_type_privileges,todo,information_schema,columns,table_schema
todo,information_schema,data_type_privileges,todo,information_schema,domains,domain_name
todo,information_schema,data_type_privileges,todo,information_schema,domains,domain_schema
todo,information_schema,data_type_privileges,todo,information_schema,domains,dtd_identifier
todo,information_schema,data_type_privileges,todo,information_schema,parameters,dtd_identifier
todo,information_schema,data_type_privileges,todo,information_schema,parameters,specific_name
todo,information_schema,data_type_privileges,todo,information_schema,parameters,specific_schema
todo,information_schema,data_type_privileges,todo,information_schema,routines,dtd_identifier
todo,information_schema,data_type_privileges,todo,information_schema,routines,specific_name
todo,information_schema,data_type_privileges,todo,information_schema,routines,specific_schema
todo,information_schema,element_types,todo,information_schema,data_type_privileges,dtd_identifier
todo,information_schema,element_types,todo,information_schema,data_type_privileges,object_name
todo,information_schema,element_types,todo,information_schema,data_type_privileges,object_schema
todo,information_schema,element_types,todo,information_schema,data_type_privileges,object_type
todo,information_schema,foreign_data_wrapper_options,todo,information_schema,_pg_foreign_data_wrappers,fdwoptions
todo,information_schema,foreign_data_wrapper_options,todo,information_schema,_pg_foreign_data_wrappers,foreign_data_wrapper_catalog
todo,information_schema,foreign_data_wrapper_options,todo,information_schema,_pg_foreign_data_wrappers,foreign_data_wrapper_name
todo,information_schema,foreign_data_wrappers,todo,information_schema,_pg_foreign_data_wrappers,authorization_identifier
todo,information_schema,foreign_data_wrappers,todo,information_schema,_pg_foreign_data_wrappers,foreign_data_wrapper_catalog
todo,information_schema,foreign_data_wrappers,todo,information_schema,_pg_foreign_data_wrappers,foreign_data_wrapper_language
todo,information_schema,foreign_data_wrappers,todo,information_schema,_pg_foreign_data_wrappers,foreign_data_wrapper_name
todo,information_schema,foreign_server_options,todo,information_schema,_pg_foreign_servers,foreign_server_catalog
todo,information_schema,foreign_server_options,todo,information_schema,_pg_foreign_servers,foreign_server_name
todo,information_schema,foreign_server_options,todo,information_schema,_pg_foreign_servers,srvoptions
todo,information_schema,foreign_servers,todo,information_schema,_pg_foreign_servers,authorization_identifier
todo,information_schema,foreign_servers,todo,information_schema,_pg_foreign_servers,foreign_data_wrapper_catalog
todo,information_schema,foreign_servers,todo,information_schema,_pg_foreign_servers,foreign_data_wrapper_name
todo,information_schema,foreign_servers,todo,information_schema,_pg_foreign_servers,foreign_server_catalog
todo,information_schema,foreign_servers,todo,information_schema,_pg_foreign_servers,foreign_server_name
todo,information_schema,foreign_servers,todo,information_schema,_pg_foreign_servers,foreign_server_type
todo,information_schema,foreign_servers,todo,information_schema,_pg_foreign_servers,foreign_server_version
todo,information_schema,foreign_table_options,todo,information_schema,_pg_foreign_tables,foreign_table_catalog
todo,information_schema,foreign_table_options,todo,information_schema,_pg_foreign_tables,foreign_table_name
todo,information_schema,foreign_table_options,todo,information_schema,_pg_foreign_tables,foreign_table_schema
todo,information_schema,foreign_table_options,todo,information_schema,_pg_foreign_tables,ftoptions
todo,information_schema,foreign_tables,todo,information_schema,_pg_foreign_tables,foreign_server_catalog
todo,information_schema,foreign_tables,todo,information_schema,_pg_foreign_tables,foreign_server_name
todo,information_schema,foreign_tables,todo,information_schema,_pg_foreign_tables,foreign_table_catalog
todo,information_schema,foreign_tables,todo,information_schema,_pg_foreign_tables,foreign_table_name
todo,information_schema,foreign_tables,todo,information_schema,_pg_foreign_tables,foreign_table_schema
todo,information_schema,role_column_grants,todo,information_schema,column_privileges,column_name
todo,information_schema,role_column_grants,todo,information_schema,column_privileges,grantee
todo,information_schema,role_column_grants,todo,information_schema,column_privileges,grantor
todo,information_schema,role_column_grants,todo,information_schema,column_privileges,is_grantable
todo,information_schema,role_column_grants,todo,information_schema,column_privileges,privilege_type
todo,information_schema,role_column_grants,todo,information_schema,column_privileges,table_catalog
todo,information_schema,role_column_grants,todo,information_schema,column_privileges,table_name
todo,information_schema,role_column_grants,todo,information_schema,column_privileges,table_schema
todo,information_schema,role_column_grants,todo,information_schema,enabled_roles,role_name
todo,information_schema,role_routine_grants,todo,information_schema,enabled_roles,role_name
todo,information_schema,role_routine_grants,todo,information_schema,routine_privileges,grantee
todo,information_schema,role_routine_grants,todo,information_schema,routine_privileges,grantor
todo,information_schema,role_routine_grants,todo,information_schema,routine_privileges,is_grantable
todo,information_schema,role_routine_grants,todo,information_schema,routine_privileges,privilege_type
todo,information_schema,role_routine_grants,todo,information_schema,routine_privileges,routine_catalog
todo,information_schema,role_routine_grants,todo,information_schema,routine_privileges,routine_name
todo,information_schema,role_routine_grants,todo,information_schema,routine_privileges,routine_schema
todo,information_schema,role_routine_grants,todo,information_schema,routine_privileges,specific_catalog
todo,information_schema,role_routine_grants,todo,information_schema,routine_privileges,specific_name
todo,information_schema,role_routine_grants,todo,information_schema,routine_privileges,specific_schema
todo,information_schema,role_table_grants,todo,information_schema,enabled_roles,role_name
todo,information_schema,role_table_grants,todo,information_schema,table_privileges,grantee
todo,information_schema,role_table_grants,todo,information_schema,table_privileges,grantor
todo,information_schema,role_table_grants,todo,information_schema,table_privileges,is_grantable
todo,information_schema,role_table_grants,todo,information_schema,table_privileges,privilege_type
todo,information_schema,role_table_grants,todo,information_schema,table_privileges,table_catalog
todo,information_schema,role_table_grants,todo,information_schema,table_privileges,table_name
todo,information_schema,role_table_grants,todo,information_schema,table_privileges,table_schema
todo,information_schema,role_table_grants,todo,information_schema,table_privileges,with_hierarchy
todo,information_schema,role_udt_grants,todo,information_schema,enabled_roles,role_name
todo,information_schema,role_udt_grants,todo,information_schema,udt_privileges,grantee
todo,information_schema,role_udt_grants,todo,information_schema,udt_privileges,grantor
todo,information_schema,role_udt_grants,todo,information_schema,udt_privileges,is_grantable
todo,information_schema,role_udt_grants,todo,information_schema,udt_privileges,privilege_type
todo,information_schema,role_udt_grants,todo,information_schema,udt_privileges,udt_catalog
todo,information_schema,role_udt_grants,todo,information_schema,udt_privileges,udt_name
todo,information_schema,role_udt_grants,todo,information_schema,udt_privileges,udt_schema
todo,information_schema,role_usage_grants,todo,information_schema,enabled_roles,role_name
todo,information_schema,role_usage_grants,todo,information_schema,usage_privileges,grantee
todo,information_schema,role_usage_grants,todo,information_schema,usage_privileges,grantor
todo,information_schema,role_usage_grants,todo,information_schema,usage_privileges,is_grantable
todo,information_schema,role_usage_grants,todo,information_schema,usage_privileges,object_catalog
todo,information_schema,role_usage_grants,todo,information_schema,usage_privileges,object_name
todo,information_schema,role_usage_grants,todo,information_schema,usage_privileges,object_schema
todo,information_schema,role_usage_grants,todo,information_schema,usage_privileges,object_type
todo,information_schema,role_usage_grants,todo,information_schema,usage_privileges,privilege_type
todo,information_schema,user_mapping_options,todo,information_schema,_pg_user_mappings,authorization_identifier
todo,information_schema,user_mapping_options,todo,information_schema,_pg_user_mappings,foreign_server_catalog
todo,information_schema,user_mapping_options,todo,information_schema,_pg_user_mappings,foreign_server_name
todo,information_schema,user_mapping_options,todo,information_schema,_pg_user_mappings,srvowner
todo,information_schema,user_mapping_options,todo,information_schema,_pg_user_mappings,umoptions
todo,information_schema,user_mapping_options,todo,information_schema,_pg_user_mappings,umuser
todo,information_schema,user_mappings,todo,information_schema,_pg_user_mappings,authorization_identifier
todo,information_schema,user_mappings,todo,information_schema,_pg_user_mappings,foreign_server_catalog
todo,information_schema,user_mappings,todo,information_schema,_pg_user_mappings,foreign_server_name
todo,pg_catalog,pg_stat_sys_indexes,todo,pg_catalog,pg_stat_all_indexes,idx_scan
todo,pg_catalog,pg_stat_sys_indexes,todo,pg_catalog,pg_stat_all_indexes,idx_tup_fetch
todo,pg_catalog,pg_stat_sys_indexes,todo,pg_catalog,pg_stat_all_indexes,idx_tup_read
todo,pg_catalog,pg_stat_sys_indexes,todo,pg_catalog,pg_stat_all_indexes,indexrelid
todo,pg_catalog,pg_stat_sys_indexes,todo,pg_catalog,pg_stat_all_indexes,indexrelname
todo,pg_catalog,pg_stat_sys_indexes,todo,pg_catalog,pg_stat_all_indexes,relid
todo,pg_catalog,pg_stat_sys_indexes,todo,pg_catalog,pg_stat_all_indexes,relname
todo,pg_catalog,pg_stat_sys_indexes,todo,pg_catalog,pg_stat_all_indexes,schemaname
todo,pg_catalog,pg_stat_sys_tables,todo,pg_catalog,pg_stat_all_tables,analyze_count
todo,pg_catalog,pg_stat_sys_tables,todo,pg_catalog,pg_stat_all_tables,autoanalyze_count
todo,pg_catalog,pg_stat_sys_tables,todo,pg_catalog,pg_stat_all_tables,autovacuum_count
todo,pg_catalog,pg_stat_sys_tables,todo,pg_catalog,pg_stat_all_tables,idx_scan
todo,pg_catalog,pg_stat_sys_tables,todo,pg_catalog,pg_stat_all_tables,idx_tup_fetch
todo,pg_catalog,pg_stat_sys_tables,todo,pg_catalog,pg_stat_all_tables,last_analyze
todo,pg_catalog,pg_stat_sys_tables,todo,pg_catalog,pg_stat_all_tables,last_autoanalyze
todo,pg_catalog,pg_stat_sys_tables,todo,pg_catalog,pg_stat_all_tables,last_autovacuum
todo,pg_catalog,pg_stat_sys_tables,todo,pg_catalog,pg_stat_all_tables,last_vacuum
todo,pg_catalog,pg_stat_sys_tables,todo,pg_catalog,pg_stat_all_tables,n_dead_tup
todo,pg_catalog,pg_stat_sys_tables,todo,pg_catalog,pg_stat_all_tables,n_ins_since_vacuum
todo,pg_catalog,pg_stat_sys_tables,todo,pg_catalog,pg_stat_all_tables,n_live_tup
todo,pg_catalog,pg_stat_sys_tables,todo,pg_catalog,pg_stat_all_tables,n_mod_since_analyze
todo,pg_catalog,pg_stat_sys_tables,todo,pg_catalog,pg_stat_all_tables,n_tup_del
todo,pg_catalog,pg_stat_sys_tables,todo,pg_catalog,pg_stat_all_tables,n_tup_hot_upd
todo,pg_catalog,pg_stat_sys_tables,todo,pg_catalog,pg_stat_all_tables,n_tup_ins
todo,pg_catalog,pg_stat_sys_tables,todo,pg_catalog,pg_stat_all_tables,n_tup_upd
todo,pg_catalog,pg_stat_sys_tables,todo,pg_catalog,pg_stat_all_tables,relid
todo,pg_catalog,pg_stat_sys_tables,todo,pg_catalog,pg_stat_all_tables,relname
todo,pg_catalog,pg_stat_sys_tables,todo,pg_catalog,pg_stat_all_tables,schemaname
todo,pg_catalog,pg_stat_sys_tables,todo,pg_catalog,pg_stat_all_tables,seq_scan
todo,pg_catalog,pg_stat_sys_tables,todo,pg_catalog,pg_stat_all_tables,seq_tup_read
todo,pg_catalog,pg_stat_sys_tables,todo,pg_catalog,pg_stat_all_tables,vacuum_count
todo,pg_catalog,pg_stat_user_indexes,todo,pg_catalog,pg_stat_all_indexes,idx_scan
todo,pg_catalog,pg_stat_user_indexes,todo,pg_catalog,pg_stat_all_indexes,idx_tup_fetch
todo,pg_catalog,pg_stat_user_indexes,todo,pg_catalog,pg_stat_all_indexes,idx_tup_read
todo,pg_catalog,pg_stat_user_indexes,todo,pg_catalog,pg_stat_all_indexes,indexrelid
todo,pg_catalog,pg_stat_user_indexes,todo,pg_catalog,pg_stat_all_indexes,indexrelname
todo,pg_catalog,pg_stat_user_indexes,todo,pg_catalog,pg_stat_all_indexes,relid
todo,pg_catalog,pg_stat_user_indexes,todo,pg_catalog,pg_stat_all_indexes,relname
todo,pg_catalog,pg_stat_user_indexes,todo,pg_catalog,pg_stat_all_indexes,schemaname
todo,pg_catalog,pg_stat_user_tables,todo,pg_catalog,pg_stat_all_tables,analyze_count
todo,pg_catalog,pg_stat_user_tables,todo,pg_catalog,pg_stat_all_tables,autoanalyze_count
todo,pg_catalog,pg_stat_user_tables,todo,pg_catalog,pg_stat_all_tables,autovacuum_count
todo,pg_catalog,pg_stat_user_tables,todo,pg_catalog,pg_stat_all_tables,idx_scan
todo,pg_catalog,pg_stat_user_tables,todo,pg_catalog,pg_stat_all_tables,idx_tup_fetch
todo,pg_catalog,pg_stat_user_tables,todo,pg_catalog,pg_stat_all_tables,last_analyze
todo,pg_catalog,pg_stat_user_tables,todo,pg_catalog,pg_stat_all_tables,last_autoanalyze
todo,pg_catalog,pg_stat_user_tables,todo,pg_catalog,pg_stat_all_tables,last_autovacuum
todo,pg_catalog,pg_stat_user_tables,todo,pg_catalog,pg_stat_all_tables,last_vacuum
todo,pg_catalog,pg_stat_user_tables,todo,pg_catalog,pg_stat_all_tables,n_dead_tup
todo,pg_catalog,pg_stat_user_tables,todo,pg_catalog,pg_stat_all_tables,n_ins_since_vacuum
todo,pg_catalog,pg_stat_user_tables,todo,pg_catalog,pg_stat_all_tables,n_live_tup
todo,pg_catalog,pg_stat_user_tables,todo,pg_catalog,pg_stat_all_tables,n_mod_since_analyze
todo,pg_catalog,pg_stat_user_tables,todo,pg_catalog,pg_stat_all_tables,n_tup_del
todo,pg_catalog,pg_stat_user_tables,todo,pg_catalog,pg_stat_all_tables,n_tup_hot_upd
todo,pg_catalog,pg_stat_user_tables,todo,pg_catalog,pg_stat_all_tables,n_tup_ins
todo,pg_catalog,pg_stat_user_tables,todo,pg_catalog,pg_stat_all_tables,n_tup_upd
todo,pg_catalog,pg_stat_user_tables,todo,pg_catalog,pg_stat_all_tables,relid
todo,pg_catalog,pg_stat_user_tables,todo,pg_catalog,pg_stat_all_tables,relname
todo,pg_catalog,pg_stat_user_tables,todo,pg_catalog,pg_stat_all_tables,schemaname
todo,pg_catalog,pg_stat_user_tables,todo,pg_catalog,pg_stat_all_tables,seq_scan
todo,pg_catalog,pg_stat_user_tables,todo,pg_catalog,pg_stat_all_tables,seq_tup_read
todo,pg_catalog,pg_stat_user_tables,todo,pg_catalog,pg_stat_all_tables,vacuum_count
todo,pg_catalog,pg_stat_xact_sys_tables,todo,pg_catalog,pg_stat_xact_all_tables,idx_scan
todo,pg_catalog,pg_stat_xact_sys_tables,todo,pg_catalog,pg_stat_xact_all_tables,idx_tup_fetch
todo,pg_catalog,pg_stat_xact_sys_tables,todo,pg_catalog,pg_stat_xact_all_tables,n_tup_del
todo,pg_catalog,pg_stat_xact_sys_tables,todo,pg_catalog,pg_stat_xact_all_tables,n_tup_hot_upd
todo,pg_catalog,pg_stat_xact_sys_tables,todo,pg_catalog,pg_stat_xact_all_tables,n_tup_ins
todo,pg_catalog,pg_stat_xact_sys_tables,todo,pg_catalog,pg_stat_xact_all_tables,n_tup_upd
todo,pg_catalog,pg_stat_xact_sys_tables,todo,pg_catalog,pg_stat_xact_all_tables,relid
todo,pg_catalog,pg_stat_xact_sys_tables,todo,pg_catalog,pg_stat_xact_all_tables,relname
todo,pg_catalog,pg_stat_xact_sys_tables,todo,pg_catalog,pg_stat_xact_all_tables,schemaname
todo,pg_catalog,pg_stat_xact_sys_tables,todo,pg_catalog,pg_stat_xact_all_tables,seq_scan
todo,pg_catalog,pg_stat_xact_sys_tables,todo,pg_catalog,pg_stat_xact_all_tables,seq_tup_read
todo,pg_catalog,pg_stat_xact_user_tables,todo,pg_catalog,pg_stat_xact_all_tables,idx_scan
todo,pg_catalog,pg_stat_xact_user_tables,todo,pg_catalog,pg_stat_xact_all_tables,idx_tup_fetch
todo,pg_catalog,pg_stat_xact_user_tables,todo,pg_catalog,pg_stat_xact_all_tables,n_tup_del
todo,pg_catalog,pg_stat_xact_user_tables,todo,pg_catalog,pg_stat_xact_all_tables,n_tup_hot_upd
todo,pg_catalog,pg_stat_xact_user_tables,todo,pg_catalog,pg_stat_xact_all_tables,n_tup_ins
todo,pg_catalog,pg_stat_xact_user_tables,todo,pg_catalog,pg_stat_xact_all_tables,n_tup_upd
todo,pg_catalog,pg_stat_xact_user_tables,todo,pg_catalog,pg_stat_xact_all_tables,relid
todo,pg_catalog,pg_stat_xact_user_tables,todo,pg_catalog,pg_stat_xact_all_tables,relname
todo,pg_catalog,pg_stat_xact_user_tables,todo,pg_catalog,pg_stat_xact_all_tables,schemaname
todo,pg_catalog,pg_stat_xact_user_tables,todo,pg_catalog,pg_stat_xact_all_tables,seq_scan
todo,pg_catalog,pg_stat_xact_user_tables,todo,pg_catalog,pg_stat_xact_all_tables,seq_tup_read
todo,pg_catalog,pg_statio_sys_indexes,todo,pg_catalog,pg_statio_all_indexes,idx_blks_hit
todo,pg_catalog,pg_statio_sys_indexes,todo,pg_catalog,pg_statio_all_indexes,idx_blks_read
todo,pg_catalog,pg_statio_sys_indexes,todo,pg_catalog,pg_statio_all_indexes,indexrelid
todo,pg_catalog,pg_statio_sys_indexes,todo,pg_catalog,pg_statio_all_indexes,indexrelname
todo,pg_catalog,pg_statio_sys_indexes,todo,pg_catalog,pg_statio_all_indexes,relid
todo,pg_catalog,pg_statio_sys_indexes,todo,pg_catalog,pg_statio_all_indexes,relname
todo,pg_catalog,pg_statio_sys_indexes,todo,pg_catalog,pg_statio_all_indexes,schemaname
todo,pg_catalog,pg_statio_sys_sequences,todo,pg_catalog,pg_statio_all_sequences,blks_hit
todo,pg_catalog,pg_statio_sys_sequences,todo,pg_catalog,pg_statio_all_sequences,blks_read
todo,pg_catalog,pg_statio_sys_sequences,todo,pg_catalog,pg_statio_all_sequences,relid
todo,pg_catalog,pg_statio_sys_sequences,todo,pg_catalog,pg_statio_all_sequences,relname
todo,pg_catalog,pg_statio_sys_sequences,todo,pg_catalog,pg_statio_all_sequences,schemaname
todo,pg_catalog,pg_statio_sys_tables,todo,pg_catalog,pg_statio_all_tables,heap_blks_hit
todo,pg_catalog,pg_statio_sys_tables,todo,pg_catalog,pg_statio_all_tables,heap_blks_read
todo,pg_catalog,pg_statio_sys_tables,todo,pg_catalog,pg_statio_all_tables,idx_blks_hit
todo,pg_catalog,pg_statio_sys_tables,todo,pg_catalog,pg_statio_all_tables,idx_blks_read
todo,pg_catalog,pg_statio_sys_tables,todo,pg_catalog,pg_statio_all_tables,relid
todo,pg_catalog,pg_statio_sys_tables,todo,pg_catalog,pg_statio_all_tables,relname
todo,pg_catalog,pg_statio_sys_tables,todo,pg_catalog,pg_statio_all_tables,schemaname
todo,pg_catalog,pg_statio_sys_tables,todo,pg_catalog,pg_statio_all_tables,tidx_blks_hit
todo,pg_catalog,pg_statio_sys_tables,todo,pg_catalog,pg_statio_all_tables,tidx_blks_read
todo,pg_catalog,pg_statio_sys_tables,todo,pg_catalog,pg_statio_all_tables,toast_blks_hit
todo,pg_catalog,pg_statio_sys_tables,todo,pg_catalog,pg_statio_all_tables,toast_blks_read
todo,pg_catalog,pg_statio_user_indexes,todo,pg_catalog,pg_statio_all_indexes,idx_blks_hit
todo,pg_catalog,pg_statio_user_indexes,todo,pg_catalog,pg_statio_all_indexes,idx_blks_read
todo,pg_catalog,pg_statio_user_indexes,todo,pg_catalog,pg_statio_all_indexes,indexrelid
todo,pg_catalog,pg_statio_user_indexes,todo,pg_catalog,pg_statio_all_indexes,indexrelname
todo,pg_catalog,pg_statio_user_indexes,todo,pg_catalog,pg_statio_all_indexes,relid
todo,pg_catalog,pg_statio_user_indexes,todo,pg_catalog,pg_statio_all_indexes,relname
todo,pg_catalog,pg_statio_user_indexes,todo,pg_catalog,pg_statio_all_indexes,schemaname
todo,pg_catalog,pg_statio_user_sequences,todo,pg_catalog,pg_statio_all_sequences,blks_hit
todo,pg_catalog,pg_statio_user_sequences,todo,pg_catalog,pg_statio_all_sequences,blks_read
todo,pg_catalog,pg_statio_user_sequences,todo,pg_catalog,pg_statio_all_sequences,relid
todo,pg_catalog,pg_statio_user_sequences,todo,pg_catalog,pg_statio_all_sequences,relname
todo,pg_catalog,pg_statio_user_sequences,todo,pg_catalog,pg_statio_all_sequences,schemaname
todo,pg_catalog,pg_statio_user_tables,todo,pg_catalog,pg_statio_all_tables,heap_blks_hit
todo,pg_catalog,pg_statio_user_tables,todo,pg_catalog,pg_statio_all_tables,heap_blks_read
todo,pg_catalog,pg_statio_user_tables,todo,pg_catalog,pg_statio_all_tables,idx_blks_hit
todo,pg_catalog,pg_statio_user_tables,todo,pg_catalog,pg_statio_all_tables,idx_blks_read
todo,pg_catalog,pg_statio_user_tables,todo,pg_catalog,pg_statio_all_tables,relid
todo,pg_catalog,pg_statio_user_tables,todo,pg_catalog,pg_statio_all_tables,relname
todo,pg_catalog,pg_statio_user_tables,todo,pg_catalog,pg_statio_all_tables,schemaname
todo,pg_catalog,pg_statio_user_tables,todo,pg_catalog,pg_statio_all_tables,tidx_blks_hit
todo,pg_catalog,pg_statio_user_tables,todo,pg_catalog,pg_statio_all_tables,tidx_blks_read
todo,pg_catalog,pg_statio_user_tables,todo,pg_catalog,pg_statio_all_tables,toast_blks_hit
todo,pg_catalog,pg_statio_user_tables,todo,pg_catalog,pg_statio_all_tables,toast_blks_read
todo,pg_catalog,pg_user,todo,pg_catalog,pg_shadow,usebypassrls
todo,pg_catalog,pg_user,todo,pg_catalog,pg_shadow,useconfig
todo,pg_catalog,pg_user,todo,pg_catalog,pg_shadow,usecreatedb
todo,pg_catalog,pg_user,todo,pg_catalog,pg_shadow,usename
todo,pg_catalog,pg_user,todo,pg_catalog,pg_shadow,userepl
todo,pg_catalog,pg_user,todo,pg_catalog,pg_shadow,usesuper
todo,pg_catalog,pg_user,todo,pg_catalog,pg_shadow,usesysid
todo,pg_catalog,pg_user,todo,pg_catalog,pg_shadow,valuntil
