2619,1259,0,i,{postgres=arwdDxt/postgres}
1247,1259,0,i,"{postgres=arwdDxt/postgres,=r/postgres}"
3118,1259,0,i,"{postgres=arwdDxt/postgres,=r/postgres}"
1260,1259,0,i,{postgres=arwdDxt/postgres}
12091,1259,0,i,{postgres=arwdDxt/postgres}
3429,1259,0,i,{postgres=arwdDxt/postgres}
12087,1259,0,i,"{postgres=arwdDxt/postgres,=r/postgres}"
12165,1259,0,i,"{postgres=arwdDxt/postgres,=rw/postgres}"
12170,1259,0,i,{postgres=arwdDxt/postgres}
12173,1259,0,i,{postgres=arwdDxt/postgres}
12182,1259,0,i,{postgres=arwdDxt/postgres}
12185,1259,0,i,{postgres=arwdDxt/postgres}
12158,1259,0,i,"{postgres=arwdDxt/postgres,=r/postgres}"
2613,1259,0,i,{postgres=arwdDxt/postgres}
1418,1259,0,i,{postgres=arwdDxt/postgres}
12302,1259,0,i,"{postgres=arwdDxt/postgres,=r/postgres}"
12322,1259,0,i,{postgres=arwdDxt/postgres}
6100,1259,0,i,{postgres=arwdDxt/postgres}
1249,1259,0,i,"{postgres=arwdDxt/postgres,=r/postgres}"
1255,1259,0,i,"{postgres=arwdDxt/postgres,=r/postgres}"
1259,1259,0,i,"{postgres=arwdDxt/postgres,=r/postgres}"
2604,1259,0,i,"{postgres=arwdDxt/postgres,=r/postgres}"
2606,1259,0,i,"{postgres=arwdDxt/postgres,=r/postgres}"
2611,1259,0,i,"{postgres=arwdDxt/postgres,=r/postgres}"
2610,1259,0,i,"{postgres=arwdDxt/postgres,=r/postgres}"
2617,1259,0,i,"{postgres=arwdDxt/postgres,=r/postgres}"
2753,1259,0,i,"{postgres=arwdDxt/postgres,=r/postgres}"
2616,1259,0,i,"{postgres=arwdDxt/postgres,=r/postgres}"
2601,1259,0,i,"{postgres=arwdDxt/postgres,=r/postgres}"
2602,1259,0,i,"{postgres=arwdDxt/postgres,=r/postgres}"
2603,1259,0,i,"{postgres=arwdDxt/postgres,=r/postgres}"
2612,1259,0,i,"{postgres=arwdDxt/postgres,=r/postgres}"
2995,1259,0,i,"{postgres=arwdDxt/postgres,=r/postgres}"
2600,1259,0,i,"{postgres=arwdDxt/postgres,=r/postgres}"
3381,1259,0,i,"{postgres=arwdDxt/postgres,=r/postgres}"
2618,1259,0,i,"{postgres=arwdDxt/postgres,=r/postgres}"
2620,1259,0,i,"{postgres=arwdDxt/postgres,=r/postgres}"
3466,1259,0,i,"{postgres=arwdDxt/postgres,=r/postgres}"
2609,1259,0,i,"{postgres=arwdDxt/postgres,=r/postgres}"
2605,1259,0,i,"{postgres=arwdDxt/postgres,=r/postgres}"
12306,1259,0,i,"{postgres=arwdDxt/postgres,=r/postgres}"
12310,1259,0,i,"{postgres=arwdDxt/postgres,=r/postgres}"
12314,1259,0,i,"{postgres=arwdDxt/postgres,=r/postgres}"
12318,1259,0,i,"{postgres=arwdDxt/postgres,=r/postgres}"
3501,1259,0,i,"{postgres=arwdDxt/postgres,=r/postgres}"
2615,1259,0,i,"{postgres=arwdDxt/postgres,=r/postgres}"
2607,1259,0,i,"{postgres=arwdDxt/postgres,=r/postgres}"
2608,1259,0,i,"{postgres=arwdDxt/postgres,=r/postgres}"
1262,1259,0,i,"{postgres=arwdDxt/postgres,=r/postgres}"
2964,1259,0,i,"{postgres=arwdDxt/postgres,=r/postgres}"
1213,1259,0,i,"{postgres=arwdDxt/postgres,=r/postgres}"
1261,1259,0,i,"{postgres=arwdDxt/postgres,=r/postgres}"
1214,1259,0,i,"{postgres=arwdDxt/postgres,=r/postgres}"
2396,1259,0,i,"{postgres=arwdDxt/postgres,=r/postgres}"
3602,1259,0,i,"{postgres=arwdDxt/postgres,=r/postgres}"
3603,1259,0,i,"{postgres=arwdDxt/postgres,=r/postgres}"
3600,1259,0,i,"{postgres=arwdDxt/postgres,=r/postgres}"
3601,1259,0,i,"{postgres=arwdDxt/postgres,=r/postgres}"
3764,1259,0,i,"{postgres=arwdDxt/postgres,=r/postgres}"
3079,1259,0,i,"{postgres=arwdDxt/postgres,=r/postgres}"
2328,1259,0,i,"{postgres=arwdDxt/postgres,=r/postgres}"
1417,1259,0,i,"{postgres=arwdDxt/postgres,=r/postgres}"
3256,1259,0,i,"{postgres=arwdDxt/postgres,=r/postgres}"
6000,1259,0,i,"{postgres=arwdDxt/postgres,=r/postgres}"
826,1259,0,i,"{postgres=arwdDxt/postgres,=r/postgres}"
3394,1259,0,i,"{postgres=arwdDxt/postgres,=r/postgres}"
3596,1259,0,i,"{postgres=arwdDxt/postgres,=r/postgres}"
3592,1259,0,i,"{postgres=arwdDxt/postgres,=r/postgres}"
3456,1259,0,i,"{postgres=arwdDxt/postgres,=r/postgres}"
3350,1259,0,i,"{postgres=arwdDxt/postgres,=r/postgres}"
3541,1259,0,i,"{postgres=arwdDxt/postgres,=r/postgres}"
3576,1259,0,i,"{postgres=arwdDxt/postgres,=r/postgres}"
2224,1259,0,i,"{postgres=arwdDxt/postgres,=r/postgres}"
6104,1259,0,i,"{postgres=arwdDxt/postgres,=r/postgres}"
6106,1259,0,i,"{postgres=arwdDxt/postgres,=r/postgres}"
6102,1259,0,i,"{postgres=arwdDxt/postgres,=r/postgres}"
12095,1259,0,i,"{postgres=arwdDxt/postgres,=r/postgres}"
12098,1259,0,i,"{postgres=arwdDxt/postgres,=r/postgres}"
12101,1259,0,i,"{postgres=arwdDxt/postgres,=r/postgres}"
12105,1259,0,i,"{postgres=arwdDxt/postgres,=r/postgres}"
12109,1259,0,i,"{postgres=arwdDxt/postgres,=r/postgres}"
12113,1259,0,i,"{postgres=arwdDxt/postgres,=r/postgres}"
12117,1259,0,i,"{postgres=arwdDxt/postgres,=r/postgres}"
12121,1259,0,i,"{postgres=arwdDxt/postgres,=r/postgres}"
12125,1259,0,i,"{postgres=arwdDxt/postgres,=r/postgres}"
12129,1259,0,i,"{postgres=arwdDxt/postgres,=r/postgres}"
12133,1259,0,i,"{postgres=arwdDxt/postgres,=r/postgres}"
12137,1259,0,i,"{postgres=arwdDxt/postgres,=r/postgres}"
12141,1259,0,i,"{postgres=arwdDxt/postgres,=r/postgres}"
12144,1259,0,i,"{postgres=arwdDxt/postgres,=r/postgres}"
12147,1259,0,i,"{postgres=arwdDxt/postgres,=r/postgres}"
12150,1259,0,i,"{postgres=arwdDxt/postgres,=r/postgres}"
12154,1259,0,i,"{postgres=arwdDxt/postgres,=r/postgres}"
12161,1259,0,i,"{postgres=arwdDxt/postgres,=r/postgres}"
12217,1259,0,i,"{postgres=arwdDxt/postgres,=r/postgres}"
12220,1259,0,i,"{postgres=arwdDxt/postgres,=r/postgres}"
12176,1259,0,i,"{postgres=arwdDxt/postgres,=r/postgres}"
12179,1259,0,i,"{postgres=arwdDxt/postgres,=r/postgres}"
12224,1259,0,i,"{postgres=arwdDxt/postgres,=r/postgres}"
12188,1259,0,i,"{postgres=arwdDxt/postgres,=r/postgres}"
12192,1259,0,i,"{postgres=arwdDxt/postgres,=r/postgres}"
12196,1259,0,i,"{postgres=arwdDxt/postgres,=r/postgres}"
12200,1259,0,i,"{postgres=arwdDxt/postgres,=r/postgres}"
12203,1259,0,i,"{postgres=arwdDxt/postgres,=r/postgres}"
12207,1259,0,i,"{postgres=arwdDxt/postgres,=r/postgres}"
12210,1259,0,i,"{postgres=arwdDxt/postgres,=r/postgres}"
12214,1259,0,i,"{postgres=arwdDxt/postgres,=r/postgres}"
12227,1259,0,i,"{postgres=arwdDxt/postgres,=r/postgres}"
12230,1259,0,i,"{postgres=arwdDxt/postgres,=r/postgres}"
12234,1259,0,i,"{postgres=arwdDxt/postgres,=r/postgres}"
12237,1259,0,i,"{postgres=arwdDxt/postgres,=r/postgres}"
12240,1259,0,i,"{postgres=arwdDxt/postgres,=r/postgres}"
12244,1259,0,i,"{postgres=arwdDxt/postgres,=r/postgres}"
12247,1259,0,i,"{postgres=arwdDxt/postgres,=r/postgres}"
12250,1259,0,i,"{postgres=arwdDxt/postgres,=r/postgres}"
12254,1259,0,i,"{postgres=arwdDxt/postgres,=r/postgres}"
12258,1259,0,i,"{postgres=arwdDxt/postgres,=r/postgres}"
12261,1259,0,i,"{postgres=arwdDxt/postgres,=r/postgres}"
12264,1259,0,i,"{postgres=arwdDxt/postgres,=r/postgres}"
12267,1259,0,i,"{postgres=arwdDxt/postgres,=r/postgres}"
12270,1259,0,i,"{postgres=arwdDxt/postgres,=r/postgres}"
12273,1259,0,i,"{postgres=arwdDxt/postgres,=r/postgres}"
12277,1259,0,i,"{postgres=arwdDxt/postgres,=r/postgres}"
12281,1259,0,i,"{postgres=arwdDxt/postgres,=r/postgres}"
12284,1259,0,i,"{postgres=arwdDxt/postgres,=r/postgres}"
12288,1259,0,i,"{postgres=arwdDxt/postgres,=r/postgres}"
12292,1259,0,i,"{postgres=arwdDxt/postgres,=r/postgres}"
12295,1259,0,i,"{postgres=arwdDxt/postgres,=r/postgres}"
12298,1259,0,i,"{postgres=arwdDxt/postgres,=r/postgres}"
6100,1259,2,i,{=r/postgres}
6100,1259,3,i,{=r/postgres}
6100,1259,4,i,{=r/postgres}
6100,1259,5,i,{=r/postgres}
6100,1259,7,i,{=r/postgres}
6100,1259,9,i,{=r/postgres}
2623,1255,0,i,{postgres=X/postgres}
2173,1255,0,i,{postgres=X/postgres}
3307,1255,0,i,{postgres=X/postgres}
3828,1255,0,i,{postgres=X/postgres}
3827,1255,0,i,{postgres=X/postgres}
2625,1255,0,i,{postgres=X/postgres}
3297,1255,0,i,{postgres=X/postgres}
3329,1255,0,i,{postgres=X/postgres}
3401,1255,0,i,{postgres=X/postgres}
3400,1255,0,i,{postgres=X/postgres}
5052,1255,0,i,{postgres=X/postgres}
2621,1255,0,i,{postgres=X/postgres}
3800,1255,0,i,{postgres=X/postgres}
2172,1255,0,i,{postgres=X/postgres}
2739,1255,0,i,{postgres=X/postgres}
3098,1255,0,i,{postgres=X/postgres}
2848,1255,0,i,{postgres=X/postgres}
3071,1255,0,i,{postgres=X/postgres}
3072,1255,0,i,{postgres=X/postgres}
2622,1255,0,i,{postgres=X/postgres}
3801,1255,0,i,{postgres=X/postgres}
3436,1255,0,i,{postgres=X/postgres}
2274,1255,0,i,{postgres=X/postgres}
3775,1255,0,i,{postgres=X/postgres}
2307,1255,0,i,{postgres=X/postgres}
3776,1255,0,i,{postgres=X/postgres}
3777,1255,0,i,{postgres=X/postgres}
764,1255,0,i,{postgres=X/postgres}
767,1255,0,i,{postgres=X/postgres}
765,1255,0,i,{postgres=X/postgres}
3826,1255,0,i,{postgres=X/postgres}
2624,1255,0,i,{postgres=X/postgres}
3293,1255,0,i,{postgres=X/postgres}
3295,1255,0,i,{postgres=X/postgres}
3353,1255,0,i,"{postgres=X/postgres,pg_monitor=X/postgres}"
3354,1255,0,i,"{postgres=X/postgres,pg_monitor=X/postgres}"
5031,1255,0,i,"{postgres=X/postgres,pg_monitor=X/postgres}"
5029,1255,0,i,"{postgres=X/postgres,pg_monitor=X/postgres}"
5030,1255,0,i,"{postgres=X/postgres,pg_monitor=X/postgres}"
11,2615,0,i,"{postgres=UC/postgres,=U/postgres}"
2200,2615,0,i,"{postgres=UC/postgres,=UC/postgres}"
