todo,information_schema,attributes,todo,information_schema,_pg_char_max_length_13163
todo,information_schema,attributes,todo,information_schema,_pg_char_octet_length_13164
todo,information_schema,attributes,todo,information_schema,_pg_datetime_precision_13168
todo,information_schema,attributes,todo,information_schema,_pg_interval_type_13169
todo,information_schema,attributes,todo,information_schema,_pg_numeric_precision_13165
todo,information_schema,attributes,todo,information_schema,_pg_numeric_precision_radix_13166
todo,information_schema,attributes,todo,information_schema,_pg_numeric_scale_13167
todo,information_schema,attributes,todo,information_schema,_pg_truetypid_13161
todo,information_schema,attributes,todo,information_schema,_pg_truetypmod_13162
todo,information_schema,columns,todo,information_schema,_pg_char_max_length_13163
todo,information_schema,columns,todo,information_schema,_pg_char_octet_length_13164
todo,information_schema,columns,todo,information_schema,_pg_datetime_precision_13168
todo,information_schema,columns,todo,information_schema,_pg_interval_type_13169
todo,information_schema,columns,todo,information_schema,_pg_numeric_precision_13165
todo,information_schema,columns,todo,information_schema,_pg_numeric_precision_radix_13166
todo,information_schema,columns,todo,information_schema,_pg_numeric_scale_13167
todo,information_schema,columns,todo,information_schema,_pg_truetypid_13161
todo,information_schema,columns,todo,information_schema,_pg_truetypmod_13162
todo,information_schema,domains,todo,information_schema,_pg_char_max_length_13163
todo,information_schema,domains,todo,information_schema,_pg_char_octet_length_13164
todo,information_schema,domains,todo,information_schema,_pg_datetime_precision_13168
todo,information_schema,domains,todo,information_schema,_pg_interval_type_13169
todo,information_schema,domains,todo,information_schema,_pg_numeric_precision_13165
todo,information_schema,domains,todo,information_schema,_pg_numeric_precision_radix_13166
todo,information_schema,domains,todo,information_schema,_pg_numeric_scale_13167
todo,information_schema,element_types,todo,information_schema,_pg_expandarray_13159
todo,information_schema,key_column_usage,todo,information_schema,_pg_expandarray_13159
todo,information_schema,key_column_usage,todo,information_schema,_pg_index_position_13160
todo,information_schema,parameters,todo,information_schema,_pg_expandarray_13159
todo,information_schema,sequences,todo,information_schema,_pg_numeric_precision_13165
todo,information_schema,triggered_update_columns,todo,information_schema,_pg_expandarray_13159
