todo,information_schema,sql_identifier,name,,,,,,todo,pg_catalog,C,,,,,,,,todo,pg_catalog,name,,,,,1
todo,information_schema,cardinal_number,integer,,,,,,,,,32,2,0,,,,,todo,pg_catalog,int4,,,,,1
todo,information_schema,character_data,character varying,,1073741824,,,,todo,pg_catalog,C,,,,,,,,todo,pg_catalog,varchar,,,,,1
todo,information_schema,yes_or_no,character varying,3,12,,,,todo,pg_catalog,C,,,,,,,,todo,pg_catalog,varchar,,,,,1
todo,information_schema,time_stamp,timestamp with time zone,,,,,,,,,,,,2,,,CURRENT_TIMESTAMP(2),todo,pg_catalog,timestamptz,,,,,1
